3.0,-0.50866,-0.45678,-0.26843,-0.0059191,0.23268000000000003,0.49596,0.6952,0.93878,nan,nan,1.3724,1.4014,1.2981,1.1834,1.0496,0.8929299999999999,0.63967,nan,0.11799000000000001,-0.14072,nan,-0.54359,-0.5572600000000001,-0.39963000000000004,nan,0.037823,0.2686,0.49772,nan,0.9567200000000001,1.2119,nan,1.4468,nan,nan,1.335,1.4029,1.4609999999999999,1.5090000000000001,1.5338,nan,1.3894,1.2135,0.9867299999999999,0.71426,0.47112,0.19798,-0.056174,-0.3343,-0.4844,-1.0638,-1.0638,-1.0638,-1.0638,-1.0638,-1.0638,nan,nan,-1.0638,-1.0638,nan,-1.0638,-1.0638,-1.0638,-1.0638,-1.0638,-1.0638,-1.0638,-1.0638,-1.0638,-1.0638,nan,-1.0638,-1.0638,-1.0638,-1.0638,-1.0638,-1.0638,-1.0638,nan
2.0,-0.83919,-0.79965,-0.5764,-0.26927,0.084991,nan,0.47944,0.8395299999999999,1.1471,1.3037,1.4035,nan,1.4692,1.3411,1.173,nan,0.67332,0.5829,0.2991,0.030086,-0.12769,-0.44583999999999996,-0.7630899999999999,-0.93156,-1.0090000000000001,nan,nan,-0.20243,nan,0.42589,0.74865,1.0774,1.4102,1.5429,1.4863,1.3806,1.3201,1.3072,1.4089,1.5432,nan,1.6947,1.5139,1.1822,0.83383,0.45771999999999996,0.088686,nan,-0.55721,-0.81197,nan,-0.18299,-0.51067,-0.7054600000000001,-0.95801,-1.2619,-1.4679,-1.5703,nan,-1.2377,-0.97234,-0.7393,-0.47358999999999996,-0.24768,nan,-0.16957,-0.37434,-0.56194,-0.80957,-1.0631,-1.3304,nan,nan,-1.3693,-1.177,-1.1262,-1.0048,-0.8292700000000001,-0.5373100000000001,-0.25261
3.0,-1.0049,-0.9446899999999999,-0.6513399999999999,-0.34895,nan,0.27047,0.6068600000000001,0.7754300000000001,nan,1.3705,nan,nan,1.4412,1.2801,1.1493,0.94799,0.7579,0.51637,nan,-0.064345,-0.31381,-0.61446,-0.9132899999999999,-0.99108,-0.92814,nan,-0.49138000000000004,-0.14443,nan,0.52036,0.8593799999999999,1.2013,nan,1.54,1.5273,1.4378,nan,nan,nan,1.5475,1.7003,nan,1.3101,nan,nan,0.2728,nan,-0.44448999999999994,nan,-0.8847700000000001,0.030128,nan,0.013788,nan,-0.49393000000000004,-0.72583,-1.0259,-1.3067,-1.4903,nan,-1.3822,-1.2568,-1.0084,-0.77323,-0.51222,-0.33876999999999996,-0.23534000000000002,-0.40926,-0.61035,nan,-1.1941,-1.3953,nan,-1.4686,-1.2778,-1.0309,-0.8562,-0.6470600000000001,-0.45998,-0.21993000000000001
3.0,-0.9774700000000001,-0.8765299999999999,-0.76081,-0.43686,-0.10457000000000001,0.20867,0.5063,0.74446,1.1035,1.1522,1.1985,1.2083,1.1296,1.0003,0.8226399999999999,0.63013,0.46213000000000004,0.036779,nan,-0.45452,-0.72837,-0.91945,-0.9995299999999999,nan,nan,nan,nan,nan,nan,nan,1.3501,1.6524,1.7624,1.6235,1.4634,1.2045,1.0586,1.2522,1.5204,1.7055,1.8129,1.7492,1.5659,1.1386,0.74692,0.29061,-0.030976999999999998,-0.31094,nan,-0.9679700000000001,-0.053269000000000004,0.03474,nan,-0.31025,-0.68101,-0.8586,-1.1144,nan,-1.5147,nan,-1.3792,nan,nan,-0.61455,-0.31145,-0.15796,-0.13655,nan,-0.55115,-0.8317700000000001,-1.1039,-1.2534,nan,-1.4646,-1.3921,-1.2315,-1.0174,-0.72397,-0.39738,-0.18438
2.0,-0.903,-0.8144600000000001,-0.63089,-0.28441,-0.04902,nan,nan,0.8524200000000001,0.9734799999999999,nan,1.2912,1.2502,nan,nan,1.1049,0.87184,0.74021,0.56172,0.3471,0.068854,nan,-0.51461,-0.73932,nan,-0.9995700000000001,-0.7601,-0.43835,-0.090869,nan,0.54135,0.90459,nan,1.5051,1.5359,1.3774,nan,1.3017,nan,1.485,1.6096,1.6076,1.6429,1.4403,1.0762,0.73206,0.37077,nan,-0.34149,nan,-0.9093700000000001,nan,nan,0.017561,-0.38606,-0.78389,-1.0894,-1.3745,-1.6780000000000002,-1.6507,-1.6003,-1.2994,-0.9367,-0.64105,-0.32225,-0.035916000000000003,0.048313,-0.088921,nan,-0.60221,-0.9028799999999999,-1.1641,-1.3796,-1.5499,-1.6474,-1.4958,-1.2182,-1.0081,-0.78288,-0.52577,nan
3.0,-0.9210200000000001,-0.8951100000000001,-0.7295,-0.40625,-0.11316,0.17761,nan,0.8468200000000001,1.0135,1.1435,nan,1.4292,1.4340000000000002,1.3147,nan,0.97736,0.72631,nan,0.28188,0.061916,nan,nan,-0.77113,-0.87121,-0.76141,-0.65595,-0.5021899999999999,-0.19492,0.13867000000000002,0.41346000000000005,nan,1.146,1.4412,1.5813,1.4835,1.3927,1.3898,1.4774,nan,1.5434,1.5552,1.6061,1.4096,1.0481,nan,0.34844,nan,-0.29696999999999996,-0.59234,-0.8146800000000001,-0.041006,-0.024301,-0.13824,-0.45156,-0.7146,-0.9902700000000001,-1.3088,-1.5764,-1.7783,-1.6204,nan,-1.0398,-0.79146,-0.43827,nan,0.058813,-0.054867,-0.19839,nan,-0.8538899999999999,-1.1377,-1.3923,-1.5411,nan,-1.4289,nan,-0.9611,-0.67752,-0.43382,-0.18965
3.0,-0.9952,-0.9051299999999999,-0.70229,-0.40560999999999997,-0.11165,0.2275,0.57668,0.8824799999999999,1.1104,1.3068,1.3835,1.429,nan,1.3405,nan,1.0896,0.8075899999999999,0.48953,0.11752,nan,nan,-0.84809,-0.9455399999999999,nan,nan,-0.5373399999999999,-0.24641999999999997,0.082713,nan,0.73254,1.0593,nan,nan,1.4355,1.4412,1.3083,nan,nan,1.3591,1.4881,1.7112,1.6293,1.3407,0.99429,0.66386,nan,-0.094734,-0.41036000000000006,-0.68943,nan,-0.11048,-0.011569,-0.082442,-0.39876,-0.6513,-0.9421700000000001,-1.1715,-1.4112,-1.4782,-1.5418,-1.3822,-1.1198,-0.88461,-0.60355,-0.49968999999999997,-0.21481999999999998,-0.15222,-0.30711,-0.47296000000000005,-0.75073,nan,nan,-1.435,-1.4924,nan,-1.2219,-0.9683799999999999,-0.71718,-0.46707,nan
1.0,-0.75475,-0.58991,nan,-0.14615999999999998,0.15245,0.53005,0.76881,1.1042,nan,1.3574,1.3957,nan,1.429,1.3422,1.2675,1.0385,nan,0.57134,nan,0.022688,-0.24101,-0.29677,-0.34919,-0.63627,-0.63839,-0.66693,nan,-0.12080999999999999,0.17199,nan,0.7531899999999999,1.1487,1.4765,1.6015,1.5782,1.4162,1.47,1.3138,1.3733,1.514,1.6099,1.6207,1.4142,1.034,0.73978,0.3751,0.08483099999999999,-0.14281,nan,nan,-0.7904800000000001,-0.81926,-0.8537399999999999,-0.93271,nan,-1.1901,nan,-1.2212,-1.2762,-1.2389,-1.1011,-0.97706,-0.91164,-0.83099,nan,-0.49645,-0.6581,-0.79915,-0.8472200000000001,nan,-1.0723,nan,nan,-1.2216,-1.2691,-1.1059,-1.0789,nan,-0.8846,-0.80266
3.0,-0.9602700000000001,-0.8864200000000001,-0.68642,-0.37851,-0.05142000000000001,nan,nan,nan,1.0734,1.2444,1.3880000000000001,nan,nan,nan,1.2409,nan,0.90155,0.6731199999999999,0.44548000000000004,0.092054,-0.27114,-0.61257,-0.8696299999999999,nan,-0.9972200000000001,-0.75748,-0.5048,-0.17906,nan,0.46266999999999997,0.79488,nan,1.4292,1.4537,1.3614,1.3159,1.319,1.4155,1.544,1.5099,1.5769,1.5992,1.3339,1.0002,nan,0.3293,-0.010534,-0.34056,-0.65345,-0.86625,-0.047486,nan,-0.28105,-0.57596,-0.85664,-1.0558,-1.2721,-1.4884,-1.6269999999999998,nan,nan,-0.95639,-0.69752,-0.36252,-0.0812,-0.0080939,nan,-0.34972,-0.65236,nan,nan,-1.4191,-1.5855,-1.5167,-1.3849,-1.2005,-0.8977200000000001,-0.63627,-0.40883,nan
1.0,-0.74362,-0.67352,-0.45491000000000004,-0.13335,0.14373,0.49872,0.82434,1.0204,1.0659999999999998,1.218,1.3201,1.3511,nan,1.2332,nan,1.0822,0.93056,0.6473,0.35436,-0.0080255,-0.3239,nan,-0.5686,-0.70117,-0.65692,-0.38448000000000004,-0.12278,nan,0.46521,0.81019,1.1038,1.4693,1.5743,1.5529,1.3896,nan,1.3745,1.4323,1.46,nan,1.4257,1.1178,1.0613,1.0771,0.87485,0.51612,nan,-0.13888,-0.40701,-0.67173,-0.49761000000000005,-0.5791,-0.7324,-0.97296,-1.1087,nan,-1.5191,-1.4994,-1.4311,-1.2561,-1.0756,-0.8613799999999999,-0.73858,nan,nan,nan,nan,-0.77485,-0.9165200000000001,-1.0414,-1.1401,-1.2002,-1.3581,-1.4140000000000001,-1.3357,-1.1699,-1.0754,-0.85016,nan,nan
1.0,-0.59485,-0.4986,-0.27034,0.016359000000000002,nan,0.59639,0.51573,0.7785,0.9646,nan,1.1403,1.2355,1.2531,nan,1.1102,1.0201,nan,0.70968,nan,0.30416,0.062609,-0.23567,-0.5189600000000001,-0.60737,-0.63974,-0.3912,nan,0.15639,nan,nan,1.0931,1.4556,1.4899,nan,1.4782,1.2693,nan,nan,1.3356,1.3647,1.5113,nan,1.4975,1.1937,0.89851,0.68438,0.29207,nan,-0.36999,-0.58701,-0.6819,-0.77951,nan,-0.99934,-1.1285,nan,-1.4024,-1.4839,nan,-1.2568,-1.073,-0.8586299999999999,nan,nan,-0.5222,nan,-0.81937,nan,-1.0355,-1.1611,-1.2544,-1.3004,-1.4517,nan,-1.3230000000000002,-1.2877,-1.0844,-0.85787,-0.72806,-0.6819
1.0,-0.80779,-0.76878,-0.51177,nan,0.10128,nan,0.76143,1.0023,1.0959,1.2924,1.3291,1.3683,1.3673,1.3989,nan,1.0778,0.95714,0.78571,nan,0.23146999999999998,-0.07583,nan,-0.60993,-0.8139,-0.9117200000000001,nan,-0.61044,-0.30788000000000004,-0.043886,0.31904,0.6120399999999999,0.97729,nan,nan,nan,1.4354,1.2830000000000001,1.2693,nan,1.4135,nan,1.6238,nan,1.4509,1.1028,0.68084,0.3391,-0.084182,-0.39691,nan,nan,-0.47233,-0.5586899999999999,nan,nan,-1.0866,nan,-1.3641,-1.4471,nan,-1.1615,-0.96295,nan,nan,-0.42446000000000006,-0.30848000000000003,-0.49455,-0.6016600000000001,-0.77653,-0.94435,-0.9948899999999999,nan,-1.2778,-1.4146,-1.3535,-1.3988,nan,nan,-0.73365,-0.5989
2.0,-0.8633799999999999,-0.7586,-0.5340600000000001,-0.19207,0.11725999999999999,0.51871,0.69653,nan,1.1857,1.4075,1.5016,1.4785,nan,1.3321,1.1767,0.9773,0.77647,0.56213,nan,0.135,-0.16526,-0.49022,-0.75705,nan,-0.8752700000000001,-0.66206,-0.50507,-0.16575,0.14084000000000002,0.51913,0.81362,nan,1.1238,1.3965,nan,1.5151,nan,1.4873,1.5447,1.5838,1.6441,nan,1.3386,nan,0.63608,0.36932,0.06258899999999999,-0.28995,nan,-0.75994,-0.4613,nan,-0.5114,nan,-1.0336,nan,-1.4505,-1.4791,-1.3791,-1.1637,-0.98701,-0.8367100000000001,-0.7965300000000001,-0.74734,-0.64123,-0.44511000000000006,nan,nan,-0.6109,-0.85536,-1.109,-1.3888,nan,nan,-1.2915,-1.0487,-0.90876,nan,-0.49536,-0.37235
1.0,-0.73035,-0.79992,-0.65147,-0.34206,0.008161,nan,nan,nan,1.3996,nan,nan,1.9676,1.9772,2.0099,nan,1.7799,1.6555,1.4718,1.0463,0.64851,0.5172399999999999,0.10884,nan,-0.49027,-0.7136600000000001,-0.82071,-0.78391,-0.57611,-0.31038000000000004,nan,0.24472,0.58421,0.8715700000000001,1.1144,1.1564,0.86235,0.68313,0.6825399999999999,nan,0.66703,0.79797,1.0396,1.0727,1.1847,0.9958799999999999,0.61431,0.30951999999999996,-0.023190000000000002,nan,-0.56705,-0.43293000000000004,nan,-0.74233,-0.99079,-1.2285,nan,-1.1173,-1.2231,-1.2482,-1.1853,-1.0972,-0.91032,-0.67452,-0.78257,-0.99054,-0.9012700000000001,-0.7591,-0.61341,-0.6881,nan,nan,-1.0769,nan,-1.328,-1.2528,-1.1420000000000001,nan,-0.80923,-0.64786,-0.56655
1.0,-0.8256700000000001,-0.75445,-0.54887,-0.34271999999999997,-0.33045,-0.11354000000000002,0.2226,0.55898,0.82284,1.0557,1.2358,nan,1.5785,1.5034,nan,1.2725,1.1623,0.99945,nan,0.53533,0.20745,-0.09764199999999999,-0.36193000000000003,-0.64412,nan,-0.8860100000000001,-0.67429,-0.45711999999999997,-0.13913,0.25339,0.58533,0.94306,1.334,1.5335,1.5387,1.42,1.5093,1.5115,1.4984,1.6678,1.7764,1.7978,1.4084,1.0747,0.72251,0.35796999999999995,0.018137,-0.30123,-0.58329,-0.7761100000000001,-0.48008999999999996,-0.52822,nan,-0.7802399999999999,-0.91899,-1.11,-1.2893,-1.376,-1.2828,-1.1462,-0.9525299999999999,-0.8167300000000001,-0.66177,-0.49467,-0.45568000000000003,-0.5806600000000001,nan,-0.79908,nan,-1.0036,-1.0989,-1.1426,-1.1239,-1.1696,-1.1501,-1.1591,-1.0339,-0.88125,-0.71321,-0.5361600000000001
2.0,-0.7480100000000001,-0.65422,nan,-0.20059000000000002,nan,0.25381,nan,0.8272,1.0024,nan,1.4092,1.4654,1.3864,1.3553,1.1515,1.0339,0.8852700000000001,0.63575,0.49796999999999997,nan,nan,0.14782,nan,-0.39959,nan,nan,nan,-0.48818,-0.20686,nan,0.44348000000000004,0.8166899999999999,1.1634,1.5436,1.5631,1.5556,1.3368,1.3396,1.3821,1.3629,1.3508,nan,1.5475,1.1895,0.7530100000000001,0.45863000000000004,nan,nan,-0.57099,-0.76418,-0.22926999999999997,nan,-0.80725,nan,-1.2152,nan,-1.6897,-1.7384,-1.4842,-1.1587,-0.9538,-0.76791,nan,-0.23697,nan,0.057966,nan,-0.44496,-0.7986300000000001,-1.1594,-1.4277,-1.6537,nan,-1.6205,-1.368,-1.0351,-0.7379600000000001,-0.4421,-0.25575,-0.17762999999999998
3.0,-1.122,-0.9825299999999999,nan,-0.44888999999999996,-0.14353,0.20786999999999997,0.53095,nan,nan,nan,1.3253,nan,1.4628,nan,1.1248,1.0064,0.8444200000000001,0.58555,0.33032,0.05649,-0.31832,-0.6370399999999999,-0.9354899999999999,-0.9925200000000001,-0.92705,-0.64907,-0.35812,-0.0078276,0.30856999999999996,0.66908,0.9987299999999999,1.364,1.5923,1.5955,1.475,nan,1.3589,1.4159,1.3961,1.4814,1.6476,1.575,1.445,nan,0.6484300000000001,nan,-0.039462,-0.40433,nan,-0.9718700000000001,-0.33085,-0.34493,-0.61247,-0.8771399999999999,-1.0414,-1.2256,-1.4196,nan,-1.4483,-1.2301,-0.9571299999999999,-0.7067100000000001,-0.52535,-0.48599,-0.37866,-0.1734,0.15338,nan,nan,-0.50233,-0.76766,-1.0074,-1.2848,nan,-1.5286,-1.4139,-1.1319,-0.89226,-0.61821,-0.3944
2.0,-0.87955,-0.78745,-0.5422100000000001,-0.20185999999999998,0.08983300000000001,nan,0.65451,nan,1.0249,1.1058,1.2246,nan,1.1556,1.0509,0.77957,0.63742,0.19968,0.014081999999999999,nan,nan,-0.79306,nan,-0.8534299999999999,-0.62317,-0.28876,nan,0.35809,0.7349,nan,nan,nan,1.7303,1.5535,1.3886,1.2387,1.2979,1.4052,1.4969999999999999,1.6502,nan,1.7293,1.4799,1.1188,0.7583300000000001,0.38364000000000004,0.029297000000000004,-0.32122,-0.5898899999999999,-0.92935,-1.0148,-0.05271900000000001,-0.048,nan,nan,-0.8811,-1.2552,-1.5229,-1.6205,nan,-1.4535,-1.1299,nan,-0.5536,-0.25311999999999996,-0.11715999999999999,-0.36093000000000003,-0.5069,nan,nan,nan,-1.2115,nan,-1.224,-1.183,-1.2214,-1.0527,-0.99965,-0.7256100000000001,-0.42936,nan
2.0,-0.8655200000000001,-0.78991,-0.5466300000000001,-0.23970999999999998,0.08029299999999999,nan,0.74652,1.0511,1.1158,1.2731,nan,1.4724,nan,1.3273,1.2396,nan,0.9383299999999999,0.69021,nan,0.13928,-0.19962,nan,-0.67089,-0.72491,-0.87879,-0.73132,-0.58717,-0.33957,-0.026505,0.35229,0.6099,nan,nan,nan,1.4109,1.2925,1.3185,1.3885,1.4999,1.4605,1.5278,1.6353,1.4533,1.1086,0.76581,0.37387,0.034381999999999996,-0.28281,-0.58462,-0.80979,nan,nan,-0.10217000000000001,nan,-0.7735,-1.1597,nan,-1.7736,-1.8756,-1.6295,nan,-0.9867,-0.6158899999999999,-0.31485,-0.004464899999999999,0.171,nan,-0.21538000000000002,-0.53159,-0.83962,-1.1325,-1.3939,-1.6739,-1.6918,-1.5398,-1.3326,nan,nan,-0.46834,-0.14828
2.0,-0.8804799999999999,-0.75403,-0.50471,-0.18183,0.12886,0.36032,0.5078699999999999,nan,0.96915,nan,nan,1.3553,1.4312,1.4240000000000002,1.325,1.1808,1.0023,0.8322799999999999,0.6006199999999999,0.49162,0.14053,nan,-0.4393,-0.72033,-0.8492299999999999,nan,-0.6774,-0.37389,nan,0.30738000000000004,0.70875,0.9891200000000001,1.319,1.5168,1.4085,nan,1.3925,1.3554,1.5608,1.6306,1.7511,1.7466,1.5952,1.2404,0.82883,0.47616,0.10762999999999999,-0.24624000000000001,-0.60496,nan,-0.5142,-0.41615,-0.74938,nan,-1.0926,-1.1802,-1.0996,-1.3492,-1.3703,nan,nan,nan,nan,-0.47612,-0.6583,-0.9541799999999999,-1.0035,-0.77386,-0.45156999999999997,-0.583,-0.82555,nan,-1.0599,-1.2544,-1.4180000000000001,-1.2806,-1.2162,-1.1347,-0.9484799999999999,-0.67004
2.0,-0.85219,-0.76599,-0.58423,-0.30718,-0.019418,0.31312,0.54613,nan,1.0462,1.2525,1.3656,1.3589,1.4019,1.2646,1.1669,nan,0.8299200000000001,0.69152,0.53249,0.30894,-0.074327,-0.37906999999999996,-0.68198,-0.8546,-0.9487399999999999,-0.78809,-0.59003,-0.29349000000000003,-0.0060439,0.33203,0.63249,0.9746299999999999,1.2991,nan,1.4724,1.4247,nan,1.358,1.4276,1.4363,1.4438,1.5515,1.5174,1.2098,0.8593799999999999,nan,0.13193,-0.19182000000000002,-0.52394,-0.74447,nan,-0.16627999999999998,-0.36815,nan,nan,-1.1541,-1.4802,nan,-1.6425,-1.4223,-1.1846,-0.88735,-0.66855,-0.38466,-0.20238,-0.01409,-0.072237,-0.27787,-0.64269,-0.89676,nan,-1.4912,nan,-1.656,-1.5213,-1.2256,-0.9671299999999999,-0.68909,-0.42348,-0.19104000000000002
2.0,-0.99905,-0.9274100000000001,-0.6973,-0.41123000000000004,-0.17194,nan,0.5502,nan,1.1379,1.341,nan,1.4845,nan,1.2807,1.1034,0.8286399999999999,0.62231,0.45874,0.084241,-0.16299,-0.5111600000000001,-0.79135,-0.99608,-1.0338,nan,nan,-0.32221,0.030249,nan,0.7155600000000001,1.0413,nan,1.5533,1.5988,1.3483,1.3153,1.4318,1.5255,1.5585,1.3953,1.5087,1.5473,nan,0.9547399999999999,0.5796600000000001,nan,nan,-0.44153000000000003,-0.69576,-0.90733,-0.027082,-0.019611,-0.20706999999999998,nan,-0.96159,nan,-1.2618,-1.5049,-1.4878,nan,-1.1133,nan,-0.71219,-0.30594,-0.017385,0.0040209,-0.14365,-0.38087,-0.66052,-0.97796,-1.288,-1.4528,-1.5355,-1.4161,nan,nan,-0.8447,nan,-0.27225,-0.10211
2.0,-0.7638,nan,-0.49173,-0.21856,nan,0.38577,0.6811699999999999,nan,1.0755,1.2596,1.3356,1.349,1.3461,1.3237,1.2149,1.0065,0.88345,0.65341,0.42562,0.17287,0.014995,nan,-0.53723,-0.76234,-0.8164,-0.62543,nan,-0.094951,0.18950999999999998,0.52846,0.8288399999999999,1.1752,1.406,1.5441,1.4113,1.3716,1.3919,1.4337,1.3357,1.4591,1.5104,1.4781,nan,1.1025,0.7510899999999999,0.37399,0.10362,nan,-0.54919,nan,nan,-0.34424,-0.46245,-0.6974100000000001,-0.9971200000000001,nan,nan,nan,-1.6157,nan,-1.1861,-0.9462700000000001,-0.70227,-0.50078,-0.35955,-0.26983,nan,-0.64371,-0.8846799999999999,-1.0494,nan,-1.5345,-1.6303,nan,-1.3708,-1.1348,-0.975,nan,nan,-0.18516
3.0,-0.89541,nan,nan,-0.36023,-0.02568,0.23239,nan,0.84365,1.0417,1.2684,1.3639,1.4931,1.52,1.4176,1.2457,1.1723,0.93726,0.65584,0.47723999999999994,0.19939,0.1378,-0.16323,-0.50997,-0.84141,-1.0542,-0.89771,-0.7844300000000001,-0.49053,-0.1469,nan,0.57476,0.91696,1.2852,1.594,1.5483,1.4653,1.4282,nan,1.5008,nan,1.4555,1.0755,nan,0.99902,0.9679700000000001,0.53606,0.11612,-0.1956,-0.5313,-0.8242200000000001,0.05430599999999999,-0.093706,nan,-0.6634399999999999,-0.8605,nan,-1.3251,-1.5759999999999998,-1.6333,-1.5102,nan,-1.097,nan,-0.47828000000000004,-0.20377,-0.028095,nan,-0.26989,-0.59162,-0.94089,-1.2557,-1.5035,-1.6796,-1.6209,-1.4161,-1.172,-0.8237,-0.57857,-0.2167,0.066957
2.0,-0.8866,nan,-0.57848,-0.42158,nan,0.25165,0.61266,0.9306399999999999,nan,nan,1.3989,1.5225,1.5314,nan,1.3376,1.1788,1.0478,0.78289,0.56514,nan,-0.19075999999999999,-0.34652,-0.6137100000000001,nan,-0.8052,-0.8605299999999999,-0.74288,nan,-0.20204,0.10595,nan,0.70194,nan,1.351,1.5378,1.5757,1.5604,1.5194,1.5003,1.5278,1.5429,1.5413,nan,1.2259,0.8466100000000001,0.50193,0.10115,nan,-0.55101,-0.8399700000000001,-0.23636,-0.24750999999999998,-0.37572,nan,-0.74327,-0.99323,nan,-1.3675,nan,-1.3976,-1.2109999999999999,-0.9897100000000001,-0.78822,-0.66955,-0.42696000000000006,-0.40595,-0.54095,-0.67557,-0.8651399999999999,-0.9708100000000001,-1.1305,-1.2572,-1.3201,-1.3469,-1.2137,-1.0445,-0.92079,-0.77023,nan,-0.35279
1.0,-0.84011,-0.6782600000000001,-0.38528,-0.048523000000000004,0.15556,0.34288,0.6287699999999999,nan,0.8645299999999999,1.0149,1.0406,nan,0.91458,0.82995,nan,0.83245,0.54785,0.3,nan,-0.35884,-0.6349,-0.79425,-0.81262,-0.53793,nan,0.13178,0.36343000000000003,0.7134,1.0815,1.5266,1.5067,1.2241,0.9327200000000001,0.91684,nan,1.0582,1.2704,1.6203,1.8614,nan,nan,1.7926,1.4781,1.102,nan,0.33329000000000003,-0.015557,nan,-0.64908,-0.83229,-0.14412,nan,-0.41776,-0.7288,-0.92724,-1.2524,nan,nan,nan,-1.389,-1.1261,-1.0422,-0.65295,nan,-0.19868,-0.28614,-0.43951999999999997,-0.66867,-0.88766,-1.0553,-1.2144,-1.3214,-1.4627,-1.4094,-1.3459999999999999,nan,-1.0606,nan,nan,-0.30355
2.0,-0.6171300000000001,-0.56784,-0.38509,-0.19859000000000002,nan,nan,0.68103,0.8306600000000001,0.91095,1.1178,1.253,1.3257,1.2832,1.1946,1.1498,1.08,0.9389299999999999,0.82647,0.6446,nan,0.17251,nan,nan,-0.65408,-0.6590699999999999,nan,-0.32941,-0.068132,0.23178,0.53904,0.85585,1.1856,1.5247,1.4916,1.4903,1.3583,1.3357,1.2778,nan,1.3777,1.4685,nan,1.4071,1.3238,0.97698,0.5806899999999999,0.25705,-0.053734000000000004,-0.34226,-0.5444100000000001,nan,-0.68948,-0.81605,-1.0306,nan,nan,nan,-1.5199,-1.4335,nan,-1.119,-0.91154,-0.7490600000000001,-0.5564600000000001,-0.42556000000000005,nan,-0.66003,-0.79908,nan,-1.1177,nan,-1.4307,nan,-1.4363,-1.2996,-1.238,-1.0767,-0.8682700000000001,-0.6557,-0.53655
2.0,-0.89795,-0.83449,nan,nan,0.064791,0.41043,0.79064,nan,1.2632,1.4466,1.419,1.3029,1.2429999999999999,nan,1.103,nan,0.76352,0.5474,nan,0.17065999999999998,-0.14870999999999998,-0.45408999999999994,-0.70405,nan,nan,-0.49983,-0.17805,0.1304,0.45153000000000004,0.77809,nan,nan,nan,1.3258,nan,1.2476,1.1814,1.3685,1.3861,1.3065,1.3663,1.4573,1.4101,1.1353,0.80887,0.45283999999999996,nan,-0.25966999999999996,-0.5627,-0.8103100000000001,nan,-0.17485,-0.35175,-0.51683,-0.7053,-0.99251,-1.219,-1.5519999999999998,-1.7055,nan,-1.3821,-1.12,-0.85462,nan,-0.34136,-0.12190999999999999,-0.28215,-0.48775,nan,-0.9286,-1.0838,-1.2539,-1.3919,nan,nan,-1.4527,-1.2463,-1.0351,-0.80097,-0.48996999999999996
3.0,-0.9479,-1.02,-0.7611,-0.6228199999999999,-0.25464000000000003,0.073751,0.14577,0.56526,nan,1.0090000000000001,1.2083,nan,nan,1.3561,1.2136,1.0529,0.91733,0.66398,nan,0.096148,-0.28786,-0.65174,-0.9025200000000001,-0.99234,-0.9370799999999999,-0.8627299999999999,-0.59083,nan,0.086724,0.47136999999999996,0.8538100000000001,nan,1.5421,1.5831,1.4282,1.3111,1.4072,1.3015,nan,nan,1.5589,1.6003,1.6061,1.1971,0.80884,nan,-0.035732,-0.41671,-0.7661600000000001,-0.85511,0.12268,0.2933,0.26392,nan,-0.63521,-1.0022,nan,-1.67,-1.7846,-1.5357,-1.1931,-0.81817,-0.54935,nan,0.13477999999999998,0.094287,-0.13399,-0.46726999999999996,-0.78513,nan,-1.3993,-1.4196,-1.3584,-1.2965,-1.1761,-1.1442,-0.94435,-0.68681,nan,nan
3.0,-1.1209,nan,-0.81681,-0.5254,nan,0.12689,0.43577,0.74059,nan,nan,1.3768,1.5075,1.4666,nan,nan,1.0765,0.85482,0.57624,0.20967,-0.1555,-0.47358999999999996,-0.82511,-1.0718,-1.0085,-0.9988600000000001,-0.72033,-0.44653000000000004,-0.13698,0.22361,nan,0.9166200000000001,1.2386,1.5456,1.5044,1.3321,1.3144,nan,1.4694,1.5742,1.4636,1.5449,1.4956,1.3037,1.0445,nan,0.31271,-0.027762000000000002,-0.41295,-0.73114,-1.0206,0.15178,0.061962,-0.10987000000000001,-0.43003,-0.67701,nan,-1.1782,-1.4012,nan,-1.4829,-1.3477,-1.0234,-0.69472,-0.43582,-0.11932000000000001,0.09601900000000001,-0.014159,nan,-0.47716000000000003,nan,-1.168,-1.4048,nan,nan,-1.3288,-1.1744,-0.87282,nan,-0.2515,-0.028437999999999998
1.0,-0.92614,nan,-0.63134,-0.29425999999999997,0.016617,nan,0.56313,nan,1.0125,1.1982,nan,nan,1.3101,1.1577,0.96224,0.69484,0.35067,0.22198,0.1367,-0.21185,-0.59043,-0.8646299999999999,nan,-0.86954,nan,nan,-0.0022516,0.31859,0.6534800000000001,0.8959,nan,1.6073,1.7845,1.7828,1.5282,1.3416,1.2574,1.3875,1.4211,1.6248,1.8996,1.7519999999999998,1.3015,1.0222,0.78465,0.48086,nan,-0.24324,-0.6182,-0.79678,-0.4308,-0.31456999999999996,-0.3991,-0.55843,-0.70726,nan,nan,-1.0938,-1.2046,-1.3297,-1.2602,-1.1306,nan,-0.8536100000000001,-0.5979,-0.52077,-0.48975,-0.6642399999999999,-0.8240200000000001,-0.96131,nan,-1.2244,-1.2797,-1.3114,-1.1761,-1.1046,-1.0417,-0.92063,-0.7268899999999999,-0.55111
2.0,-0.8514799999999999,-0.84257,-0.77504,-0.4857,-0.13233,0.2425,0.5423899999999999,0.7552300000000001,1.0959,1.2714,1.3853,1.5303,1.4069,nan,1.0685,0.90796,nan,nan,nan,-0.25326,-0.61019,-0.7159300000000001,-0.73782,-0.93825,-0.89169,-0.71087,nan,-0.25069,0.10545999999999998,0.44614,0.80379,1.1672,1.4667,nan,1.3803,1.311,1.4712,1.3433,1.3344,1.3828,1.4991,nan,1.6166,1.1923,0.81805,0.44656999999999997,0.12599000000000002,-0.22788000000000003,-0.5423899999999999,-0.83265,0.23565999999999998,0.15865,nan,-0.46374,nan,-1.0453,-1.423,-1.5725,-1.5951,-1.3845,nan,-1.1437,-0.75444,-0.41618,-0.0025627,nan,-0.13033,nan,-0.61526,-0.86495,nan,-1.5767,-1.6302,-1.5623,-1.3687,-1.1621,-0.9488,-0.5495899999999999,-0.22480999999999998,0.04143
2.0,-0.7771100000000001,-0.64147,-0.52053,-0.25913,0.03135,nan,nan,0.8383,1.0848,1.2406,1.2669,1.4257,1.3712,1.3065,1.1815,1.0266,0.83373,0.7278899999999999,0.5182100000000001,0.26018,0.097212,-0.23986,-0.42938000000000004,nan,nan,-0.88156,-0.74574,-0.47548999999999997,-0.20254,0.12707000000000002,0.47179,0.78882,1.1379,nan,1.5255,1.3129,nan,1.3586,nan,nan,1.5433,1.6604,1.518,nan,1.0007,nan,0.27138,nan,-0.43462,nan,0.079693,0.0047406,-0.23510999999999999,-0.5322,-0.69493,-0.98872,-1.1977,-1.4933,-1.6946,-1.5768,-1.4135,-1.1509,-0.8946200000000001,-0.77313,-0.48356000000000005,-0.27032,-0.46321,-0.58681,-0.76717,-1.0676,-1.3578,-1.4824,-1.6059999999999999,-1.61,nan,-1.1153,-0.8712,-0.66483,-0.3153,nan
2.0,-0.98664,nan,-0.64995,-0.30423,-0.29095,0.027316000000000003,nan,0.8274600000000001,1.0081,1.2805,1.2949,1.4567,1.4639,nan,1.2526,1.0833,0.8547600000000001,0.62707,nan,0.22896999999999998,-0.0013322000000000002,nan,-0.71209,nan,-1.0107,-1.0219,-0.8513799999999999,-0.56363,-0.26558000000000004,nan,0.51732,nan,1.2667,1.5925,1.5026,1.5219999999999998,nan,1.3792,nan,1.5133,nan,nan,1.4108,1.2505,nan,0.42138000000000003,0.08521000000000001,-0.28856,-0.6331600000000001,nan,0.069766,-0.07556399999999999,-0.35511,-0.6328600000000001,nan,-1.0998,-1.4376,nan,nan,-1.4788,-1.2174,-0.9327799999999999,-0.6792699999999999,-0.33571,nan,-0.21821,-0.10092999999999999,-0.27804,-0.59855,-0.9277,-1.2595,-1.5372,-1.6048,-1.4837,nan,-0.9327799999999999,-0.6039899999999999,-0.28371,-0.017223,nan
3.0,-0.91043,-0.85677,-0.66585,nan,-0.16910999999999998,0.093374,0.36013,0.70043,1.0132,nan,1.4156,1.4837,1.5331,nan,1.3167,1.1485,0.8700899999999999,nan,0.38703000000000004,0.13482,nan,nan,-0.77408,-0.91664,-0.9933299999999999,-0.9152600000000001,-0.68721,-0.40915999999999997,-0.088396,0.20496,nan,0.88169,nan,nan,nan,1.442,1.5157,1.4895,nan,1.5318,1.5276,nan,nan,1.1764,nan,0.47746000000000005,nan,-0.23715999999999998,-0.56077,-0.79625,-0.12893,0.011897,0.13559000000000002,nan,nan,-0.5352399999999999,-0.80902,-1.0215,-1.2932,nan,-1.6967,-1.5030000000000001,-1.2138,-0.96378,-0.7089300000000001,-0.49171000000000004,-0.19937,-0.12537,-0.23594,-0.50117,-0.80708,-1.0552,-1.3951,-1.5705,-1.5889,-1.4229,-1.1615,nan,-0.64952,-0.37382
2.0,-1.0216,-0.9326700000000001,-0.69445,-0.42868999999999996,nan,0.22038000000000002,0.52555,0.81797,0.95449,nan,nan,1.2872,1.3119999999999998,1.1081,1.0039,0.85725,0.72032,0.45583999999999997,0.21796,-0.065416,-0.41661000000000004,-0.7564,-0.99685,-1.003,nan,-0.6058399999999999,nan,nan,0.29239,0.6333300000000001,nan,1.329,nan,1.6126,nan,1.4095,nan,1.2522,1.3857,1.4932,1.6426,nan,1.4444,1.1415,0.75366,0.3731,0.057475,-0.29844,nan,-0.86964,0.14135999999999999,0.13292,nan,-0.53741,nan,-1.0309,-1.3457,nan,-1.7277,nan,nan,nan,nan,-0.36444,nan,-0.072232,nan,-0.45561999999999997,-0.78738,-1.1801,-1.4051,-1.6218,nan,-1.5255,-1.236,-0.9500200000000001,nan,nan,-0.046318,nan
3.0,-0.75365,-0.7135,nan,-0.13254000000000002,0.17494,nan,nan,nan,1.037,1.1396,1.2537,1.3476,1.4071,1.3282,nan,1.051,0.9605799999999999,0.8289799999999999,0.59987,0.45828,0.27402,0.042919,-0.31973,-0.59915,-0.7152,-0.7412,-0.55389,-0.33011999999999997,-0.035799,0.3204,0.65346,0.9892299999999999,1.3338,1.4328,1.4368,nan,nan,1.2976,1.3352,1.4608,nan,nan,nan,1.2209,0.9713299999999999,0.56301,0.19835999999999998,-0.1458,nan,-0.65585,nan,-0.45228,-0.60836,-0.8046,-0.9997799999999999,-1.2188,-1.3421,-1.4813,-1.5963,nan,-1.3621,-1.0735,nan,-0.60373,-0.3151,-0.097023,-0.10482999999999999,-0.39728,-0.6905399999999999,-0.8451,-1.0591,-1.3097,-1.5519999999999998,nan,-1.5815,-1.3895,-1.2343,-0.91443,nan,-0.50264
2.0,-0.77598,-0.7165600000000001,-0.49686,-0.19727999999999998,0.02611,0.1015,0.44236000000000003,0.66514,0.91986,1.085,1.1449,1.3694,1.4824,1.3587,1.2129,1.1037,0.89535,0.69899,nan,0.24299,0.13326,-0.15145,-0.43462,-0.69187,-0.8844200000000001,-0.7862399999999999,-0.55811,-0.30738000000000004,0.030902,0.33404,0.69395,0.9927299999999999,1.308,nan,1.6718,nan,1.3456,1.3617,1.4303,1.4667,1.5496,1.7178,1.6883,1.3585,0.9919899999999999,0.54109,nan,-0.23089,-0.46571,-0.74335,-0.27709,-0.29479,-0.48039,-0.59092,-0.8943700000000001,-1.1186,nan,-1.4242,-1.4817,-1.4606,-1.2831,-1.0517,-0.86346,-0.6727,-0.4627,-0.38455,nan,-0.71097,-0.88755,-0.9843200000000001,-1.1114,nan,-1.4293,nan,-1.4065,-1.1957,nan,-0.8210700000000001,-0.61064,nan
3.0,-1.0054,-0.8938799999999999,-0.6454300000000001,-0.41465,nan,0.25809,0.62271,nan,0.9819399999999999,1.1798,1.2373,1.3739,1.3908,1.4139,nan,1.0238,0.87382,0.62708,0.3845,0.14105,-0.10778,-0.44687,-0.76835,-1.0088,-1.0575,-0.88534,-0.5884199999999999,-0.23889000000000002,0.088987,0.46481000000000006,0.83015,1.1385,1.4551,1.5814,1.4348,1.3069,1.3542,1.3448,1.4832,1.4602,1.6173,nan,1.337,1.0384,0.7014199999999999,0.3402,-0.02427,-0.33851,-0.66222,-0.8877200000000001,-0.08177100000000001,-0.2273,-0.51408,-0.74049,-0.9507,-1.2412,-1.4374,-1.6459,-1.6084,-1.3605,-1.0543,-0.73098,-0.49568999999999996,-0.27451,-0.019757,0.15395999999999999,0.050651999999999996,-0.18382,-0.47841000000000006,-0.76121,-1.0951,-1.296,-1.5134,-1.6123,-1.5315,-1.2812,-0.99559,-0.72972,-0.39718000000000003,nan
1.0,-0.8114899999999999,-0.7801600000000001,nan,nan,nan,nan,0.41998,0.6583100000000001,1.0353,1.1665,1.3819,1.4043,1.4669,1.4724,1.3603,1.2144,nan,0.82557,0.39611999999999997,nan,-0.26759,-0.36625,-0.51373,-0.72455,-0.98444,-0.8625200000000001,-0.68575,-0.38645,-0.077059,0.27318000000000003,nan,1.0524,nan,nan,1.3695,nan,1.3619999999999999,nan,nan,1.4908,1.6593,1.8678,1.6542,1.2366,0.9394299999999999,0.6520199999999999,nan,-0.11220999999999999,-0.40071999999999997,nan,nan,-0.047767000000000004,nan,-0.5505800000000001,nan,nan,-1.256,nan,-1.6011,nan,-1.3027,nan,-0.7040000000000001,-0.39783,-0.10745999999999999,nan,-0.18854,-0.4503,-0.70213,-0.9307799999999999,-1.1507,-1.5275,-1.6328,nan,-1.2401,-1.2238,-1.0689,nan,-0.52663,-0.41889
2.0,-0.72606,nan,-0.37449,-0.26637,-0.18663,0.11408,0.44543999999999995,0.8065,0.9744299999999999,1.1765,1.2617,1.3129,1.2767,1.2444,nan,0.9253399999999999,0.78551,nan,nan,0.30205,nan,-0.056403999999999996,-0.3676,-0.6833600000000001,-0.8290700000000001,-0.74511,-0.58795,-0.27992,0.060323,0.41545,0.7750199999999999,1.1375,1.5127,1.6014,1.3338,1.1068,1.0381,nan,1.3598,1.5899,1.6565,nan,1.6806,1.3286,0.9854799999999999,0.59454,nan,-0.099941,-0.44496,-0.6927399999999999,-0.047685000000000005,-0.16513,-0.43996,-0.64881,-0.9107,-1.2117,-1.5063,nan,-1.7042,-1.4663,-1.1961,-0.9477399999999999,nan,-0.39254,-0.19984000000000002,0.0046808,-0.22821999999999998,-0.45006999999999997,-0.72395,-0.9931700000000001,-1.2531,nan,nan,-1.6925,-1.5418,-1.3027,-1.0342,-0.78792,-0.46378,nan
2.0,-0.9640299999999999,-0.87528,-0.55315,-0.4054,-0.30364,nan,0.42393000000000003,0.60893,0.8313,1.0556,1.2564,1.4624,nan,1.379,1.3731,nan,nan,0.72032,0.44459,0.34118000000000004,0.11087999999999999,-0.20448,-0.53509,-0.9229,nan,-0.9496700000000001,nan,-0.60373,-0.2424,0.10125,0.49438000000000004,0.8537100000000001,1.2182,1.5531,1.5578,1.5730000000000002,1.4249,1.3977,1.3758,1.4704,1.6261,1.8873,nan,1.2784,0.8463200000000001,0.41841999999999996,0.046183999999999996,-0.38516999999999996,-0.71797,-0.8538399999999999,0.031585,-0.11089,-0.27789,-0.6978,nan,-1.1465,-1.3259999999999998,nan,-1.4186,-1.2974,nan,nan,-0.6832600000000001,-0.54533,-0.3673,-0.091806,-0.049222,-0.16498,-0.51874,-0.8871,-1.2318,-1.301,-1.3208,-1.4777,-1.5134,-1.3169,nan,nan,-0.3696,-0.11331
2.0,-0.79913,-0.76159,-0.5713699999999999,-0.27399999999999997,-0.25186,0.10692,0.42699,nan,1.2085,1.3966,nan,1.5314,1.465,1.3782,1.2489,0.9981399999999999,0.91776,nan,0.35731,0.20303,-0.1376,nan,nan,-0.7620100000000001,nan,-0.70281,-0.56061,-0.32237,-0.014027000000000001,0.27638,0.6017600000000001,0.9505299999999999,1.2608,1.4624,nan,1.3987,1.2755,1.4242,1.4545,1.465,1.5912,1.6277,1.5030000000000001,1.2442,nan,0.43237,0.2089,-0.1496,-0.47788,-0.6903199999999999,nan,nan,nan,-0.75456,-0.9943200000000001,-1.263,-1.5024,-1.7152,nan,-1.3576,-1.1002,-0.85136,nan,-0.30319,-0.3728,-0.2829,nan,-0.026378,-0.29801,nan,-0.9158700000000001,-1.0906,nan,-1.4479,nan,-1.4355,-1.2146,-0.9303600000000001,-0.70916,-0.40116
2.0,-0.9047,-0.82863,-0.58735,-0.28010999999999997,0.053716999999999994,0.4303,0.7044699999999999,nan,1.1109,1.2926,1.4117,1.3774,nan,1.246,1.139,0.9899700000000001,0.8457100000000001,0.52835,0.22257,-0.074919,nan,-0.53108,-0.45332,-0.7603800000000001,nan,nan,-0.56688,-0.26884,nan,0.39639,0.7481399999999999,1.1158,1.4765,nan,1.4461,1.3194,1.3286,1.4386,1.5862,1.5174,1.5732,1.5171,1.4655,1.1543,0.78478,nan,0.10677,-0.24516,-0.57009,nan,nan,-0.098176,-0.33165,-0.54598,-0.8371700000000001,nan,-1.3351,-1.5126,-1.5843,-1.4395,-1.1695,nan,-0.5714199999999999,-0.35757,-0.21434,nan,nan,-0.58202,nan,nan,nan,-1.5653,-1.5642,nan,-1.3039,-1.1651,-0.9282,nan,nan,-0.21119000000000002
3.0,-0.91306,-0.93548,-0.6827300000000001,-0.37888,-0.058437,0.27845,0.52894,0.8073,1.0479,1.208,1.3243,1.4679,1.5016,nan,1.2601,1.1577,0.9086200000000001,0.7425,0.48167,0.16814,-0.053286,-0.38687,nan,-0.85459,-0.90791,-0.78798,-0.53885,-0.22799,nan,0.45505,0.80875,1.15,1.4064,1.4607,1.3234,1.3452,nan,nan,1.5977,nan,1.5912,1.4723,1.3126,nan,nan,0.32369000000000003,nan,-0.28457,nan,-0.8353799999999999,-0.14357,nan,-0.4881,-0.7017100000000001,nan,-1.1205,-1.37,-1.5391,-1.5439,-1.4074,nan,-0.87646,-0.65896,-0.38493,-0.18054,-0.10890999999999999,nan,-0.41042,-0.66895,nan,-1.2313,-1.4416,-1.5,-1.4669,nan,-1.1583,-0.93475,-0.6905,-0.48001000000000005,-0.26979000000000003
2.0,-0.80296,-0.6946399999999999,-0.50918,-0.34598,-0.40893,-0.077646,0.2317,0.56708,nan,1.0386,1.2837,1.3936,nan,1.5299,1.4615,nan,1.2141,1.0625,0.81587,0.71429,0.45238,0.12343,nan,nan,-0.79069,-0.78341,-0.80929,-0.61224,nan,nan,0.32526,0.68985,nan,nan,1.5021,1.5344,1.4874,1.4283,1.4636,1.4989,nan,1.6014,1.3988,1.2348,0.8601700000000001,0.53372,0.16705,-0.15866,-0.48783000000000004,-0.70713,-0.31767,-0.31081,-0.45414,-0.63647,-0.9059200000000001,-1.0838,-1.3544,-1.5236,-1.5442,nan,-1.2232,-0.9642,-0.66967,-0.54648,-0.29615,-0.21056999999999998,-0.36983,-0.57384,-0.77598,nan,-1.1528,-1.3106,-1.4498,-1.4587,-1.3776,-1.1624,-1.083,-0.8547100000000001,-0.61028,-0.40984
2.0,-0.80145,-0.69776,-0.51262,-0.21802,0.038376,0.36756,0.7337,0.9203600000000001,1.1041,1.2403,1.4146,1.4664,1.4981,1.3947,1.262,nan,0.9238700000000001,nan,0.52836,0.38844,0.17676,-0.15055,-0.46315,nan,-0.67953,-0.78254,-0.69493,-0.45093,nan,0.14297,0.48149,0.79403,nan,1.3356,1.45,1.3119,1.3034,1.4469999999999998,nan,1.6529,1.6093,1.5828,1.4565,1.1759,nan,nan,0.10862000000000001,-0.19549,-0.51137,-0.7124699999999999,-0.16560999999999998,-0.34288,-0.51273,nan,nan,-1.0863,-1.3430000000000002,-1.4765,-1.5584,-1.4263,-1.3069,-1.0590000000000002,nan,-0.63125,-0.4893,nan,-0.3332,-0.55281,nan,-1.0421,-1.3099,-1.3926,-1.5442,-1.4755,-1.3141,-1.1057,-0.93666,-0.7449,-0.47221,-0.26234
3.0,-0.93389,-0.84701,nan,nan,-0.21703000000000003,0.09664,nan,0.65241,0.9556,nan,1.4240000000000002,nan,1.5903,1.5238,1.4044,1.2279,1.0698,0.83486,nan,0.3073,0.054229,-0.2156,-0.41523999999999994,-0.6834100000000001,-0.8592799999999999,nan,-0.78861,-0.55206,nan,0.047064,0.36803,0.7014100000000001,1.0328,1.3555,1.3595,1.3359,nan,1.4593,1.5328,1.5912,1.6867,1.5884,1.4669,1.2025,0.83415,0.41358,0.066679,-0.32944,-0.68919,-0.84755,-0.051685,0.006937100000000001,nan,-0.44364,-0.75238,-1.0632,-1.3012,nan,-1.5988,-1.4435,-1.2307,nan,nan,-0.55345,nan,-0.17699,-0.18084,nan,-0.58914,-0.81235,-1.1175,-1.3661,-1.5427,-1.5430000000000001,-1.4086,-1.1864,-0.94894,-0.65735,-0.37359000000000003,-0.1499
1.0,-0.68801,-0.60587,-0.47657,-0.20689000000000002,0.1132,0.31889,nan,0.80962,0.99641,1.1104,1.2504,1.3992,1.3485,1.1989,1.0772,0.98667,0.83604,0.71286,nan,0.19453,-0.030864,-0.2232,-0.48528000000000004,-0.63842,-0.66086,-0.5469,-0.26371999999999995,0.033639999999999996,0.33816,0.65396,0.98246,1.321,1.6472,1.5498,1.3471,1.285,1.2647,nan,1.3511,1.4547,nan,nan,nan,1.3349,0.97877,0.6282800000000001,0.3014,-0.09839500000000001,-0.38881,nan,-0.54004,-0.54757,-0.68735,-0.80772,nan,-1.0663,-1.1973,-1.4006,-1.5246,-1.4473,nan,-1.1235,-0.8804200000000001,nan,-0.5311100000000001,-0.50705,-0.52262,-0.74182,-0.87016,-1.0669,-1.2436,-1.2801,-1.3623,-1.4531,-1.4062,-1.2454,nan,-0.9681,nan,-0.59059
2.0,-0.92206,-0.8867200000000001,-0.62964,-0.36895,-0.028776999999999997,0.19327,0.58397,nan,1.1122,1.234,1.3282,1.3643,1.4482,1.3159,1.2195,1.0802,0.83094,0.6634,0.4686,0.19113,-0.054129,-0.40098,-0.6805899999999999,-0.8450200000000001,nan,-0.8616799999999999,-0.65885,-0.385,-0.051129,0.25401999999999997,0.61269,0.9294100000000001,1.2488,1.536,1.5675,1.4409999999999998,1.3818,1.354,nan,1.3974,nan,1.6028,1.5348,1.2547,0.8972600000000001,nan,0.14655,-0.23448000000000002,-0.54403,-0.82058,-0.041637,-0.056517,-0.30153,-0.47551000000000004,-0.69535,-0.94784,nan,-1.4871,-1.6721,-1.5678,nan,-1.0838,-0.81397,-0.54899,-0.32786,-0.03833,-0.058293,-0.24568,-0.5504,nan,-1.0834,-1.3014,-1.5326,-1.6069,-1.5590000000000002,-1.3104,-1.0538,-0.7166600000000001,-0.50043,-0.14237
1.0,-0.88841,-0.7217899999999999,-0.55712,-0.41653,-0.18878,0.17090999999999998,0.5464600000000001,0.86859,nan,1.1395,nan,1.3545,nan,1.2806,1.1372,0.89861,0.58326,nan,0.1743,-0.13807,-0.50938,-0.80243,-0.90884,nan,-0.58485,-0.2807,0.024728999999999998,0.35483000000000003,0.69816,1.0501,1.349,1.4957,1.4429,1.2792,1.0888,1.0874,1.3026,1.5417,1.7208,1.8452,nan,1.5842,1.4480000000000002,1.1454,0.80788,0.54578,nan,nan,-0.42272,-0.74307,-0.54873,nan,-0.63361,-0.68329,-0.92606,-1.1212,-1.2053,-1.2866,-1.348,-1.3046,nan,nan,-0.70831,-0.51218,nan,-0.5102300000000001,-0.60478,-0.77105,nan,nan,-1.1563,-1.2884,-1.2987,-1.2545,nan,-1.3119999999999998,-1.0708,-0.855,-0.73553,-0.51761
2.0,-1.2021,-1.082,-0.9224700000000001,-0.55024,nan,0.21185,nan,0.8891700000000001,1.2239,1.3530000000000002,1.4397,1.5502,1.465,1.2533,1.1511,1.1071,0.87074,0.37301,0.18591,-0.11617000000000001,-0.46942,-0.8481299999999999,-1.0811,-1.1655,-0.95481,-0.82765,-0.51323,nan,0.20892,0.62947,0.96145,1.4176,1.5063,1.694,1.4852,1.4485,1.3925,1.4015,1.4726,nan,nan,1.4271,1.3543,0.94104,0.59349,0.18022,-0.15705999999999998,-0.52541,-0.79855,-1.0843,0.08208,0.17903,-0.18466,-0.54724,nan,-1.2563,-1.6159999999999999,-1.8571,-1.6864,-1.3042,-0.8902,-0.37366,-0.1085,nan,-0.073074,nan,-0.7218399999999999,-0.85454,nan,-0.9621700000000001,-1.0954,-1.0646,-0.8960600000000001,-0.86941,-0.59026,-0.6461600000000001,nan,nan,-0.51007,-0.055914
2.0,-0.86965,-0.83525,-0.5373899999999999,-0.26492,-0.07927200000000001,0.29388000000000003,nan,0.92201,nan,1.1832,nan,1.3298,1.3555,1.1551,0.98564,nan,0.81066,0.58644,0.36467,0.27002,-0.1034,-0.43446,-0.76712,-0.7854800000000001,-0.8397,-0.8473200000000001,nan,-0.42391999999999996,-0.05899,0.26664,0.59426,0.9875,1.3306,1.5281,1.4512,1.4057,1.2634,nan,1.3578,nan,1.4836,1.5451,1.6486,1.2774,0.92658,0.57729,0.17715999999999998,-0.17213,nan,nan,0.14104,0.13295,-0.19505999999999998,nan,nan,nan,nan,-1.6652,nan,-1.6114,-1.3809,-1.0652,-0.8267,nan,-0.072379,nan,-0.0064306,-0.27121999999999996,nan,-0.91863,-1.227,-1.5055,-1.5672,-1.6232,-1.5095,-1.3166,-0.9654299999999999,-0.5918100000000001,-0.35294000000000003,nan
2.0,-0.9217299999999999,nan,nan,-0.40206,-0.18975,nan,nan,0.41635,0.82016,1.1567,1.3379,1.4171,1.4788,1.4011,1.2415,nan,0.79372,nan,0.23435,nan,-0.12308,-0.47195,-0.79473,-1.0219,-0.96219,-0.8465,-0.56922,-0.25899,0.07387200000000001,0.41958,nan,1.1124,1.4692,1.4987,1.3742,1.2959,1.2668,nan,1.4069999999999998,1.4561,1.5889,1.6609,1.6183,1.2515,0.86303,0.50061,0.12617,-0.27610999999999997,-0.59731,-0.8336600000000001,nan,nan,-0.021349,-0.43009,-0.7708699999999999,-1.0443,-1.3228,-1.6334,-1.6997,-1.6011,-1.3492,-1.0209,-0.67904,-0.38599,-0.036066,0.06888899999999999,0.02204,-0.21431,-0.56588,-0.8473200000000001,-1.1808,-1.4362,-1.5926,nan,-1.4894,-1.2141,-0.94501,-0.6643899999999999,-0.28198,-0.018065
2.0,-0.9137799999999999,-0.74017,-0.70557,-0.48178999999999994,-0.15872,0.21531,nan,0.63575,0.9365700000000001,1.0751,1.2038,1.2503,1.3577,1.4821,nan,1.2498,1.0965,1.0685,0.89366,0.6905399999999999,0.48978999999999995,0.28059,-0.08934199999999999,-0.37947,-0.7105899999999999,-0.8877,-0.7772600000000001,-0.541,-0.22903,nan,0.51844,nan,nan,nan,1.4258,nan,1.2565,1.2665,1.3119,1.4111,1.3617,1.5111,nan,1.3165,0.9873299999999999,nan,0.18719,-0.15575,-0.52153,-0.79245,-0.24124,-0.18037,nan,-0.62827,-0.8889600000000001,-1.1298,nan,-1.6842,-1.6802,-1.4488,-1.2217,nan,nan,-0.40264,-0.15404,-0.17173,nan,-0.63322,-0.81588,-1.0583,-1.1894,-1.3574,-1.5298,-1.5827,-1.3862,-1.2668,-1.0792,-0.85688,-0.6812199999999999,-0.35663
1.0,-0.65525,-0.68912,nan,-0.29943000000000003,-0.081368,0.20368,0.50003,0.71333,nan,1.1341,1.2411,1.4386,1.4319,nan,1.3336,1.3143,1.0778,nan,0.77859,0.5159699999999999,0.28101,0.080608,-0.10985999999999999,nan,-0.52383,nan,-0.6734600000000001,nan,-0.24824000000000002,0.033283999999999994,0.33668000000000003,nan,0.9589200000000001,1.3452,1.585,1.5896,1.5363,1.4406,1.4697,1.4721,1.4602,1.5688,1.6325,1.2616,nan,0.57875,nan,-0.08647300000000001,-0.37021,-0.5786100000000001,-0.51866,-0.44995,-0.48948,-0.60406,-0.75638,nan,nan,-1.3873,-1.4533,-1.4359,-1.2812,-1.1645,-1.0413,-0.9220799999999999,-0.7396199999999999,-0.65725,-0.5374899999999999,-0.62248,-0.8315799999999999,-0.96616,-1.0916,nan,-1.3317,-1.4288,-1.3313,nan,-1.0776,nan,-0.7732100000000001,nan
3.0,-1.0326,-0.88697,nan,-0.40041,-0.07228899999999999,0.26119000000000003,nan,0.841,1.1871,nan,1.4234,nan,1.4214,nan,1.16,0.99011,0.8497600000000001,0.61838,0.41478999999999994,0.23990999999999998,-0.11475999999999999,-0.45376000000000005,-0.679,nan,-0.96516,-0.8534700000000001,-0.6045699999999999,nan,nan,0.33200999999999997,0.68657,1.0462,1.3645,1.5657,1.5885,nan,1.4613,1.4776,1.4971,nan,1.7307,1.6187,nan,0.9606299999999999,0.58978,nan,nan,-0.4334,-0.6842,-0.89981,-0.2898,-0.45747,nan,-0.9527399999999999,-1.1227,-1.2278,-1.337,-1.4102,-1.3488,-1.1211,-1.0438,-0.75729,nan,-0.48958,-0.38747,-0.14393,0.05656799999999999,0.010798,nan,nan,-0.84131,-1.1881,-1.3986,-1.5031,nan,-1.3312,nan,-0.7772399999999999,-0.49777,nan
2.0,-0.59234,-0.68283,nan,-0.3175,0.0097194,0.27935,0.5596399999999999,0.83319,1.0183,1.2317,nan,1.3024,nan,1.1694,1.0294,nan,0.67709,0.47558,nan,0.021176,-0.14681,-0.40781,-0.6775,-0.76474,nan,nan,nan,0.021421,nan,0.72144,nan,1.4031,1.4525,nan,1.3546,1.2656,1.2463,1.3444,1.3601,1.4745,1.4474,1.6247,nan,1.3759,1.0399,0.6742100000000001,0.3128,-0.020791,-0.28044,nan,-0.15104,-0.15919,-0.26641,-0.52305,-0.88923,-1.1832,nan,nan,-1.4196,-1.4775,-1.3365,nan,nan,nan,-0.71996,-0.43506999999999996,-0.33655,-0.4007,-0.7025600000000001,-0.93806,-1.1462,-1.3972,nan,nan,-1.5771,-1.3269,-1.0738,-0.81963,-0.6174,nan
2.0,-0.62624,-0.5834699999999999,-0.36002,-0.024919,0.24236,nan,0.77141,1.043,1.1225,nan,1.2541,1.3179,1.2839,nan,1.1587,nan,0.8588399999999999,nan,nan,0.43449,0.25814000000000004,0.079288,nan,-0.51571,-0.6290600000000001,-0.74065,-0.59418,nan,-0.15780999999999998,0.17197,0.47702,0.84055,1.1532,1.3780000000000001,1.4068,nan,1.2923,1.2611,1.2905,1.3129,1.3929,1.5485,1.5652,1.3874,1.0567,0.6766,nan,-0.020849,-0.3088,-0.54414,-0.12274000000000002,-0.31493000000000004,nan,-0.74742,nan,-1.2157,-1.4202,-1.6164,nan,nan,-1.328,-1.1059,-0.89089,-0.66081,-0.42221000000000003,-0.30667,-0.49416000000000004,-0.73978,-0.97925,-1.2074,-1.3569,-1.608,-1.5821,-1.5428,-1.392,-1.1383,-0.9365399999999999,nan,-0.47062,nan
3.0,-0.9432799999999999,-0.83975,-0.6453899999999999,-0.3605,-0.11535,0.21248000000000003,0.5212899999999999,0.8355799999999999,nan,1.2063,1.3454,1.4941,nan,1.4713,1.4076,nan,0.90433,0.74102,0.51755,0.27376,-0.067607,-0.3801,-0.64442,nan,nan,-0.89666,nan,-0.38132,-0.033208,0.2496,nan,nan,1.2590000000000001,1.4312,nan,1.4932,1.514,nan,1.6139,nan,nan,nan,1.2785,0.92825,nan,0.23295,-0.10885,nan,nan,-0.82199,-0.055575,0.00017102,-0.17007,nan,-0.735,-0.9952,-1.2415,-1.4816,nan,-1.4548,-1.2077,nan,-0.77469,-0.51095,-0.27471999999999996,-0.15911,nan,-0.34676999999999997,-0.5869800000000001,nan,-1.1572,-1.4077,-1.5205,-1.4919,-1.4076,nan,-0.98787,-0.67305,-0.40645,nan
3.0,-0.9176,nan,-0.53227,-0.2245,0.055792999999999995,0.30225,0.62443,0.80816,1.0256,1.2134,1.3175,1.41,1.4731,nan,1.2898,1.1662,1.0236,0.8013,0.64373,0.42062,0.17604,-0.090999,-0.41812,-0.7157100000000001,nan,-0.8219799999999999,nan,nan,-0.09095700000000001,0.23898000000000003,nan,0.9194200000000001,1.2675,1.4293,1.4287,1.3532,nan,1.4371,1.4926,1.3755,1.5049,nan,1.4528,1.2162,0.8359,0.47546000000000005,0.08996699999999999,-0.24193,nan,nan,nan,-0.39643,-0.43955,-0.59849,nan,nan,-1.3823,-1.5119999999999998,-1.6664,-1.5186,-1.2776,-1.0489,-0.81989,-0.54382,-0.28811,nan,-0.18598,-0.40660999999999997,nan,-0.83681,-1.0409,-1.2693,-1.4183,-1.5459,-1.4842,-1.3544,-1.1275,-0.8811700000000001,-0.65265,-0.36349000000000004
2.0,-0.86534,-0.9531700000000001,-0.70289,-0.41146000000000005,-0.09047999999999999,0.23648000000000002,0.5482899999999999,0.8151,1.0777,nan,nan,1.446,1.4706,nan,1.1343,1.0013,0.81903,0.6056600000000001,0.33607,-0.0069915,-0.37455,-0.67611,-0.98056,-1.0094,-0.82957,-0.63575,-0.36007,nan,0.2521,nan,0.8543200000000001,1.1948,1.4386,1.4551,1.4734,1.3955,1.5030000000000001,nan,1.5325,1.4939,1.5102,nan,nan,1.1401,0.7996,0.48157,nan,nan,nan,-0.77425,nan,-0.13518,nan,nan,-0.54906,-0.7159800000000001,-0.9646399999999999,-1.1978,nan,-1.604,-1.4609999999999999,-1.2116,-0.9961200000000001,-0.77522,-0.52795,-0.28014,-0.12384,-0.16009,-0.39831,-0.59413,-0.78101,-0.9596299999999999,-1.1905,-1.4794,-1.5781,-1.5068,-1.3354,-1.0628,-0.8456799999999999,-0.67586
3.0,-0.97459,-0.9093,nan,-0.3806,-0.09414199999999999,0.22528,0.52431,nan,1.0234,1.2428,nan,1.4219,nan,1.4197,1.2435,1.1366,nan,0.6809999999999999,0.43223,0.12779000000000001,-0.12844,-0.42327,-0.7459,-0.97745,nan,-0.83462,-0.61059,-0.30244,nan,0.33326999999999996,0.63065,0.96621,1.251,1.4957,1.5535,1.4489,1.4537,1.4856,1.6021,1.5245,1.5911,nan,1.4193,1.0953,nan,0.40741,0.025166,-0.30758,nan,-0.90895,-0.012129000000000001,-0.07048600000000001,-0.28902,-0.50657,-0.81607,-1.1225,-1.2990000000000002,-1.5088,-1.6218,-1.4868,-1.2491,-1.0312,-0.76746,-0.50045,-0.2566,-0.15254,-0.17289000000000002,-0.34939000000000003,nan,-0.9232600000000001,-1.1334,nan,nan,-1.4369,-1.3273,-1.1208,-0.91646,-0.62731,-0.42662,-0.17481
2.0,-0.9047200000000001,-0.73607,nan,nan,-0.13828,0.046613999999999996,nan,0.46752,0.78989,nan,1.2054,1.4218,1.5304,nan,1.4971,1.3461,nan,nan,0.83606,0.54552,0.29893000000000003,0.015198,nan,-0.64698,-0.77972,nan,nan,-0.7015100000000001,-0.43145,-0.11645,0.20906,nan,nan,nan,1.4918,nan,1.5915,1.4929,1.4458,1.5614,nan,1.6635,1.5713,nan,0.94894,0.61398,0.24229,-0.14865,-0.53127,nan,-0.10768,nan,-0.38661999999999996,nan,-0.9012100000000001,nan,-1.2235,-1.4822,nan,-1.3703,-1.1525,-0.92184,-0.6832,-0.43723,nan,-0.32384,-0.48567,-0.6403300000000001,-0.84229,nan,-1.1982,-1.3795,-1.4328,-1.4373,-1.2905,-1.1099,-0.9670799999999999,-0.73169,-0.5014,-0.25032
2.0,-1.0081,-0.8947299999999999,nan,nan,-0.070383,nan,nan,0.5717800000000001,0.84439,nan,1.3463,nan,1.6194,nan,nan,1.2255,1.0579,0.8631200000000001,0.5467,0.32081,-0.055777999999999994,nan,-0.57633,-0.951,-1.0854,nan,-0.83916,-0.56265,-0.21149,0.1182,0.45657,0.83799,nan,nan,1.4878,1.3642,nan,1.3869,1.4683,1.5318,nan,1.6616,nan,1.0634,0.7733399999999999,nan,-0.05438200000000001,-0.43132,-0.76375,-0.9383100000000001,-0.10338,nan,-0.13742000000000001,nan,-0.70801,-1.0529,-1.2432,-1.4602,-1.5611,-1.4164,-1.216,-0.9639200000000001,-0.67373,-0.43609,-0.14376,nan,-0.12683,nan,-0.54665,-0.83241,-1.0406,-1.3459999999999999,-1.5317,nan,-1.3803,-1.1638,-0.9743299999999999,-0.64062,nan,-0.062470000000000005
3.0,-0.9059200000000001,-0.81789,-0.5875199999999999,-0.2815,0.049799,nan,nan,nan,0.9017,1.1599,nan,nan,1.3921,1.3017,1.1187,0.95781,0.7339,0.48716000000000004,0.13993,-0.17304,-0.4297,-0.7146600000000001,-0.83147,-0.9668200000000001,nan,-0.59055,-0.32416999999999996,0.012602,0.35133000000000003,0.6945,nan,1.3684,nan,1.4122,1.4235,1.4279,1.4089,1.4836,1.6005,1.7252,1.7782,nan,1.1541,0.8261799999999999,0.54376,0.2652,nan,-0.38439,-0.6188100000000001,-0.8361200000000001,-0.059003999999999994,-0.07528,-0.2161,nan,nan,-1.1158,-1.3909,-1.5275,-1.6736,nan,-1.2948,-1.0090000000000001,-0.7407100000000001,nan,-0.20178,-0.082466,-0.18487,-0.47545,-0.81652,-1.0529,nan,-1.4274,-1.5354,nan,-1.3147,-1.0543,-0.79701,nan,nan,-0.11882999999999999
3.0,-0.88392,-0.8311200000000001,-0.57539,-0.42212,-0.085632,0.27760999999999997,0.62212,0.78583,1.0376,1.2567,nan,1.6283,1.3522,1.2386,1.396,nan,1.1286,0.9144899999999999,0.79967,0.49993999999999994,0.20625,-0.13985,-0.50831,-0.61445,-0.7958,-0.8707299999999999,-0.8194799999999999,-0.70817,-0.42772,-0.10645,0.23849,0.58965,nan,1.0907,1.3498,nan,1.2999,1.3063,1.2413,1.3502,1.3471,nan,1.4345,1.3626,0.9582200000000001,0.57806,0.19718,nan,nan,-0.7708,nan,0.010892,-0.31181,-0.56484,-0.79118,-1.1785,-1.5458,nan,-1.7902,-1.4882,-1.1927,-0.8668299999999999,nan,nan,0.098571,0.054237,nan,-0.32724000000000003,nan,nan,nan,-1.5345,-1.7383,-1.6669,nan,-1.1724,-0.91979,-0.6172,-0.28351,nan
2.0,-1.0342,-0.90485,-0.68608,-0.32197,-0.026122000000000003,0.35798,0.61742,0.86641,1.0771,1.1823,1.2495,nan,nan,1.0284,0.92984,0.7921100000000001,0.55875,0.39247,0.11335999999999999,-0.29643,-0.62058,-1.0002,-1.0022,-1.0049,-0.87282,nan,nan,0.043736000000000004,0.38319000000000003,0.78656,nan,nan,1.6344,nan,1.2254,nan,1.0954,1.0929,1.3543,nan,1.4638,nan,1.4817,1.1479,nan,nan,0.026052999999999996,-0.36732,-0.69092,-0.9556,0.41323999999999994,0.26393,-0.030721,-0.49823,nan,-1.1275,-1.5322,-1.8189,-1.7473,-1.4882,nan,-0.8458600000000001,-0.39388,nan,0.17386,0.24236999999999997,0.095277,-0.19724,nan,-1.0209,-1.3446,-1.5930000000000002,-1.7621,-1.7403,-1.4774,-1.0894,-0.75967,nan,0.078784,0.27258000000000004
3.0,-0.93268,nan,-0.5869800000000001,-0.27692,0.098776,nan,0.53961,0.90985,1.0545,1.2021,1.3287,nan,1.4351,1.3908,1.2828,nan,0.9772200000000001,0.7472300000000001,0.48978,0.41051000000000004,0.37475,0.068966,nan,-0.6602399999999999,-0.89761,-0.9232600000000001,-0.79745,-0.5682699999999999,-0.22182,0.11557,nan,0.8762,1.2182,1.3957,1.3865,1.469,1.3754,nan,1.4033,1.4064,nan,1.5854,1.4959,1.2912,0.94195,nan,0.13342,nan,nan,-0.82931,-0.23831,nan,-0.5915100000000001,-0.8638899999999999,nan,-1.2066,-1.4652,nan,-1.5673,nan,-0.9882799999999999,-0.6532399999999999,nan,-0.28033,-0.40174,-0.31249,-0.18104,-0.084362,-0.3873,-0.76337,-1.1003,-1.4055,-1.5491,-1.6341,nan,nan,-1.1784,-0.79584,-0.50852,-0.24798
2.0,-1.014,-0.92774,nan,nan,-0.043845,0.26284,0.34429,nan,0.8114899999999999,nan,nan,1.4668,1.4968,1.5608,1.4953,1.3483,nan,1.0146,0.7605,0.45101,nan,-0.1103,-0.2823,-0.64272,-0.8260299999999999,-0.96606,-1.048,nan,nan,-0.28968,nan,nan,nan,1.065,1.3955,1.6484,1.6063,1.4494,1.4878,1.5033,1.5659,1.6284,1.6576,1.3502,0.9768,0.556,0.21627,nan,-0.57012,-0.88775,-0.24543,-0.25314000000000003,nan,-0.6659,-0.8479200000000001,nan,-1.3695,-1.4466,-1.4616,-1.2913,-1.1011,-0.83293,nan,-0.41996000000000006,-0.23221999999999998,-0.089551,-0.25438,-0.4655,-0.67388,-0.9928,-1.2376,-1.4003,nan,nan,-1.2484,-0.9965200000000001,-0.75634,-0.55578,-0.28336999999999996,nan
3.0,-0.89984,-0.9983200000000001,-0.7659199999999999,-0.4696,-0.13965999999999998,0.19893,0.59273,nan,1.1041,nan,1.4775,nan,1.5531,1.3617,nan,nan,1.0465,0.89349,0.4063,0.22951999999999997,0.10174,-0.23690999999999998,-0.5392,-0.7782600000000001,-0.9297799999999999,-0.94276,-0.72253,-0.48901999999999995,-0.22521999999999998,0.12782000000000002,0.45765,0.79414,nan,1.4521,1.5185,1.3799,1.2865,1.2995,1.3069,1.3641,1.3535,1.4834,1.4251,1.161,0.8564799999999999,0.44876000000000005,0.10835,-0.17545,-0.50481,-0.79335,nan,0.046243,0.057879999999999994,-0.22446,nan,-0.8972100000000001,-1.2803,-1.5649,-1.7159,-1.6627,nan,-1.1192,nan,-0.44516000000000006,-0.2244,nan,nan,-0.082237,-0.37428,nan,nan,-1.2758,nan,-1.7133,-1.6545,-1.4053,nan,-0.82124,nan,-0.15563
2.0,-0.9765799999999999,nan,nan,nan,-0.033562,0.3032,0.502,0.8689,1.1320000000000001,1.2686,1.4303,1.5489,1.4599,1.3609,1.2313,0.99035,0.78869,0.51942,0.35499,nan,-0.33663000000000004,-0.70909,-0.76151,nan,-1.0042,nan,-0.49671000000000004,-0.17725,0.15155,0.48172,nan,1.1378,1.4715,1.5507,1.5064,1.4829,1.5182,1.5286,1.5846,1.5622,1.5878,1.3373,0.93461,0.8600200000000001,nan,0.33815,0.062459,-0.30066,-0.67993,nan,nan,nan,nan,-0.54025,-0.71527,-0.87546,-1.1802,-1.4346,-1.5846,-1.5559,-1.3534,-1.1546,-0.9346399999999999,nan,-0.26989,-0.019926,0.00064145,nan,-0.4511,-0.79222,-0.9753200000000001,-1.2915,-1.5227,nan,nan,-1.1969,-0.9222100000000001,-0.71344,-0.45752,-0.20074
2.0,-0.79505,-0.64307,nan,-0.22036999999999998,0.08895499999999999,0.41345,0.48525,0.68791,nan,nan,1.0493,1.4935,1.4524,1.3784,nan,1.0546,0.85229,0.58991,0.34999,0.05041,-0.27202,-0.5328,-0.72287,-0.8833799999999999,-0.8691700000000001,-0.63752,nan,-0.023645,nan,0.61625,0.94565,1.2682,nan,nan,nan,1.3087,nan,1.2567,1.3844,1.5981,1.6772,1.6438,nan,1.2965,0.8925799999999999,0.52495,0.15307,-0.17834,-0.48946999999999996,-0.71267,-0.11339,-0.26628,-0.33136,-0.58148,-0.76135,-1.0746,-1.2911,-1.5503,-1.5948,-1.4956,-1.3163,-1.0734,-0.8201700000000001,-0.53118,-0.23031,-0.20617,-0.30869,-0.45603,-0.64908,nan,-1.22,nan,-1.5836,-1.6489,-1.5279,-1.3158,nan,nan,-0.5209199999999999,-0.21145999999999998
2.0,-0.98044,-0.8966799999999999,-0.63775,-0.36833,-0.19353,-0.019457,0.22061,nan,nan,1.0734,1.2491,nan,nan,nan,1.4251,1.3023,1.1446,0.93819,0.6290399999999999,nan,0.14290999999999998,-0.18855999999999998,nan,-0.64558,-0.74529,-0.8951600000000001,-0.78854,nan,-0.25485,0.048960000000000004,0.36072,0.7257899999999999,1.0289,1.3817,1.6561,1.6227,1.524,1.4904,1.4982,1.4913,nan,1.6302,nan,1.258,0.8762700000000001,nan,0.19677,-0.20093,-0.5363399999999999,nan,nan,-0.31017,-0.49085,-0.65983,-0.95794,-1.1718,nan,nan,-1.507,-1.341,-1.1653,-0.91712,-0.7254,-0.51002,nan,-0.11692999999999999,-0.18079,nan,-0.59991,-0.84088,-1.1403,-1.3541,-1.4658,-1.4854,-1.3376,-1.1257,nan,-0.7301300000000001,-0.44142,-0.20656999999999998
1.0,-0.59345,nan,-0.29853,nan,nan,0.013611000000000002,0.36228,0.42811000000000005,0.6395,nan,1.2596,1.3893,1.5503,1.4743,1.4632,1.3458,1.2072,1.1101,nan,0.86959,0.67969,0.47616,nan,nan,-0.3862,-0.45913000000000004,-0.73017,-0.77464,-0.5847399999999999,nan,0.042134,0.33594,0.68608,1.0432,1.321,1.4426,1.5026,1.4417,nan,nan,1.4316,nan,1.6342,1.4563,1.1148,nan,0.349,-0.027066000000000003,-0.22286,-0.48273,nan,-0.38585,nan,-0.7891100000000001,-0.99524,-1.1741,-1.42,-1.5019999999999998,-1.4663,nan,-1.2058,nan,nan,-0.5310699999999999,-0.42118999999999995,-0.5747,-0.64446,-0.8474200000000001,-1.0406,-1.2157,-1.3544,-1.4229,-1.3897,-1.4312,nan,-1.0724,-0.9485899999999999,-0.7932600000000001,-0.5964,-0.41423999999999994
3.0,-1.047,-0.93899,-0.65817,-0.39121,-0.13134,0.22232,0.52352,nan,1.0497,1.2693,1.4369999999999998,1.4719,1.4092,1.3456,1.2690000000000001,1.23,nan,0.66661,0.33939,0.0035865000000000003,-0.33207,-0.58467,-0.77696,-1.0221,-1.0673,-0.8615700000000001,nan,-0.28464,0.057687999999999996,0.40375,0.7521399999999999,1.1021,1.3415,1.4422,1.3929,1.4423,nan,1.4105,1.4788,nan,1.4325,nan,1.3518,1.045,0.69328,nan,-0.017028,-0.36034,-0.69675,-0.95783,-0.0054148,-0.038155,-0.18927,-0.5048699999999999,-0.77085,-1.1121,-1.4104,-1.6411,-1.7383,-1.4780000000000002,-1.1888,-0.9482700000000001,-0.65328,-0.3851,-0.057324,nan,0.12107000000000001,-0.11357,-0.38785,-0.65337,-0.91665,-1.209,-1.3903,-1.5706,-1.499,nan,-1.0808,-0.72044,-0.45398999999999995,-0.13591
2.0,-0.94386,-0.8427399999999999,-1.0002,-0.9678,nan,-0.042980000000000004,0.38179,0.69694,0.6994600000000001,0.83501,1.0581,1.0425,0.93942,0.7680600000000001,0.65341,0.40885,0.07184199999999999,-0.10255999999999998,nan,-0.6634,nan,nan,-1.1726,-0.97777,nan,nan,0.21693,0.64708,1.0847,1.5964,1.9451,1.5626,1.1595,1.0421,1.2009999999999998,nan,0.8499200000000001,0.8063,0.9506100000000001,1.3479,1.7286,2.0253,1.9439,1.6127,1.1777,0.68784,nan,-0.13222,-0.5079,-0.8683299999999999,0.37485,0.40512,0.19854000000000002,-0.27721999999999997,-0.6481399999999999,nan,-1.3253,-1.6761,-1.6598,-1.6017,-1.2002,-0.7981699999999999,-0.38164000000000003,-0.11878,0.15544000000000002,nan,0.026746,nan,-0.5837,-0.8092699999999999,nan,-1.5538,-1.8133,nan,-1.3769999999999998,-1.004,-0.8411799999999999,-0.5772,nan,nan
3.0,-0.8743299999999999,-0.75203,nan,-0.17717,-0.24117,0.094189,0.42751999999999996,0.55313,0.7872399999999999,1.0504,nan,1.2726,1.2322,1.1525,1.0132,0.71116,0.565,0.2504,0.14529,-0.077348,-0.37444,-0.5582600000000001,-0.87302,-1.0208,-0.8711899999999999,-0.55933,-0.22061999999999998,0.14768,0.53181,0.9390799999999999,1.3184,1.6292,nan,1.3871,nan,1.0656,1.0997,nan,1.3258,1.4711,1.7244,1.7919,1.6102,1.2258,nan,0.40037,0.0012648,nan,-0.6211399999999999,-0.8472299999999999,0.11322,nan,0.088759,-0.24899000000000002,nan,-0.97726,-1.3227,-1.6811,nan,-1.715,-1.4166,nan,-0.7976,nan,nan,0.12378,0.030851999999999997,-0.22432,-0.45996000000000004,-0.8602799999999999,-1.2559,-1.5429,-1.6159999999999999,-1.6547,-1.4468,nan,-0.95549,-0.7197,-0.33293,-0.009900399999999998
1.0,-0.8395799999999999,-0.90317,-0.6207699999999999,-0.45108000000000004,-0.061959,nan,0.59221,0.79132,1.0794,1.2865,1.4904,nan,nan,1.3882,1.2611,0.9981399999999999,0.83896,0.7113,0.4468,0.18923,-0.19024000000000002,-0.5023,-0.65284,-0.7581600000000001,-0.71029,nan,-0.44118999999999997,-0.15762,nan,0.51156,nan,nan,0.8398899999999999,1.0988,1.3181,1.4102,1.3685,1.3979,nan,1.6048,1.6738,1.7512,1.5689,1.2208,0.80237,0.41948,0.14899,-0.2898,-0.62295,-0.92901,nan,0.01915,-0.14299,-0.3748,-0.60154,-0.82019,-1.1228,nan,-1.5569,-1.5729,-1.4793,-1.2483,-1.0079,-0.72663,nan,-0.49771000000000004,-0.65914,-0.81397,nan,-1.1428,-1.4164,-1.6178,-1.5523,-1.3874,-1.1576,nan,-0.6795399999999999,-0.50261,-0.21031999999999998,nan
3.0,-0.95135,-0.84275,-0.62097,-0.33083,-0.047320999999999995,0.31175,0.58833,0.79382,1.0436,1.2926,nan,nan,1.3759,1.3013,1.1939,1.0629,0.87403,nan,nan,-0.11662,-0.43849,-0.5391,-0.7250800000000001,-0.85695,nan,nan,-0.46401000000000003,-0.14562999999999998,0.1586,0.50071,nan,1.1741,1.4221,1.5482,1.5162,nan,nan,1.4315,nan,1.5416,1.5755,1.5982,1.3553,1.0524,0.72724,0.3416,0.011647,-0.33741,-0.62155,nan,-0.099661,-0.001347,-0.19897,-0.45018,-0.68234,-0.91069,-1.1936,-1.4706,-1.6077,-1.6116,-1.4049,-1.1104,-0.85225,-0.5424899999999999,-0.24604,-0.14140999999999998,nan,-0.37248000000000003,-0.67952,-0.92917,-1.2181,-1.4311,-1.5359,-1.5417,-1.431,-1.1634,-0.9126799999999999,-0.6482100000000001,nan,-0.12230999999999999
1.0,-0.76302,-0.76147,nan,-0.22576,nan,nan,0.7379899999999999,1.0495,1.2078,1.2698,1.2924,1.2704,1.2029,1.245,nan,0.90199,0.75047,0.55679,0.2429,-0.09385399999999999,-0.36915,-0.6614899999999999,-0.7934,-0.70265,-0.5250100000000001,-0.2346,0.012249,nan,0.6439,0.96926,1.2657,1.4464,1.4797,1.3645,1.2594,nan,nan,1.3283,1.4779,1.7235,1.7742,1.5737,1.3755,nan,nan,0.37876,0.097426,-0.21731999999999999,-0.45121999999999995,-0.71582,-0.41511000000000003,-0.49261000000000005,-0.63925,-0.86897,nan,-1.2175,-1.2433,nan,-1.439,-1.3286,-1.145,-0.93616,-0.81286,-0.67567,-0.60918,-0.68381,-0.8284299999999999,-0.9614299999999999,-1.1795,-1.2705,-1.2034,-1.1927,nan,-1.2239,-1.0817,-1.0059,-0.86982,-0.8516100000000001,-0.62545,-0.48525
3.0,-1.0095,-0.8454,-0.60938,-0.7724300000000001,-0.68155,-0.32127,0.064387,nan,0.72072,1.041,nan,nan,1.4215,1.4894,1.4344,1.3048,1.1436,1.0173,0.77476,0.64567,0.47973999999999994,nan,0.028244,-0.31983,-0.6835100000000001,-0.9934299999999999,-1.0737,nan,-0.5365800000000001,nan,nan,0.50443,0.9004,1.2838,1.4953,1.5084,1.3802,1.4085,1.426,nan,1.5236,nan,1.5289,1.2526,0.84825,nan,0.0481,-0.32506999999999997,-0.67332,-0.94152,0.083725,0.08723600000000001,-0.053135,nan,-0.72472,nan,-1.3623,-1.6611,-1.7192,-1.5591,-1.2238,-0.8841399999999999,-0.53991,-0.15431,0.23705,0.13430999999999998,nan,-0.20853000000000002,-0.49387,-0.82342,-1.139,-1.422,nan,-1.5645,-1.4980000000000002,nan,-0.99665,-0.65168,-0.26447,-0.0060568
2.0,-0.88385,-0.8435,-0.56211,-0.2841,nan,0.34087,nan,1.0387,1.1794,1.2624,nan,1.4429,1.3433,nan,1.054,0.83642,0.6206,0.44997,0.2234,-0.015849000000000002,nan,nan,-0.92061,nan,-0.8957299999999999,-0.65256,-0.41968999999999995,-0.10511,0.22266999999999998,0.5526399999999999,0.8830100000000001,1.2211,1.4699,nan,1.6131,nan,1.3093,1.3043,1.4153,nan,nan,nan,1.5755,1.1548,0.77218,nan,0.10169,-0.26598,-0.58819,-0.73426,-0.073521,-0.21706999999999999,-0.41491000000000006,nan,-0.8497399999999999,-1.0833,-1.2315,-1.4796,-1.5765,-1.4762,-1.2266,nan,-0.72065,-0.40734000000000004,-0.2462,-0.06854299999999999,-0.21023000000000003,-0.40886999999999996,-0.7403,-1.0052,-1.1805,-1.4047,nan,-1.5697,-1.4741,nan,-0.9936799999999999,-0.68382,nan,-0.18535
2.0,-0.77623,nan,-0.43078,nan,0.14599,0.44764,nan,0.96572,nan,1.1611,1.2627,1.3821,nan,1.2772,1.0357,0.88915,nan,0.60805,0.42027,0.078527,-0.17639000000000002,-0.40407,-0.64904,nan,-0.93463,-0.67211,-0.37449,-0.07577300000000001,nan,0.5623600000000001,0.88597,1.2171,1.3697,nan,1.3123,1.2319,1.3531,1.4288,1.4094,1.452,1.5736,1.5663,1.5058,1.2474,0.90144,0.53818,0.19812000000000002,-0.19212,-0.50039,nan,-0.5167,-0.26166,-0.066999,-0.24301,-0.48603,-0.71826,-0.9006299999999999,-1.1293,-1.3956,nan,-1.6941,-1.4351,-1.1697,-0.94015,-0.75693,-0.55798,-0.35935,-0.22461,-0.27395,-0.5416,nan,-1.021,-1.2774,-1.4331,-1.6841,nan,-1.4748,-1.2096,-0.8936200000000001,-0.70175
2.0,-0.78342,nan,-0.50293,nan,0.091275,0.40786,nan,0.8831399999999999,0.9868,1.2389,nan,1.4088,1.3852,1.3416,nan,1.0569,0.9228299999999999,0.73659,0.6674,0.36576,0.18958,0.060660000000000006,-0.25332,nan,-0.73649,-0.7480399999999999,-0.5916399999999999,-0.34118000000000004,-0.035817,nan,nan,nan,1.2817,1.4565,1.4902,1.469,1.4035,1.3846,nan,1.4293,1.5067,1.6416,nan,1.2172,0.86871,0.50062,0.1572,-0.19228,nan,nan,-0.32766999999999996,nan,-0.6406,-0.74034,-0.98859,-1.2842,-1.4876,-1.5946,-1.5187,-1.2883,nan,-0.94955,-0.72526,-0.54967,nan,-0.44255,-0.57284,nan,nan,nan,-1.2341,nan,-1.4312,-1.4533,-1.3430000000000002,-1.2469,nan,-0.80209,nan,-0.45365
2.0,-1.0557,nan,-0.73512,-0.42881,-0.14740999999999999,0.19399999999999998,0.46933,0.80362,1.0582,1.2683,1.3727,1.455,1.4982,nan,1.2958,nan,0.8755200000000001,0.5705100000000001,0.26289,-0.030933999999999996,-0.38874000000000003,-0.6151300000000001,-0.79765,-1.0666,-1.1334,-0.9305700000000001,-0.69521,nan,-0.028176,0.30511,0.6392100000000001,0.9738,1.3088,1.5852,1.6336,1.7098,nan,1.4848,nan,1.4943,1.5885,nan,1.4885,1.1235,0.72685,nan,nan,-0.41381,-0.78015,-1.0622,-0.076463,-0.1943,nan,-0.63058,-0.7440000000000001,-0.93965,-1.1952,nan,-1.3802,-1.2930000000000001,nan,nan,-0.67786,-0.46621,nan,-0.028727999999999997,nan,nan,-0.54488,-0.83505,nan,-1.1855,-1.2699,-1.3598,-1.3272,-1.1602,-0.88635,-0.6219,-0.36132,nan
2.0,-0.82001,-0.77683,nan,-0.35472,-0.16938,0.18395,0.49022,nan,nan,nan,nan,1.4836,nan,1.3386,1.1509,0.9780200000000001,0.6709,nan,nan,0.12630999999999998,-0.13910999999999998,-0.24042,-0.5654600000000001,-0.82706,-0.9280200000000001,-0.89874,-0.63474,-0.32487,-0.037583,0.30706,0.61524,0.9674299999999999,nan,1.4598,1.4295,1.4,1.3456,1.399,1.3445,1.4871,1.5211,nan,nan,1.3799,0.9406200000000001,0.62554,0.22783,-0.10023,-0.46053999999999995,-0.6964,-0.038571,-0.042663,nan,nan,-0.7865,-0.96859,-1.2883,-1.4089,nan,-1.5171,-1.3485,-1.0961,-0.80279,-0.64081,-0.48122,nan,nan,-0.58613,-0.78579,-0.9532799999999999,-1.1486,-1.3909,-1.5132,-1.4709999999999999,-1.3514,nan,-1.0329,-0.69908,-0.35725999999999997,-0.16253
2.0,-1.139,-0.9883700000000001,-0.71912,-0.39028,-0.13502999999999998,0.20659,0.56215,0.7770100000000001,nan,1.1366,1.2568,1.4068,1.511,1.3761,1.1989,1.1324,nan,0.57698,0.42999,0.13142,-0.02822,nan,nan,-0.95721,-1.0346,-0.86666,-0.64859,-0.31312,0.051326,nan,0.79573,1.1605,1.5259,1.5927,1.5188,1.4141,1.4437,nan,1.4313,nan,1.7952,1.6628,1.3259,nan,0.54425,0.18342,nan,-0.43661000000000005,-0.75889,-1.0121,-0.098608,-0.089246,-0.35125,-0.58811,-0.82299,nan,-1.4319,-1.6030000000000002,nan,-1.2956,-1.0942,-0.90575,-0.81821,-0.71345,nan,-0.14315999999999998,0.046747000000000004,nan,-0.27786,-0.51622,-0.8417899999999999,-1.2151,-1.389,-1.4865,-1.4477,nan,-0.9147,-0.71782,-0.47201000000000004,nan
2.0,-0.97251,-0.84964,-0.58398,-0.34087,-0.027507,0.28565,nan,0.89156,1.0622,nan,1.4121,nan,1.4778,nan,1.3492,1.1795,1.0347,0.85335,nan,nan,0.1615,-0.17053,-0.48268,-0.7803100000000001,-0.9829200000000001,-0.9817,-0.79299,-0.49131,-0.16541,nan,0.52181,0.85954,1.1979,1.4581,nan,1.3549,1.3624,1.4095,nan,1.5261,1.6019,1.6074,1.4353,1.0407,0.65053,0.26687,nan,-0.48496000000000006,nan,-0.9973799999999999,-0.17794000000000001,-0.30417,-0.55815,-0.797,-1.0223,-1.1495,-1.2893,-1.4299,-1.4326,-1.2163,-1.0053,-0.78751,-0.70443,-0.58195,-0.30625,-0.088768,0.042839,nan,nan,-0.70463,-1.0426,-1.2458,-1.4685,-1.5832,-1.5644,-1.3485,-1.0987,-0.80457,-0.5041,-0.2318
2.0,-1.022,-0.87329,-0.70517,-0.39358000000000004,-0.092791,nan,0.55574,0.88828,1.0704,1.2115,1.3147,1.3857,1.4289,nan,1.1896,1.0328,nan,0.5888100000000001,0.25156999999999996,0.060329999999999995,-0.25384,-0.6825100000000001,-0.69038,-0.8253799999999999,-0.9866799999999999,-0.86264,-0.6819,-0.44703999999999994,-0.14782,0.17285999999999999,nan,0.87874,1.2127,1.5608,1.6036,1.6549,1.4375,1.2865,nan,1.5765,1.646,1.6003,nan,1.2925,0.87995,0.4894,0.10520999999999998,nan,-0.5884,-0.8794,-0.043972000000000004,nan,nan,-0.50808,-0.74243,-1.0221,-1.2777,-1.4771,-1.6603,-1.5219,-1.2613,-0.99455,-0.77146,-0.50758,-0.20335,-0.042205,nan,-0.2762,nan,-0.82089,-1.1092,-1.31,-1.4415,nan,-1.4464,nan,-0.91469,nan,-0.38090999999999997,-0.10471
2.0,-0.9936,-0.86966,nan,nan,nan,nan,0.21253000000000002,nan,0.8811100000000001,1.0758,1.2362,1.465,1.5612,1.4791,1.3658,1.2433,1.1561,0.878,0.57492,0.3405,0.075486,-0.19974,-0.47007,-0.7884,-0.99644,-1.0236,-0.8311799999999999,-0.5623600000000001,-0.23753000000000002,0.10599000000000001,0.44718,0.77746,1.1348,1.4409,1.4712,nan,1.4039,1.4855,1.5078,1.6202,1.7102,nan,1.4749,1.1262,0.72868,nan,nan,-0.34915,-0.70431,-0.92645,-0.046807999999999995,-0.114,-0.33729000000000003,-0.55297,-0.81226,-1.1009,-1.3030000000000002,-1.5402,-1.6511,-1.422,nan,-0.9574600000000001,nan,-0.39619,-0.21852,-0.025097,-0.079099,-0.21581999999999998,-0.4354,nan,-0.98595,nan,nan,-1.5527,-1.4349,nan,nan,-0.6875899999999999,-0.39115,-0.098794
2.0,-0.8892700000000001,-0.83936,nan,nan,-0.27971999999999997,0.053453999999999995,0.39628,0.7747,1.0173,1.1281,nan,1.5124,1.501,1.4209,1.4602,nan,1.0314,0.73635,nan,0.35871,0.046862,-0.23364000000000001,nan,nan,-0.8569100000000001,nan,-0.81497,-0.55753,-0.26259,0.072929,0.41588,0.76823,1.1269,nan,1.4874,1.4415,1.4372,1.4058,1.4269999999999998,nan,1.5507,1.5219999999999998,1.5339,1.2069,0.78345,0.39604,0.047222,-0.32161,-0.65749,-0.8494799999999999,nan,-0.042125,-0.21393,nan,-0.85703,-1.1478,-1.4831,-1.6286,-1.6618,-1.4243,-1.1896,-0.8973,-0.5993,-0.31873,-0.12027,0.026548000000000002,-0.1063,-0.34558,-0.58108,-0.8710600000000001,-1.2235,-1.43,-1.5415,-1.5088,nan,-1.1976,-1.0242,nan,-0.41989,nan
2.0,-0.83591,-0.7398100000000001,-0.4843,-0.16598,0.12037,0.30551,0.6381899999999999,0.87239,1.0659,1.219,1.335,1.4876,1.4866,1.3807,1.2567,1.1659,0.9814799999999999,0.8237399999999999,0.6712199999999999,0.43403,0.09181,-0.2259,-0.51779,-0.76234,-0.87,-0.76173,nan,-0.26502,nan,0.41668,nan,1.0921,nan,1.4844,1.3841,nan,1.3883,nan,1.4303,1.4763,nan,1.6153,1.3095,0.9567200000000001,0.61988,0.27492,-0.0604,nan,-0.62535,nan,-0.37116,-0.35853,-0.42931,-0.68761,-0.93048,-1.1657,-1.3821,-1.5557,nan,-1.42,-1.2103,nan,-0.78451,-0.53905,-0.35,-0.31718,-0.42099,-0.56508,-0.75813,nan,nan,nan,-1.5374,nan,nan,-1.1413,-0.91207,-0.7359600000000001,-0.44047,-0.30794
2.0,-0.95411,-0.8366,nan,-0.6170800000000001,-0.24891,0.006910800000000001,0.35784,nan,0.78271,0.9936200000000001,nan,1.3219999999999998,1.3666,1.4734,1.4785,1.3579,1.3483,1.2770000000000001,1.0490000000000002,0.8465299999999999,0.67515,0.3405,0.17229,-0.10849,nan,-0.8357600000000001,-1.0378,-0.9368799999999999,-0.71958,-0.43085,nan,nan,0.6483,1.0103,1.3746,1.3659999999999999,1.3532,1.3806,1.3806,1.3621,nan,1.5189,1.4999,nan,nan,0.6252800000000001,0.30809000000000003,-0.1036,nan,-0.81042,0.011247,0.15984,-0.0049851999999999995,-0.3935,-0.72075,nan,nan,-1.5174,-1.614,-1.6184,-1.4143,-1.1255,nan,-0.5485399999999999,-0.17581,0.0073,nan,-0.40773000000000004,-0.62553,-0.95078,-1.1963,-1.3517,-1.5576,-1.5371,-1.4569999999999999,-1.2062,-0.94183,-0.7439899999999999,nan,-0.1891
2.0,-0.95265,-0.87871,nan,-0.31992,nan,0.027658999999999996,0.39553,0.46942,nan,1.0525,1.4089,nan,1.4841,1.3448,1.1756,1.0334,0.78625,0.56271,nan,-0.073891,-0.41963999999999996,-0.74615,nan,-1.0372,-0.84352,nan,nan,0.027869,0.3584,0.69166,1.0282,nan,1.4597,1.4323,1.3717,1.2883,1.3158,nan,nan,1.4169999999999998,1.4492,nan,1.5181,1.1702,0.8012600000000001,0.42183000000000004,0.065675,nan,-0.58928,-0.7952,nan,0.056524,nan,nan,-0.75525,-1.1618,nan,-1.6338,-1.7527,-1.492,-1.2311,nan,-0.75117,-0.6530699999999999,-0.45076000000000005,-0.16435999999999998,nan,nan,nan,-0.73559,nan,-1.324,-1.5372,-1.5802,-1.5097,nan,-1.0319,-0.69611,-0.41222,-0.066413
3.0,-1.0069,-0.9030100000000001,nan,-0.42455,nan,0.13767000000000001,0.48286999999999997,0.82216,1.0377,1.274,1.4401,1.5797,1.5537,nan,1.1918,1.1061,0.92943,0.70873,0.52715,0.28364,-0.006962899999999999,-0.33844,-0.67571,-0.9107700000000001,-1.0011,-0.8594700000000001,-0.5955600000000001,-0.33148,nan,nan,0.62453,0.94357,1.2661,1.4898,1.43,1.4715,1.4748,nan,1.4695,1.4716,1.6127,nan,1.3786,nan,0.7429,nan,0.042419,nan,-0.57265,-0.87702,-0.025089,-0.098444,-0.26525,-0.52736,-0.72573,-1.0383,-1.3441,-1.473,-1.4998,-1.3984,-1.2208,nan,-0.93511,-0.80324,-0.5071,nan,-0.20858000000000002,-0.37496,nan,-0.8410299999999999,nan,-1.2976,-1.4655,-1.452,-1.4016,nan,-0.9385700000000001,nan,-0.40021,-0.15947
2.0,-0.85039,-0.79678,-0.5319699999999999,-0.23676999999999998,0.070167,0.21881,0.52704,0.80266,0.9830399999999999,nan,1.3102,1.4636,1.5119999999999998,1.3979,1.3345,1.1822,0.9758,0.88665,0.73168,0.4296,0.14348,0.017855000000000003,-0.28509,-0.52491,-0.78598,nan,-0.73244,-0.50379,-0.22719,0.1083,nan,0.7660600000000001,nan,nan,1.4243,1.4609999999999999,1.3996,1.4402,1.3993,1.4202,1.4968,1.4877,1.4955,1.1683,0.8404799999999999,0.48258,nan,-0.15093,nan,-0.74859,nan,-0.23296,-0.41341000000000006,-0.65072,nan,-1.2526,-1.4838,-1.7179,-1.6382,-1.4522,-1.2064,-0.95685,nan,-0.50471,-0.27416,-0.22651,-0.35361,-0.5321600000000001,nan,-1.0097,-1.2286,nan,nan,-1.5761,nan,nan,-0.9009799999999999,-0.6857800000000001,-0.38664,-0.21583000000000002
2.0,-1.1725,-1.0532,-0.84314,-0.56265,-0.21625,nan,0.5244300000000001,0.7891,1.1337,1.3172,1.5029,nan,nan,nan,1.0424,0.77667,0.64295,0.28142,nan,-0.10837000000000001,-0.13785999999999998,-0.31778,-0.67976,-0.97972,-0.9892299999999999,-0.95344,-0.72456,-0.40681,-0.08028400000000001,0.28626,0.65465,0.98039,1.3645,nan,1.5762,1.4465,1.4379,nan,1.4458,nan,1.5856,nan,1.5238,1.1924,nan,0.34208,0.026813999999999998,nan,-0.68798,-0.9919899999999999,0.19357,0.24135,0.038632,-0.35008,-0.65286,-1.0252,-1.3465,nan,-1.6601,-1.4789,-1.2128,nan,nan,-0.24563000000000001,-0.0047582,0.056022,-0.11793,nan,-0.64408,nan,-1.294,-1.4469,-1.5146,-1.4683,-1.3039,-0.99115,-0.74611,-0.4161,-0.18692999999999999,0.048988
2.0,-0.8144399999999999,nan,-0.61426,-0.28593,0.033139,0.26015,0.62703,0.8276600000000001,1.0636,1.23,1.3319999999999999,nan,nan,nan,1.1243,0.9701799999999999,0.75621,0.67379,0.53268,0.32982,0.17463,-0.1855,-0.5208699999999999,-0.82475,-0.7813100000000001,-0.76783,-0.5262100000000001,-0.22671,nan,nan,0.8655299999999999,1.2356,1.6175,1.7309,nan,1.4652,1.2636,1.2567,1.3062,1.4098,1.5096,1.6212,1.5308,nan,0.87702,0.46286000000000005,0.075088,-0.31565,-0.6614,nan,nan,nan,-0.5938,-0.78962,-0.94111,-1.1356,-1.4202,nan,-1.5094,-1.3817,nan,-0.76849,nan,-0.6468,nan,-0.12362000000000001,-0.35552,-0.6513899999999999,-0.9311,-1.1127,-1.2196,-1.3474,-1.4406,-1.3597,-1.2815,nan,nan,-0.8092600000000001,-0.5886899999999999,-0.32187
2.0,-0.82439,nan,-0.53366,-0.29795,0.024992,0.35715,nan,0.87671,1.075,1.1813,nan,1.379,1.3826,1.2770000000000001,1.145,0.9872200000000001,0.8612200000000001,0.6287,nan,0.08155,-0.20348,-0.45366999999999996,nan,-0.59224,-0.7418399999999999,-0.75057,-0.61456,-0.32634,nan,0.33702,0.68323,0.99041,1.3402,1.5547,1.5197,nan,1.4236,1.3879,nan,1.4456,nan,1.5734,1.5734,nan,0.98615,nan,nan,-0.19059,-0.5018699999999999,-0.76895,nan,-0.23942,nan,-0.6502899999999999,-0.8366299999999999,-1.0713,nan,-1.6286,-1.6568,-1.5143,-1.2852,nan,-0.7197399999999999,-0.55656,-0.2481,-0.068365,nan,-0.45888999999999996,nan,nan,-1.1614,-1.3839,-1.5522,-1.5973,-1.4391,-1.2508,-1.0687,-0.85149,nan,-0.31616
3.0,-0.29899000000000003,-0.25903000000000004,-0.25499,-0.091075,0.16043,0.38126,0.6209399999999999,0.8310299999999999,1.105,1.3141,1.465,1.6497,nan,nan,1.815,1.625,1.4429,1.1948,nan,0.80128,0.55765,0.28386,0.10450999999999999,-0.1103,nan,-0.32086,-0.29003,-0.16326,-0.015721000000000002,nan,nan,0.72305,0.94289,1.0539,1.0170000000000001,0.9341,0.88408,0.92922,0.94678,0.95978,0.97191,0.96057,1.0205,1.0307,0.92424,0.71322,0.50036,0.21814,-0.031048000000000003,-0.18943,-1.1105,-1.1105,-1.1105,nan,nan,nan,-1.1105,-1.1105,-1.1105,nan,-1.1105,-1.1105,-1.1105,-1.1105,nan,-1.1105,-1.1105,-1.1105,nan,nan,-1.1105,-1.1105,-1.1105,-1.1105,-1.1105,-1.1105,-1.1105,nan,-1.1105,-1.1105
3.0,-0.44298000000000004,-0.41816000000000003,nan,-0.06867100000000001,0.16914,0.38171,nan,0.8173600000000001,1.074,nan,1.3916,nan,1.4156,nan,1.1709,0.97557,0.79173,0.5835600000000001,0.28812,0.1039,-0.11385999999999999,-0.30495,-0.46843,-0.44678999999999996,-0.32275,nan,0.10705999999999999,0.3407,0.57768,nan,1.0548,1.2632,1.3487,1.3138,1.3398,nan,1.401,nan,1.4578,1.4434,1.4359,1.4287,nan,1.067,0.79987,nan,0.30528,nan,-0.17720999999999998,nan,nan,-1.0841,-1.0841,nan,-1.0841,-1.0841,-1.0841,nan,nan,-1.0841,-1.0841,-1.0841,-1.0841,-1.0841,-1.0841,nan,-1.0841,-1.0841,-1.0841,-1.0841,-1.0841,-1.0841,-1.0841,-1.0841,nan,nan,-1.0841,-1.0841,-1.0841,nan
2.0,-0.5285,nan,-0.25116,0.0087461,0.23051999999999997,0.49828999999999996,0.7311,1.0045,1.1623,1.3232,1.4312,1.4789,1.3986,1.3118,1.1806,1.0237,0.81143,nan,0.40501,0.1711,-0.10206,-0.34215999999999996,-0.49762,-0.53988,-0.47563,-0.2992,-0.065464,0.18275,0.41863999999999996,0.66609,nan,nan,1.3769,1.4665,1.4669999999999999,1.4066,1.422,1.4622,1.4439,1.4808,1.4909,nan,1.2131,nan,0.73178,0.49808,0.22601999999999997,-0.021608000000000002,-0.27118000000000003,-0.47273999999999994,-1.0615,-1.0615,-1.0615,-1.0615,nan,-1.0615,nan,-1.0615,-1.0615,-1.0615,-1.0615,-1.0615,nan,-1.0615,nan,-1.0615,-1.0615,nan,nan,-1.0615,-1.0615,-1.0615,-1.0615,-1.0615,-1.0615,-1.0615,-1.0615,nan,-1.0615,-1.0615
3.0,-0.42665,-0.35343,-0.20157,0.014816999999999999,0.24565,0.48636,0.71814,0.92591,nan,1.2238,nan,nan,1.4235,nan,1.1877,1.0389,0.8675799999999999,0.75008,0.51917,0.30561,0.11864000000000001,-0.13757,nan,-0.46615,-0.42901999999999996,-0.25879,-0.065638,0.16146,0.39763000000000004,nan,nan,nan,1.3178,1.3842,1.3361,1.3478,1.39,1.3916,nan,nan,nan,nan,1.2954,1.0622,0.80293,0.55514,0.3449,0.08541699999999999,nan,-0.36475,-1.0975,-1.0975,-1.0975,-1.0975,-1.0975,-1.0975,-1.0975,-1.0975,-1.0975,-1.0975,-1.0975,-1.0975,-1.0975,nan,-1.0975,-1.0975,nan,-1.0975,-1.0975,-1.0975,-1.0975,-1.0975,-1.0975,-1.0975,-1.0975,nan,-1.0975,-1.0975,-1.0975,-1.0975
3.0,-0.373,-0.3382,-0.15537,0.081934,0.32194,0.55942,0.8108,0.95599,1.1241,1.2655,1.3019999999999998,1.3265,nan,nan,nan,0.91594,nan,0.62159,nan,0.26611,nan,-0.23494,-0.43627,-0.40221999999999997,-0.29952,-0.13660999999999998,0.090918,nan,0.5238,nan,1.0122,nan,nan,1.3767,1.3014,1.2201,1.2523,nan,1.3726,1.3747,1.4766,1.5125,1.3522,1.1154,0.8502200000000001,0.62941,nan,0.10242000000000001,nan,-0.31495,-1.1136,-1.1136,-1.1136,nan,-1.1136,-1.1136,nan,-1.1136,-1.1136,nan,-1.1136,nan,-1.1136,nan,-1.1136,-1.1136,-1.1136,nan,nan,-1.1136,-1.1136,-1.1136,-1.1136,-1.1136,-1.1136,-1.1136,-1.1136,-1.1136,-1.1136,-1.1136
2.0,-0.44716000000000006,-0.40685,-0.22032,0.0046988,0.2487,0.5149199999999999,0.72846,0.91575,1.1698,1.2991,nan,1.4318,nan,1.2762,1.1427,0.90223,0.75242,0.49643000000000004,0.26566999999999996,nan,-0.17983,-0.38724000000000003,-0.49336,nan,-0.21164000000000002,0.017388,nan,0.44826000000000005,0.6629,nan,1.1476,1.3201,nan,1.3952,1.2990000000000002,1.3136,1.3625,1.4064,1.36,1.354,nan,1.3764,1.25,0.99085,0.7610600000000001,nan,nan,0.024095,-0.18187,-0.37103,-1.0931,-1.0931,-1.0931,-1.0931,-1.0931,nan,-1.0931,-1.0931,-1.0931,-1.0931,-1.0931,-1.0931,-1.0931,-1.0931,-1.0931,-1.0931,nan,-1.0931,-1.0931,-1.0931,-1.0931,-1.0931,nan,-1.0931,-1.0931,-1.0931,-1.0931,-1.0931,-1.0931,-1.0931
3.0,-0.44101999999999997,-0.38699,nan,nan,nan,0.46132,0.727,0.96967,nan,1.2653,1.3986,1.4787,1.4011,1.2811,1.0824,0.9262799999999999,0.74949,0.55015,0.32793,0.14524,nan,-0.27207,nan,-0.52377,nan,-0.24056,-0.019344,0.21086,0.44337,0.6772600000000001,0.9075,1.1474,1.364,nan,nan,1.3844,nan,1.4704,nan,1.4864,1.4801,nan,1.24,1.0389,0.80161,nan,0.29022,0.034398000000000005,nan,-0.41977,-1.0767,-1.0767,-1.0767,-1.0767,-1.0767,-1.0767,-1.0767,-1.0767,-1.0767,-1.0767,-1.0767,nan,-1.0767,nan,-1.0767,-1.0767,-1.0767,-1.0767,-1.0767,-1.0767,-1.0767,-1.0767,-1.0767,-1.0767,nan,nan,-1.0767,nan,-1.0767,nan
3.0,-0.50451,-0.45242,-0.26011,-0.024138,0.22086999999999998,0.45445,0.71419,0.9865799999999999,1.157,1.3316,1.4219,nan,1.3837,1.2711,1.1507,0.9602200000000001,0.81609,0.6838,0.47766000000000003,0.21891999999999998,nan,nan,-0.52549,-0.5260199999999999,-0.42963,-0.23035999999999998,-0.015416,nan,0.45811,0.70507,0.94781,1.179,1.3356,nan,nan,1.4024,1.4494,nan,nan,1.4048,1.4877,1.4403,1.2028,1.031,0.7842,0.5247,0.28915,0.017127,-0.27529000000000003,nan,-1.0727,-1.0727,nan,-1.0727,-1.0727,-1.0727,-1.0727,-1.0727,-1.0727,-1.0727,-1.0727,-1.0727,-1.0727,-1.0727,-1.0727,-1.0727,-1.0727,-1.0727,-1.0727,-1.0727,-1.0727,nan,-1.0727,-1.0727,-1.0727,-1.0727,nan,-1.0727,nan,-1.0727
3.0,-0.4427,-0.3787,-0.24072,-0.02284,0.19582,0.4035,0.68223,nan,1.0461,1.2575,1.3821,1.3835,1.3924,1.2773,nan,1.0408,0.8486899999999999,0.56606,0.26008000000000003,0.065662,-0.19277,nan,-0.47188,-0.42783000000000004,nan,-0.065242,0.15497,nan,0.61779,0.8428899999999999,nan,1.24,1.3716,1.3874,1.3633,1.3194,1.3834,1.4015,1.4249,nan,1.393,1.3817,nan,1.0901,0.84754,0.58212,0.34318000000000004,nan,-0.1421,-0.3575,nan,-1.0918,-1.0918,nan,nan,nan,-1.0918,nan,-1.0918,-1.0918,-1.0918,-1.0918,-1.0918,-1.0918,-1.0918,-1.0918,-1.0918,-1.0918,nan,-1.0918,-1.0918,nan,-1.0918,-1.0918,-1.0918,nan,-1.0918,-1.0918,nan,-1.0918
3.0,-0.48585,-0.3915,-0.21575,-0.053301,0.19372999999999999,nan,0.7267100000000001,0.9877299999999999,1.1062,nan,1.3495,1.3980000000000001,1.3630000000000002,nan,1.133,nan,0.8269799999999999,nan,0.41166,0.15988,0.12768,-0.06777999999999999,-0.3144,-0.46273000000000003,-0.41562,-0.24474,nan,0.19835,nan,0.68157,0.9306,1.1703,1.4040000000000001,nan,1.3719,nan,1.3130000000000002,1.369,1.3972,nan,1.4909999999999999,1.4765,1.3058,1.0908,nan,0.5918100000000001,0.35224,0.08708300000000001,-0.16697,-0.35835,-1.0937,-1.0937,-1.0937,nan,nan,-1.0937,-1.0937,-1.0937,-1.0937,-1.0937,nan,-1.0937,-1.0937,nan,-1.0937,-1.0937,-1.0937,-1.0937,nan,nan,-1.0937,-1.0937,-1.0937,-1.0937,-1.0937,-1.0937,-1.0937,-1.0937,-1.0937,-1.0937
3.0,-0.47545,-0.42031999999999997,nan,0.021419999999999998,0.2556,0.5288,0.67616,nan,1.094,1.2536,1.3702,1.4107,1.3401,1.2428,1.072,0.9214,nan,0.5747800000000001,0.35144000000000003,0.18895,-0.06464099999999999,-0.32427,-0.51982,-0.5143300000000001,nan,nan,0.10885,nan,0.58305,0.8398700000000001,1.0691,1.3096,1.3801,nan,1.3617,nan,1.3814,1.4248,1.4377,1.3997,nan,1.4264,nan,1.0579,0.83499,nan,0.32302,0.06152899999999999,nan,-0.41891000000000006,-1.0886,nan,nan,-1.0886,-1.0886,-1.0886,-1.0886,-1.0886,-1.0886,-1.0886,-1.0886,-1.0886,nan,nan,-1.0886,-1.0886,-1.0886,-1.0886,nan,-1.0886,-1.0886,-1.0886,-1.0886,-1.0886,-1.0886,nan,-1.0886,-1.0886,-1.0886,-1.0886
3.0,-0.36153,-0.33344,nan,0.054669,0.28441,0.53093,nan,0.9188,1.1248,1.2586,1.3673,1.3118,nan,1.1854,1.1107,0.98162,0.78703,0.6521100000000001,nan,0.14552,-0.0029908,-0.15713,-0.36446,-0.42272,-0.33266999999999997,-0.16845,0.060062,0.29293,nan,0.76413,1.0041,nan,nan,1.3606,1.2975,1.3066,1.3024,1.3293,nan,1.3766,1.3627,nan,nan,nan,nan,0.6420899999999999,0.39147,0.12837,-0.11427999999999999,-0.3121,-1.1129,-1.1129,-1.1129,-1.1129,nan,-1.1129,-1.1129,nan,-1.1129,-1.1129,-1.1129,-1.1129,-1.1129,-1.1129,-1.1129,-1.1129,-1.1129,-1.1129,nan,-1.1129,-1.1129,nan,-1.1129,-1.1129,nan,-1.1129,-1.1129,-1.1129,nan,nan
3.0,-0.49437,-0.39425,-0.2355,-0.0045411,0.23994000000000001,nan,nan,nan,1.0394,nan,1.2790000000000001,1.376,1.261,1.1431,0.9853799999999999,0.87939,0.61878,0.4757,0.31654,0.051308000000000006,-0.21641,-0.45781000000000005,-0.48228999999999994,-0.43212,-0.24226,-0.014100999999999999,0.2039,0.44681000000000004,nan,nan,1.1789,nan,1.4951,1.4319,1.3595,1.391,1.3817,nan,1.4381,1.5079,nan,1.4947,1.273,1.0311,0.7759699999999999,nan,0.2277,0.04169,-0.22494,nan,-1.0819,-1.0819,-1.0819,nan,-1.0819,-1.0819,-1.0819,-1.0819,-1.0819,-1.0819,-1.0819,-1.0819,-1.0819,-1.0819,nan,-1.0819,-1.0819,-1.0819,nan,-1.0819,nan,-1.0819,-1.0819,-1.0819,-1.0819,-1.0819,-1.0819,nan,-1.0819,-1.0819
3.0,-0.51317,-0.45005,-0.26569,nan,0.21785,0.44053000000000003,0.70565,nan,1.1096,nan,1.4038,1.4609999999999999,1.3892,1.3083,1.1763,1.0208,0.87846,0.6705300000000001,0.40758,0.1639,-0.067432,-0.30123,nan,-0.46953,nan,-0.14219,0.071101,0.29409,0.52058,0.74925,0.9793799999999999,nan,1.4029,1.4634,1.3791,1.3778,nan,1.4227,1.4389,1.4555,1.4732,1.3457,1.1909,0.9565899999999999,0.73495,0.48868,0.24558000000000002,-0.016663,nan,-0.40502,-1.0802,-1.0802,nan,nan,nan,nan,-1.0802,-1.0802,-1.0802,nan,nan,nan,-1.0802,-1.0802,-1.0802,-1.0802,-1.0802,-1.0802,-1.0802,-1.0802,nan,-1.0802,-1.0802,-1.0802,-1.0802,-1.0802,-1.0802,nan,-1.0802,-1.0802
3.0,-0.4881,-0.40609,-0.26599,-0.03665,nan,0.46412,0.6706,0.87597,1.07,1.2534,1.3284,1.4238,1.3315,1.1968,1.1134,nan,0.74739,0.52841,0.32804,0.083721,nan,-0.37872,-0.43471000000000004,-0.40541,nan,-0.030685000000000004,0.1986,0.43518,0.6704899999999999,0.9010100000000001,1.1316,1.3868,1.4988,nan,1.2983,1.2891,1.3429,1.3919,nan,1.4494,1.5142,1.4117,1.228,1.0186,0.76989,0.53186,0.28457,0.029147000000000003,-0.2035,-0.37792,-1.0903,-1.0903,-1.0903,nan,nan,nan,nan,nan,-1.0903,-1.0903,-1.0903,nan,nan,-1.0903,-1.0903,-1.0903,nan,-1.0903,-1.0903,-1.0903,-1.0903,-1.0903,-1.0903,-1.0903,nan,-1.0903,-1.0903,-1.0903,-1.0903,-1.0903
3.0,-0.46506000000000003,-0.38044,nan,0.028301,nan,0.46215,0.67093,0.92789,1.1335,1.2836,1.3718,1.3883,1.3404,nan,1.1017,0.9148799999999999,0.7610399999999999,0.58695,nan,0.075262,-0.1515,-0.38225,-0.43118,nan,-0.22046999999999997,-0.0015634,0.21181999999999998,0.45333999999999997,0.693,nan,1.1425,nan,1.3496,1.294,1.2711,nan,1.3883,1.4262,1.403,1.3733,nan,1.4387,1.2704,1.0001,0.74926,nan,0.26255,0.022438999999999997,-0.18686,-0.39484,nan,-1.0984,-1.0984,-1.0984,-1.0984,-1.0984,-1.0984,-1.0984,-1.0984,-1.0984,-1.0984,-1.0984,-1.0984,-1.0984,-1.0984,-1.0984,-1.0984,-1.0984,-1.0984,-1.0984,-1.0984,-1.0984,-1.0984,-1.0984,-1.0984,-1.0984,nan,-1.0984,-1.0984,-1.0984
3.0,-0.38537,-0.37306,-0.18269000000000002,nan,0.29716,0.5283,nan,0.86077,1.0592,nan,1.3078,1.3324,1.3533,1.3004,1.2159,1.0615,0.88275,0.58601,0.38752,nan,nan,-0.22996999999999998,-0.41131,-0.41115,-0.31308,-0.10686,0.12000999999999999,0.35263,0.6066699999999999,0.83847,1.0907,1.3072,1.3758,1.297,1.2227,1.2385,1.2799,1.3533,1.3728,1.3753,1.4406,1.4042,1.3416,1.0538,0.81272,0.59929,nan,0.098475,-0.13042,-0.29097,-1.1111,-1.1111,-1.1111,-1.1111,nan,-1.1111,-1.1111,-1.1111,-1.1111,-1.1111,-1.1111,-1.1111,-1.1111,-1.1111,-1.1111,nan,-1.1111,-1.1111,nan,-1.1111,-1.1111,-1.1111,nan,-1.1111,-1.1111,-1.1111,-1.1111,-1.1111,-1.1111,-1.1111
3.0,-0.37154,nan,-0.17387,nan,0.28835,0.52149,0.7296,0.93289,1.0923,1.2253,1.2954,1.3132,1.327,1.2042,1.0983,nan,nan,0.58205,0.38388,0.13413,-0.11385,-0.30052,-0.3824,-0.35674,-0.21868,-0.014916999999999998,0.20101,nan,0.65309,0.84006,1.0933,1.2911,1.4265,1.3652,nan,1.2424,1.3068,1.3307,nan,1.3218,nan,1.4461,1.2977,nan,0.8222700000000001,0.5878899999999999,0.35593,0.12774000000000002,-0.10924,-0.29573,-1.1174,-1.1174,nan,-1.1174,-1.1174,nan,nan,nan,-1.1174,-1.1174,-1.1174,-1.1174,-1.1174,nan,nan,-1.1174,-1.1174,nan,-1.1174,-1.1174,-1.1174,-1.1174,-1.1174,nan,nan,-1.1174,-1.1174,-1.1174,-1.1174,-1.1174
3.0,-0.42153,-0.35957,-0.1736,0.066504,0.3283,0.49971000000000004,0.6919,0.99444,1.1572,1.3096,1.36,1.4,1.3007,nan,1.0141,0.8774700000000001,0.67708,0.5032,0.26503000000000004,0.030423000000000002,-0.2334,-0.40708,-0.51025,-0.40378000000000003,nan,0.0023383,0.21263,0.4516,0.69007,0.92894,1.1635,1.3271,1.4211,1.4005,nan,1.3169,1.347,1.3349,nan,1.3852,nan,1.4096,1.2556,nan,0.80188,0.5708,0.34071999999999997,nan,-0.14335,-0.34434000000000003,-1.0998,-1.0998,nan,-1.0998,-1.0998,-1.0998,nan,-1.0998,nan,-1.0998,-1.0998,nan,-1.0998,-1.0998,nan,nan,-1.0998,nan,-1.0998,-1.0998,-1.0998,-1.0998,-1.0998,-1.0998,-1.0998,-1.0998,-1.0998,-1.0998,-1.0998,-1.0998
3.0,-0.42782,-0.33898,nan,0.052203,nan,0.48277,0.7773899999999999,0.9566600000000001,1.1097,nan,1.3463,nan,1.2654,nan,1.0979,nan,0.7563300000000001,0.56877,0.32658000000000004,nan,-0.099426,-0.30330999999999997,-0.43123999999999996,-0.35525,-0.26964,nan,0.20351,nan,0.6784100000000001,nan,1.1648,1.4199,1.44,1.3975,1.305,nan,1.311,1.3309,1.3543,nan,1.5029,1.4081,nan,nan,0.7238600000000001,0.48961000000000005,0.25224,0.019634,-0.19788,nan,-1.1019,-1.1019,nan,-1.1019,-1.1019,-1.1019,nan,-1.1019,nan,-1.1019,-1.1019,-1.1019,-1.1019,-1.1019,-1.1019,-1.1019,-1.1019,-1.1019,-1.1019,-1.1019,-1.1019,nan,-1.1019,-1.1019,-1.1019,nan,-1.1019,-1.1019,-1.1019,nan
3.0,-0.42383999999999994,-0.35166,nan,0.025583,0.27155,0.25942,0.44092,0.67901,nan,1.1136,1.179,nan,nan,nan,1.2135,1.1095,0.87755,0.69672,0.62048,0.40178,0.15617,0.017013,-0.23676,-0.41378000000000004,-0.41143,-0.24803000000000003,-0.03171,0.21251,nan,0.66885,0.92145,1.1811,nan,1.49,1.4093,1.2959,1.3009,1.3411,1.4149,1.4572,1.5098,nan,1.3869,1.1398,nan,0.61931,nan,0.098334,-0.10690999999999999,-0.32656,-1.105,-1.105,-1.105,-1.105,-1.105,-1.105,-1.105,-1.105,-1.105,-1.105,-1.105,-1.105,nan,-1.105,-1.105,nan,-1.105,nan,-1.105,-1.105,-1.105,-1.105,nan,-1.105,-1.105,-1.105,-1.105,-1.105,nan,nan
3.0,-0.38515,-0.31521,nan,0.065538,0.29730999999999996,0.55416,0.8192299999999999,nan,1.1254,1.2736,nan,1.3698,1.3115,1.2175,nan,nan,nan,0.56401,0.3742,0.12265,-0.07304400000000001,-0.1974,nan,nan,-0.3176,-0.12324,0.089726,0.3124,0.54084,0.78523,1.024,1.2284,1.3292,1.3119999999999998,1.2839,1.3125,1.3719999999999999,1.4533,nan,nan,1.4702,1.4047,1.2273,1.037,0.8005899999999999,0.54352,0.31658000000000003,nan,-0.1258,-0.30491,-1.1098,-1.1098,nan,-1.1098,-1.1098,-1.1098,-1.1098,-1.1098,-1.1098,-1.1098,-1.1098,nan,-1.1098,-1.1098,-1.1098,-1.1098,-1.1098,-1.1098,-1.1098,nan,-1.1098,-1.1098,-1.1098,-1.1098,nan,nan,-1.1098,-1.1098,-1.1098,nan
3.0,-0.55842,-0.49965,-0.29544000000000004,-0.053877999999999995,0.20689000000000002,0.46041000000000004,nan,0.9787100000000001,1.171,1.3479,1.4173,1.4647,1.3475,nan,1.0316,0.85719,0.57767,nan,0.067958,-0.19150999999999999,-0.46576999999999996,-0.57158,-0.51294,-0.38165,nan,nan,0.29349000000000003,0.52484,0.75698,0.9896299999999999,1.2159,nan,nan,1.3673,1.3677,1.3538,nan,nan,nan,1.5207,nan,1.3849,1.1715,0.9399200000000001,0.70913,0.50427,0.2407,nan,-0.26898,-0.49168,-1.0586,nan,-1.0586,nan,-1.0586,-1.0586,nan,-1.0586,-1.0586,-1.0586,nan,-1.0586,-1.0586,-1.0586,-1.0586,-1.0586,-1.0586,nan,-1.0586,-1.0586,-1.0586,-1.0586,nan,-1.0586,-1.0586,-1.0586,-1.0586,-1.0586,nan,-1.0586
3.0,-0.43792,nan,nan,nan,0.25386,0.49075,0.69699,0.9572700000000001,1.1635,1.2767,1.3944,nan,1.3711,1.273,1.2344,1.0462,0.8327100000000001,nan,0.31637,0.041734,-0.19888,-0.41341000000000006,-0.49816000000000005,-0.40394,-0.32341,-0.1365,0.071986,0.30371,0.53292,nan,nan,1.246,1.3373,nan,1.3363,1.3342,1.3596,1.4118,1.368,1.3274,1.3557,1.3817,1.2623,nan,0.86782,0.62368,nan,0.12080999999999999,-0.11532,-0.3083,-1.0922,-1.0922,-1.0922,-1.0922,-1.0922,-1.0922,-1.0922,-1.0922,-1.0922,-1.0922,-1.0922,-1.0922,-1.0922,-1.0922,-1.0922,-1.0922,-1.0922,-1.0922,-1.0922,-1.0922,nan,-1.0922,nan,-1.0922,-1.0922,-1.0922,-1.0922,-1.0922,-1.0922,-1.0922
3.0,-0.42867,-0.37563,-0.20767,0.034203,nan,0.52261,nan,0.93926,1.1426,1.3465,1.3821,1.3401,nan,nan,1.0973,0.87841,0.74174,0.5260699999999999,0.31798000000000004,0.044905,-0.19955,nan,-0.5082399999999999,-0.4263,-0.26659,-0.043538,0.17348,0.42005,0.64767,nan,nan,1.3764,1.4237,1.3933,nan,1.2159,1.3128,1.3636,1.3534,1.3832,1.4802,1.4145,nan,nan,0.82711,0.56816,0.33664,nan,-0.13851,-0.34806,-1.0958,nan,-1.0958,nan,nan,-1.0958,-1.0958,nan,-1.0958,-1.0958,-1.0958,nan,nan,-1.0958,-1.0958,nan,-1.0958,nan,-1.0958,-1.0958,-1.0958,-1.0958,-1.0958,-1.0958,-1.0958,nan,nan,-1.0958,-1.0958,-1.0958
3.0,-0.51579,-0.43996999999999997,-0.22873000000000002,0.024115,0.25927,0.50208,0.69222,0.90933,1.1403,1.2992,1.4102,1.4731,1.41,nan,1.1204,nan,nan,nan,0.34526999999999997,0.10156,-0.15327000000000002,nan,-0.44387,-0.5660000000000001,-0.44301999999999997,-0.21781,-0.02658,nan,0.46795,0.71099,nan,1.1889,1.3893,nan,1.3843,nan,1.4567,1.4699,1.459,1.4479,1.4675,1.4365,nan,1.0248,0.78125,nan,nan,nan,-0.20651,-0.41236999999999996,-1.0703,-1.0703,-1.0703,-1.0703,-1.0703,-1.0703,-1.0703,-1.0703,-1.0703,-1.0703,nan,-1.0703,-1.0703,-1.0703,-1.0703,-1.0703,-1.0703,-1.0703,-1.0703,-1.0703,-1.0703,-1.0703,-1.0703,nan,-1.0703,-1.0703,-1.0703,nan,nan,-1.0703
3.0,-0.5199,-0.44451,-0.25665,0.010620000000000001,nan,nan,0.72108,nan,1.1469,nan,1.4315,nan,1.3983,1.3002,1.1444,0.93334,0.76236,0.56728,nan,0.054178,-0.18422,-0.39676999999999996,-0.50943,-0.49573999999999996,-0.3509,-0.13762,nan,0.31461999999999996,0.53668,0.77782,0.99464,1.2361,1.3655,1.4157,1.3814,1.4013,1.4175,1.4268,1.4963,nan,nan,1.391,1.2345,0.9655,0.73715,0.48268999999999995,0.24504,-0.005443600000000001,nan,nan,-1.0713,nan,-1.0713,-1.0713,nan,-1.0713,-1.0713,-1.0713,-1.0713,-1.0713,-1.0713,-1.0713,nan,nan,-1.0713,-1.0713,-1.0713,nan,-1.0713,-1.0713,-1.0713,-1.0713,-1.0713,-1.0713,-1.0713,-1.0713,nan,nan,-1.0713,-1.0713
3.0,-0.4206,-0.35091999999999995,-0.17488,0.059507000000000004,0.30169,0.55443,0.82789,nan,1.1223,1.2218,1.3019,1.2923,nan,1.0788,0.9611700000000001,0.866,0.65632,0.50222,0.31526,0.1359,-0.10594,-0.32718,-0.41283000000000003,-0.36412,-0.19528,0.012315000000000001,0.24652,0.48682,nan,0.96826,1.2107,nan,nan,1.2785,1.215,nan,1.2533,1.3186,nan,1.4079,1.4869999999999999,1.4907,nan,1.0992,0.85257,0.6059399999999999,nan,0.11959000000000002,-0.12309,-0.33113000000000004,-1.1144,-1.1144,-1.1144,-1.1144,-1.1144,-1.1144,-1.1144,-1.1144,nan,nan,-1.1144,-1.1144,nan,nan,-1.1144,-1.1144,-1.1144,-1.1144,-1.1144,nan,nan,-1.1144,-1.1144,-1.1144,-1.1144,-1.1144,-1.1144,nan,-1.1144,-1.1144
3.0,-0.38892,-0.33253,nan,0.089238,0.16949,0.38954,0.6140800000000001,0.8490200000000001,1.0813,1.2254,1.34,1.4108,1.4067,nan,1.2586,1.1221,0.9223100000000001,0.7461800000000001,0.49792,0.2911,0.048119,-0.20206,nan,nan,nan,-0.2201,-0.011738,0.21125,0.45893,0.6913699999999999,0.93785,1.1432,1.3133,1.3454,1.247,1.2307,1.3065,1.3485,1.3926,1.4412,nan,1.4739,1.3459,1.0568,0.8222700000000001,nan,0.32350999999999996,nan,-0.1207,-0.32023,-1.1005,-1.1005,-1.1005,-1.1005,-1.1005,-1.1005,-1.1005,nan,nan,-1.1005,nan,nan,nan,-1.1005,-1.1005,-1.1005,-1.1005,-1.1005,-1.1005,-1.1005,-1.1005,-1.1005,-1.1005,-1.1005,-1.1005,-1.1005,-1.1005,-1.1005,-1.1005,-1.1005
3.0,-0.41248999999999997,-0.33033,-0.19186,0.024909999999999998,0.22378,0.45941000000000004,0.68119,0.88233,nan,1.2597,nan,1.3396,nan,1.2155,1.0961,0.9140799999999999,0.7378100000000001,0.57667,0.33944,nan,nan,-0.12487999999999999,nan,-0.3824,-0.3597,-0.20701,nan,0.2274,0.45283,0.70528,nan,1.1936,1.3744,1.4944,nan,nan,nan,1.3226,1.3785,1.4049,1.465,1.5293,nan,nan,0.95552,0.67108,0.40128,0.10073,-0.13288,-0.31524,-1.1054,-1.1054,-1.1054,-1.1054,-1.1054,nan,-1.1054,-1.1054,-1.1054,-1.1054,-1.1054,-1.1054,-1.1054,-1.1054,-1.1054,-1.1054,-1.1054,-1.1054,-1.1054,-1.1054,nan,-1.1054,nan,nan,-1.1054,-1.1054,-1.1054,nan,-1.1054,-1.1054
3.0,-0.49756000000000006,-0.37634,-0.21116999999999997,0.026744,0.25009000000000003,0.50422,nan,0.9495299999999999,1.101,1.2145,1.2776,1.3562,1.2922,1.1963,1.0505,nan,0.77987,0.62078,0.44748000000000004,0.20776,-0.041546,nan,nan,-0.41913,-0.27697,nan,0.16552,0.42172,0.65363,0.9119200000000001,1.1436,nan,nan,1.3883,1.3799,1.3472,nan,nan,1.3984,1.3718,1.4133,1.3718,1.2528,1.0203,0.77242,0.50789,0.30614,0.027499000000000003,-0.16589,-0.40046,nan,-1.1039,-1.1039,-1.1039,-1.1039,-1.1039,-1.1039,nan,-1.1039,-1.1039,-1.1039,nan,-1.1039,-1.1039,-1.1039,nan,-1.1039,-1.1039,nan,-1.1039,-1.1039,-1.1039,-1.1039,-1.1039,-1.1039,-1.1039,nan,-1.1039,-1.1039,-1.1039
3.0,-0.49373,-0.42844,nan,-0.011134,nan,nan,0.73649,0.97955,nan,nan,1.3379,1.4103,1.3762,1.2637,nan,0.9364100000000001,0.79375,0.58436,0.40276,0.16255999999999998,nan,-0.31924,-0.50122,-0.48099,-0.38587,-0.20486999999999997,0.022897999999999998,0.25593,nan,nan,0.95126,1.1892,nan,1.4984,1.4113,1.3555,1.369,1.4103,1.4197,1.4692,1.5161,1.4669,nan,1.0084,0.76653,0.5249,nan,0.025192,-0.21249,-0.41273000000000004,-1.0778,-1.0778,-1.0778,-1.0778,-1.0778,-1.0778,-1.0778,-1.0778,-1.0778,-1.0778,-1.0778,nan,-1.0778,-1.0778,-1.0778,-1.0778,-1.0778,-1.0778,-1.0778,-1.0778,-1.0778,-1.0778,-1.0778,-1.0778,-1.0778,-1.0778,nan,-1.0778,-1.0778,-1.0778
3.0,-0.41303999999999996,-0.33938,-0.1714,-0.013988999999999998,0.21578000000000003,0.48001000000000005,0.6987800000000001,0.9426,1.115,1.2544,1.3475,1.2899,1.2823,nan,1.0774,0.8837700000000001,0.61842,0.41917,0.23319,0.024250999999999998,-0.051611000000000004,-0.2898,-0.42311000000000004,-0.36486999999999997,-0.23939000000000002,-0.006683199999999999,0.22214,0.47197,0.70385,nan,1.1834,1.3287,1.4322,1.276,1.1855,1.2303,1.274,1.3423,1.4102,1.4299,1.5183,1.5373,1.3687,1.1056,0.8681,0.6051,0.34903,0.08169900000000001,nan,-0.32963000000000003,-1.1049,nan,-1.1049,nan,-1.1049,-1.1049,-1.1049,-1.1049,-1.1049,nan,-1.1049,nan,-1.1049,nan,-1.1049,-1.1049,-1.1049,-1.1049,-1.1049,nan,-1.1049,-1.1049,-1.1049,-1.1049,nan,nan,nan,nan,nan,-1.1049
3.0,-0.41218999999999995,-0.35453,-0.17324,0.075112,0.33198,0.56223,0.7774,0.9560299999999999,1.1249,1.2089,1.3069,1.3949,1.3294,1.1971,1.0512,nan,0.71262,nan,0.28108,0.012270999999999999,nan,-0.4697,nan,-0.34741,-0.13704000000000002,0.10290999999999999,0.33436,0.59048,0.70828,0.94785,nan,1.4368,1.4411,nan,1.2997,1.2856,1.3314,1.3843,1.4207,1.4485,nan,1.1666,1.0788,0.8961399999999999,0.7331,0.62245,0.40369,0.14394,nan,-0.30127,-1.1112,-1.1112,nan,-1.1112,-1.1112,-1.1112,-1.1112,-1.1112,-1.1112,-1.1112,-1.1112,nan,-1.1112,-1.1112,-1.1112,-1.1112,-1.1112,-1.1112,nan,-1.1112,-1.1112,-1.1112,-1.1112,-1.1112,-1.1112,nan,-1.1112,-1.1112,-1.1112,-1.1112
3.0,-0.45798,-0.43723999999999996,-0.32404,-0.068321,0.16233,0.39144,0.65665,nan,0.8537600000000001,nan,1.1666,nan,1.4771,nan,1.3037,1.1569,0.96467,0.76654,0.5727,0.34196,0.07571699999999999,-0.17298,-0.4028,-0.46779,-0.4178,-0.20786999999999997,-0.038276,0.21536,0.4759,nan,0.94078,1.1993,1.4267,1.3743,1.3409,nan,nan,1.4532,1.4686,1.4832,1.4755,1.3757,1.1434,0.91555,0.81929,nan,0.33699,0.086684,-0.16072999999999998,-0.36595,-1.0886,-1.0886,-1.0886,-1.0886,-1.0886,-1.0886,-1.0886,-1.0886,-1.0886,-1.0886,-1.0886,nan,nan,-1.0886,-1.0886,-1.0886,-1.0886,-1.0886,-1.0886,-1.0886,nan,-1.0886,-1.0886,nan,-1.0886,-1.0886,nan,-1.0886,nan,-1.0886
3.0,-0.43826000000000004,nan,nan,0.038611,0.27891,nan,0.7889,0.99864,1.1834,nan,1.412,1.4053,1.3135,1.245,1.0965,0.9627899999999999,0.8087,nan,0.4375,0.2091,nan,-0.23178,-0.43528999999999995,-0.45774,nan,nan,0.019629,0.24956,0.48589,0.72619,nan,1.2053,1.3488,1.4371,1.3365,1.2835,1.3311,nan,1.444,1.4254,1.399,1.3978,1.2624,1.0423,0.8054100000000001,0.5582600000000001,0.30474,0.05912100000000001,nan,-0.36327,-1.0961,nan,-1.0961,-1.0961,-1.0961,-1.0961,-1.0961,-1.0961,-1.0961,-1.0961,-1.0961,-1.0961,nan,-1.0961,-1.0961,-1.0961,-1.0961,-1.0961,-1.0961,-1.0961,-1.0961,-1.0961,-1.0961,nan,-1.0961,-1.0961,-1.0961,-1.0961,-1.0961,-1.0961
3.0,-0.45421000000000006,-0.35573,-0.19658,-0.042193,0.19505,0.44281000000000004,0.69108,0.89161,1.0655,1.2573,1.3909,nan,nan,1.2572,1.1512,1.0039,nan,0.64864,0.40778000000000003,0.30501,nan,nan,nan,-0.45338999999999996,-0.38747,-0.22216,0.0016298999999999999,0.24672,0.49428999999999995,0.7380800000000001,nan,1.1945,1.3866,1.4028,1.368,1.3352,nan,1.41,1.4344,1.4361,1.4621,1.3872,1.2728,1.0193,0.79191,0.52398,0.29438000000000003,0.05555,-0.20035,-0.38415,-1.0952,-1.0952,-1.0952,-1.0952,-1.0952,-1.0952,-1.0952,-1.0952,nan,-1.0952,nan,-1.0952,-1.0952,-1.0952,nan,-1.0952,-1.0952,-1.0952,-1.0952,-1.0952,-1.0952,-1.0952,-1.0952,nan,-1.0952,nan,-1.0952,-1.0952,-1.0952,-1.0952
3.0,-0.44556999999999997,-0.42577,-0.23349,-0.009152500000000001,0.17354,0.39444,0.57158,0.7963,0.9898899999999999,1.1643,1.2734,1.3721,1.3675,1.2701,1.1392,0.9597,0.83467,nan,0.5657399999999999,0.34515999999999997,0.072599,-0.18517,nan,nan,nan,nan,nan,nan,0.5434399999999999,0.79296,1.0425,nan,1.4747,1.4267,1.287,nan,1.2599,1.3501,1.3986,1.3528,1.3733,1.4573,1.341,1.1579,0.89922,0.62949,0.36139,0.12190999999999999,nan,-0.32997,-1.1062,-1.1062,-1.1062,-1.1062,-1.1062,-1.1062,-1.1062,-1.1062,nan,-1.1062,-1.1062,nan,-1.1062,-1.1062,-1.1062,-1.1062,nan,-1.1062,-1.1062,-1.1062,-1.1062,-1.1062,-1.1062,-1.1062,-1.1062,-1.1062,nan,-1.1062,-1.1062,-1.1062
3.0,-0.49263,-0.42715,-0.24619000000000002,-0.022174,0.2151,0.46471,nan,0.9239,1.1217,1.2999,1.4296,1.4767,1.4040000000000001,1.2689,1.1475,0.9807,nan,0.56365,0.30648000000000003,0.10926,-0.14562999999999998,-0.37878,-0.51617,-0.50249,-0.39454,-0.17827,nan,0.27165,0.50331,0.75247,0.97854,1.1965,nan,1.4579,1.419,1.401,1.4495,nan,1.4764,1.4656,1.5316,1.3845,1.2007,0.975,0.7357,0.4714,0.22145,nan,-0.26383,nan,-1.0666,-1.0666,-1.0666,-1.0666,-1.0666,-1.0666,-1.0666,nan,-1.0666,-1.0666,-1.0666,nan,-1.0666,-1.0666,-1.0666,-1.0666,-1.0666,-1.0666,-1.0666,-1.0666,-1.0666,-1.0666,nan,-1.0666,-1.0666,-1.0666,-1.0666,-1.0666,nan,-1.0666
