1.0,-0.21603000000000003,-0.19375,-0.18817,-0.15475,-0.18817,-0.2216,-0.16032000000000002,-0.19932,-0.1826,-0.17146,-0.1826,-0.20489000000000002,-0.14918,-0.19932,-0.17703,nan,nan,-0.24945,-0.19932,nan,nan,-0.14361,-0.17146,-0.17146,-0.20489000000000002,nan,-0.14361,-0.15475,-0.11018,-0.1269,-0.060049,0.029082,0.034652999999999996,0.056936,0.17392,nan,-0.015483000000000002,nan,-0.28288,-0.19375,-0.34415,-0.25501999999999997,-0.26616,-0.29959,-0.2216,-0.27731,-0.26059,-0.17703,-0.14918,nan,1.3103,3.2601,0.98167,-3.3356,nan,-4.6949,-2.6393,-1.1241,nan,-0.26059,nan,-0.082332,-0.0043419,nan,0.068077,0.06250599999999999,0.12378,0.18506,0.21849000000000002,0.26861999999999997,nan,0.29648,nan,0.6028600000000001,0.70314,0.89254,1.1209,1.3215,1.6724,1.8786,2.1627,2.3186,nan,nan,2.1069,1.6557,1.2324,nan,0.39675,nan,nan,nan,0.040224,0.040224,0.0012288,0.073648,nan,nan,0.073648,0.084789,nan,0.15721,0.11821,0.079218,0.056936,0.01237,-0.0043419,-0.060049,-0.048907,-0.093473,nan,nan,-0.15475,-0.17703,nan,-0.14361,-0.17146,nan,-0.19932,nan,-0.22716999999999998,nan,-0.27731,-0.26616,nan,-0.24388,-0.26616,-0.28845,-0.29402,-0.31073,-0.25501999999999997,nan,-0.24388,-0.29959,nan,-0.29402
1.0,0.0099134,nan,-0.005763600000000001,nan,-0.052795,0.0099134,-0.021440999999999998,-0.029279000000000003,-0.060633000000000006,-0.091987,-0.013602000000000001,-0.060633000000000006,-0.013602000000000001,-0.07631,-0.060633000000000006,-0.12334,-0.084149,-0.068472,-0.037118,-0.07631,-0.060633000000000006,-0.12334,nan,-0.091987,-0.068472,nan,-0.099826,nan,-0.029279000000000003,0.0099134,nan,0.12749000000000002,0.16668,0.2921,0.41752,0.11965,-0.084149,-0.07631,-0.2174,-0.19389,-0.27226999999999996,-0.24092,-0.31146999999999997,-0.30363,-0.24092,-0.20956,-0.1547,-0.2174,-0.091987,0.66051,2.8318,5.0266,0.9191799999999999,-4.9362,-6.1198,-4.3326,-2.42,-1.0718,-0.44472,nan,nan,-0.12334,-0.052795,0.0020749,-0.005763600000000001,-0.044956,0.02559,0.12749000000000002,0.06478300000000001,nan,0.15884,nan,0.33913000000000004,0.35481,0.42535,0.67619,nan,0.8799899999999999,1.1308,1.0916,1.2641,1.1543,nan,0.9897299999999999,0.76241,0.55077,0.36265,0.22939,nan,0.08046,0.02559,0.033429,0.049106,0.0099134,0.06478300000000001,0.096137,0.096137,0.11965,0.14317,0.1902,nan,0.072621,0.19804000000000002,0.096137,0.10397999999999999,0.041267,-0.013602000000000001,0.0099134,0.08046,-0.013602000000000001,-0.021440999999999998,0.0099134,-0.07631,-0.14686,-0.060633000000000006,0.033429,-0.060633000000000006,-0.005763600000000001,-0.060633000000000006,0.0020749,-0.068472,0.0099134,-0.029279000000000003,-0.029279000000000003,-0.052795,-0.037118,-0.091987,nan,-0.044956,nan,-0.068472,0.0020749,nan,-0.1155,0.0020749,0.02559
1.0,0.07303899999999999,0.032244999999999996,0.040404,0.048563,0.032244999999999996,0.052641999999999994,0.040404,nan,0.015928,0.0036894,-0.00038994,-0.008548700000000001,-0.016707,-0.012628,-0.008548700000000001,-0.049343,-0.020787,-0.045263,-0.053422000000000004,-0.057501,-0.061581,nan,-0.09013600000000001,-0.057501,-0.07381900000000001,nan,-0.07381900000000001,-0.10645,-0.081978,nan,-0.09829500000000001,-0.09829500000000001,-0.06566,-0.016707,0.048563,0.056721,0.081198,0.15871,nan,nan,-0.18804,-0.21252,-0.18804,-0.26555,-0.26555,-0.24106999999999998,-0.26963000000000004,nan,-0.24923,-0.27371,-0.24923,-0.18804,0.07303899999999999,nan,nan,-1.5383,nan,nan,-3.4801,nan,-0.80811,-0.37161,-0.22884000000000002,-0.11869,-0.07381900000000001,-0.012628,0.0036894,0.048563,0.040404,nan,0.18725999999999998,0.22805999999999998,nan,0.34636,nan,nan,0.6523100000000001,0.8154899999999999,nan,nan,1.6069,nan,2.2881,2.6104,2.8756,2.9653,2.847,2.4513,1.8965,1.2561,0.68903,nan,0.10975,-0.033025,-0.11460999999999999,nan,-0.16357,nan,-0.14725,-0.13093,-0.11460999999999999,-0.08605700000000001,-0.10645,-0.10645,-0.09013600000000001,-0.07381900000000001,-0.09829500000000001,-0.14725,-0.13909000000000002,nan,-0.2166,-0.18395999999999998,-0.23290999999999998,-0.24106999999999998,-0.27779,-0.26963000000000004,-0.29003,-0.28187,-0.30634,nan,-0.3145,-0.33898,-0.3553,-0.3553,-0.36346,-0.3553,nan,-0.37161,nan,nan,-0.38793,nan,nan,-0.38793,-0.37569,-0.40425
2.0,1.9088,nan,0.34081,nan,nan,0.3502,nan,0.33143,0.37835,0.27512,nan,0.29389,nan,0.31266,0.3502,nan,0.30327,nan,0.23758,0.20004,0.20943,nan,0.23758,0.25635,0.18127000000000001,0.18127000000000001,0.22819,0.19066,0.18127000000000001,0.17189000000000002,0.17189000000000002,0.13435,0.1625,nan,0.05927,0.05927,0.3502,0.31266,0.41589,0.031116,-0.12842,nan,nan,-0.29735,-0.18473,-0.015808000000000003,0.012347,-0.09088500000000001,-0.043962,-0.025192,nan,-0.025192,0.012347,0.0029618,0.021731,0.69743,0.4722,-3.4037,nan,-5.9657,-4.2483,nan,-1.5549,-0.7478100000000001,-0.18473,nan,0.087424,0.087424,0.087424,0.12495999999999999,0.18127000000000001,nan,0.13435,nan,0.14373,0.2845,nan,0.41589,nan,nan,0.8569700000000001,1.0447,nan,1.3637,1.4669999999999999,1.4576,1.3731,0.96959,nan,nan,0.20004,0.031116,-0.053346000000000005,0.0029618,0.05927,-0.072116,-0.062731,-0.0815,nan,nan,-0.043962,nan,0.12495999999999999,0.068655,0.068655,0.021731,0.11558,nan,0.049885000000000006,-0.072116,-0.034577,-0.10027,-0.0064229,-0.034577,0.049885000000000006,-0.12842,0.021731,-0.14719000000000002,-0.034577,-0.034577,0.040501,-0.043962,-0.09088500000000001,-0.062731,nan,-0.10027,-0.062731,-0.0815,0.021731,0.15312,0.14373,0.33143,0.0029618,nan,-0.27858,nan
2.0,-0.48046000000000005,-0.47018000000000004,-0.37761999999999996,-0.42904,-0.42904,-0.44961,-0.37761999999999996,-0.31592,nan,-0.31592,-0.40847,-0.33649,-0.33649,-0.2645,-0.28507,-0.28507,-0.27479000000000003,nan,-0.21308000000000002,-0.21308000000000002,-0.18223,nan,-0.13080999999999998,nan,-0.07939600000000001,-0.07939600000000001,nan,0.013156999999999999,nan,0.033725,0.044008,0.05429199999999999,nan,0.28053,0.28053,0.31138000000000005,0.13656,0.023441,-0.017694,-0.08968,-0.017694,0.19826,0.15713,0.14685,0.20855,0.21883000000000002,0.2394,0.2394,0.28053,0.33195,0.8872700000000001,1.4015,-2.6195,-5.4681,-5.9308,-3.9358,-2.4035,-1.2929,nan,0.15713,0.32166999999999996,0.45536000000000004,0.49649,0.5170600000000001,0.54791,0.55819,0.54791,0.6816,0.6199,0.60961,0.71245,0.7433,0.805,0.90784,1.0724,1.2678,nan,1.6483,1.8745,nan,1.9465,1.7922,nan,1.0621,0.70217,0.45536000000000004,0.31138000000000005,nan,nan,0.18798,0.1777,nan,0.13656,nan,0.22910999999999998,0.19826,nan,nan,0.15713,0.16741,nan,0.10570999999999998,0.13656,0.12628,0.10570999999999998,nan,0.07485900000000001,0.044008,0.05429199999999999,0.023441,0.0028734000000000003,0.0028734000000000003,0.0028734000000000003,-0.038261,-0.048545,-0.07939600000000001,-0.058829,-0.08968,-0.099964,-0.12053,nan,-0.1411,nan,-0.11025,nan,0.12628,-0.11025,-0.23365,nan,-0.40847,-0.5833,-0.51131,nan,-0.36734,-0.37761999999999996,-0.36734
1.0,0.33531,nan,0.29816,nan,0.30745,0.22386,0.24243,0.26100999999999996,0.15884,0.26100999999999996,0.25172,0.21456999999999998,0.23314000000000001,0.15884,0.21456999999999998,0.20528000000000002,0.20528000000000002,0.22386,0.17742,0.20528000000000002,0.21456999999999998,0.15884,nan,0.14027,0.15884,0.12169,0.08454400000000001,0.10312,0.13097999999999999,0.08454400000000001,0.047394,0.065969,0.19599,0.31673,0.32602,0.27958,nan,-0.26838,nan,-0.23123000000000002,-0.15693,-0.036194,-0.073344,-0.10121000000000001,-0.10121000000000001,-0.017619,-0.017619,nan,-0.026907,0.00095607,nan,0.30745,1.2734,-1.9216,nan,-6.0545,-4.1413,-2.5531,-1.4665,-0.6956100000000001,-0.15693,nan,0.14027,0.14027,0.17742,nan,0.22386,0.21456999999999998,0.21456999999999998,0.25172,0.32602,0.26100999999999996,0.40961000000000003,0.38175,nan,nan,0.66037,nan,0.9390000000000001,1.1619,1.3291,1.6449,1.8678,2.0814,2.2485,2.1557,1.9049,1.422,0.89256,0.4932,0.20528000000000002,0.056680999999999995,nan,nan,-0.064057,-0.10121000000000001,-0.20337,-0.10121000000000001,-0.026907,-0.091919,-0.10121000000000001,-0.054769000000000005,-0.073344,-0.064057,-0.064057,-0.11978,nan,nan,nan,-0.15693,-0.19408,-0.15693,-0.23123000000000002,-0.16622,-0.21266,-0.22195,-0.23123000000000002,-0.28696,-0.17551,-0.23123000000000002,-0.31482,-0.28696,nan,-0.28696,-0.34268000000000004,-0.2591,-0.30553,-0.37983,-0.3334,-0.35197,-0.32411,-0.31482,-0.35197,-0.32411,-0.37983,nan
2.0,0.24689,0.24689,0.27225,nan,0.20631999999999998,0.19618,nan,0.19618,0.18603,0.12011,nan,0.10997,nan,0.08968,0.04911,0.094751,0.12517999999999999,0.04911,nan,0.084609,0.018682,0.013609999999999999,0.05418099999999999,nan,nan,nan,0.044038,nan,nan,nan,0.24181999999999998,0.25196,0.31282,0.27731999999999996,0.13025,-0.0066746999999999996,-0.062459,nan,-0.12839,-0.15880999999999998,-0.19938,-0.19938,-0.16389,-0.15880999999999998,-0.17403,nan,-0.16389,0.11504,1.6161,3.8069,1.9609999999999999,nan,-6.3915,-5.4076,-3.4146,nan,-0.76737,nan,-0.2501,nan,nan,nan,-0.042174,nan,0.038967,0.033895999999999996,0.10997,0.14039000000000001,0.28746,nan,0.52581,nan,0.94166,1.1648,1.3524,1.4741,nan,1.5705,1.4386,nan,0.8503799999999999,0.5917399999999999,0.3331,0.21645999999999999,0.10997,0.04911,-0.016817,nan,nan,-0.011746,-0.021889,nan,0.018682,0.0085392,nan,0.033895999999999996,0.023753,nan,0.038967,nan,0.0034679000000000003,-0.037103,nan,nan,-0.06752999999999999,-0.057388,-0.047245,nan,nan,nan,nan,-0.1081,-0.12839,nan,-0.13346,-0.12839,-0.1081,-0.15880999999999998,nan,nan,-0.1791,-0.08274400000000001,0.0085392,0.059252,0.084609,0.12011,0.20631999999999998,-0.042174,nan,nan,-0.30588000000000004,-0.27038,-0.33124000000000003,-0.33124000000000003,nan,-0.32616999999999996
2.0,-0.53259,-0.48285,-0.49943000000000004,-0.48285,-0.45798,-0.47456000000000004,-0.43311000000000005,-0.45798,-0.42482,-0.4414,-0.4414,-0.42482,nan,-0.42482,-0.42482,-0.44969,-0.40824,nan,nan,nan,-0.48285,nan,-0.40824,-0.42482,-0.40824,-0.39995,-0.37508,-0.42482,-0.35020999999999997,-0.40824,-0.37508,-0.39166,-0.40824,-0.22585,-0.10979000000000001,-0.084915,-0.20926999999999998,-0.42482,-0.59063,-0.64866,-0.68182,-0.59063,nan,-0.41653,-0.3585,-0.3585,nan,nan,-0.29217,-0.28388,nan,-0.28388,nan,nan,-1.0051,nan,-6.1286,-4.4456,nan,-2.0995,nan,-0.49113999999999997,-0.14295,nan,-0.0020116,0.022859,0.097472,0.13063,nan,0.18867,0.13063,0.18037999999999998,0.28815,nan,0.4208,0.52028,nan,0.79386,0.96796,1.1669,1.3493,nan,1.6395,1.6229,nan,1.0592,0.78557,0.53686,0.37934,0.35447,0.33789,0.3296,0.26328,0.26328,nan,0.33789,0.37934,0.36275999999999997,0.45396000000000003,nan,0.43738,0.45396000000000003,0.46225,nan,0.57002,0.53686,0.54515,0.57831,nan,0.5866,0.63634,0.66122,0.68609,0.6197600000000001,0.61147,0.66951,nan,0.66122,nan,0.62805,0.66951,0.69438,0.71096,0.69438,0.64463,0.69438,0.76899,0.72754,0.8436,0.9513799999999999,0.9928299999999999,0.83531,nan,0.60318,0.57831,0.49541
1.0,0.1623,0.12309,0.1511,0.11748,nan,0.11188,nan,0.14549,0.10067999999999999,0.10067999999999999,0.10067999999999999,0.067063,0.07826699999999999,0.033449,nan,0.07826699999999999,0.027847000000000004,0.044653,0.06146,0.016641999999999997,0.011040000000000001,nan,0.022244,0.011040000000000001,0.033449,0.055858000000000005,0.033449,nan,nan,-0.050585000000000005,-0.039381,0.016641999999999997,0.0054375,nan,0.095074,0.17351,0.1623,0.20711999999999997,0.30796,0.1567,-0.022574,-0.078597,-0.19624,nan,-0.25787,nan,-0.22426,nan,-0.25227,-0.19064,-0.21305,nan,-0.15143,nan,1.0979,3.1203,1.0531,-3.2495,nan,-4.9694,-2.9246,nan,nan,-0.27468000000000004,-0.17944000000000002,nan,-0.044982999999999995,nan,0.055858000000000005,nan,0.039051,0.072665,nan,0.20152,0.26314,0.31356,nan,0.5040399999999999,0.59368,0.7953600000000001,0.9522200000000001,nan,1.4844,1.7926,2.0111,nan,2.2632,2.1567,2.0335,1.5741,1.0923,0.6833100000000001,nan,0.11748,-0.028176,-0.12902,nan,-0.12340999999999999,nan,-0.11780999999999998,-0.06179,-0.10661,nan,-0.067392,-0.022574,-0.022574,-0.095404,-0.050585000000000005,nan,-0.12340999999999999,nan,-0.16823,-0.18504,-0.16823,-0.21865,-0.21865,-0.22426,-0.25787,-0.28588,nan,-0.30829,nan,-0.36991999999999997,-0.34751,-0.38111999999999996,nan,-0.40353,-0.35311,-0.38672,-0.42033999999999994,-0.44273999999999997,nan,-0.42594,nan,-0.43154,-0.40913
2.0,0.21070999999999998,0.23165999999999998,0.23689000000000002,nan,0.24736999999999998,nan,0.22641999999999998,0.21595,nan,nan,0.15312,0.16882,0.12694,0.13741,0.11646,nan,nan,0.09552000000000001,0.11646,0.090284,nan,0.074576,0.069339,0.069339,0.090284,0.074576,0.058866999999999996,0.074576,nan,0.13741,nan,0.26306999999999997,0.30496,0.34685,0.39921,0.19501,0.05363099999999999,0.048395,nan,-0.0039656,-0.10869000000000001,-0.087743,-0.087743,-0.066798,-0.087743,-0.040618,-0.030146,-0.030146,nan,0.68196,2.6926,nan,-0.077271,-4.9521,nan,nan,-2.6848,-1.1611,nan,-0.28670999999999996,-0.18199,-0.10869000000000001,nan,-0.051089999999999997,0.016978999999999998,0.069339,nan,0.16882,nan,0.29449000000000003,0.37303000000000003,0.51441,0.66625,0.85475,1.0642,1.2632,1.4202,1.504,nan,1.4778,1.2841,1.0014,0.69767,nan,0.26831,0.15312,0.048395,0.0065066,nan,-0.030146,-0.051089999999999997,-0.051089999999999997,-0.061562,nan,-0.040618,0.0065066,0.032687,0.048395,0.022215000000000002,nan,-0.040618,-0.014438,-0.056326,nan,-0.11392000000000001,-0.15058,-0.10869000000000001,-0.087743,nan,nan,-0.19246,-0.16105,-0.17152,-0.21864,-0.21864,-0.20294,-0.20294,nan,-0.28670999999999996,-0.24481999999999998,-0.25006,nan,nan,nan,nan,-0.10345,-0.10345,-0.077271,nan,0.032687,-0.19246,nan,nan,-0.42808999999999997,-0.40191,-0.4438
1.0,0.23385,0.23385,0.18936,0.27834000000000003,0.21605,0.23385,0.19825,nan,0.20715,0.17156,nan,0.22495,nan,0.15375999999999998,0.14486,0.12707000000000002,nan,0.14486,nan,0.16266,0.17156,0.14486,nan,0.13596,0.15375999999999998,0.11817000000000001,nan,nan,0.12707000000000002,0.073675,nan,0.046979,nan,0.29614,0.33173,0.34953,0.13596,-0.086499,-0.27337,-0.24666999999999997,-0.068702,-0.068702,-0.024209,-0.059802999999999995,-0.068702,nan,-0.024209,-0.059802999999999995,0.011385,0.038081,nan,0.020283000000000002,0.37623,1.2127,-2.4090000000000003,-5.3811,-5.8528,-4.251,-2.2044,nan,-0.57592,-0.068702,0.064776,0.15375999999999998,0.11817000000000001,0.26054,0.22495,0.27834000000000003,0.23385,0.33173,nan,0.26944,nan,nan,0.42072,nan,0.5897899999999999,0.73217,0.85675,nan,1.2216,1.4618,1.7377,1.9424,2.1915,nan,nan,1.8445,1.3462,0.8033600000000001,0.39402,nan,0.011385,-0.1043,-0.11319000000000001,-0.068702,-0.11319000000000001,-0.13099,-0.024209,-0.059802999999999995,-0.14879,-0.086499,-0.068702,-0.024209,-0.033108,-0.050905,-0.12209,-0.15769,-0.12209,-0.13989000000000001,nan,-0.18438,-0.21998,-0.21998,-0.30006,-0.22888000000000003,-0.23776999999999998,-0.31786,-0.27337,-0.32676,-0.30006,-0.36235,-0.28226999999999997,-0.30006,-0.31786,-0.37125,nan,nan,-0.30896,-0.32676,-0.34456,-0.37125,nan,-0.37125,-0.34456,-0.48693000000000003
1.0,-0.040022,nan,0.0028699999999999997,-0.018576,nan,nan,-0.057178999999999994,-0.10865,-0.06575700000000001,-0.082914,-0.10865,nan,nan,nan,nan,-0.13438,-0.12152,nan,-0.15583,-0.14296,-0.16441,-0.15583,-0.17299,-0.1687,-0.18585,-0.17728,-0.18585,-0.17728,-0.2073,-0.18157,nan,-0.2073,-0.10436,-0.09578099999999999,-0.031444,-0.040022,-0.06575700000000001,-0.21588000000000002,nan,-0.25877,-0.31024,-0.26735,nan,-0.28879,-0.30595,-0.31453000000000003,-0.30595,-0.26735,-0.31453000000000003,nan,-0.28451,-0.1687,1.1996,0.59478,-2.0173,-3.7845,-4.7839,-3.3942,nan,-0.83352,-0.37458,-0.20301,nan,-0.070046,-0.044311,0.0028699999999999997,0.020027,nan,0.097232,0.14012,0.16585999999999998,0.27309,0.33314,nan,0.52615,0.6634,0.82639,1.0666,nan,1.6971,2.0617,2.4563,2.7866,3.1511,3.2969999999999997,nan,2.7694,2.1818,1.4826,0.865,nan,nan,0.037183,-0.057178999999999994,-0.082914,nan,-0.11723,-0.10865,nan,-0.06575700000000001,-0.10865,-0.0057084,-0.022865,-0.027154,nan,-0.070046,-0.074335,-0.10007,nan,-0.13009,-0.13438,-0.17299,nan,-0.19014,-0.20301,-0.21588000000000002,-0.25019,-0.28021999999999997,-0.27164,-0.26735,-0.25877,-0.30166,-0.23304,-0.31024,-0.27593,nan,-0.34026,-0.31882,-0.33169,-0.33169,-0.30595,-0.31024,nan,-0.31882,-0.3274,-0.34884
1.0,0.13,0.1257,0.10851,0.1257,0.06550800000000001,nan,nan,0.05690800000000001,nan,0.031110000000000002,0.06550800000000001,0.013911000000000001,-0.084983,0.05690800000000001,0.031110000000000002,nan,-0.024787,-0.016187,0.02251,-0.0075878,-0.003288,-0.003288,-0.033386,-0.037686000000000004,-0.0075878,nan,-0.063485,-0.07638400000000001,-0.07208400000000001,-0.020487000000000002,nan,0.06980800000000001,0.052609,0.095606,0.1558,-0.020487000000000002,nan,nan,-0.22258000000000003,-0.19247999999999998,-0.23117,-0.26127,nan,-0.28276999999999997,-0.26127,-0.23546999999999998,-0.23546999999999998,nan,-0.23546999999999998,0.05690800000000001,1.4887,1.4371,-1.3534,-4.4664,-5.3307,-3.7398,nan,-0.85034,-0.39886,-0.23546999999999998,-0.14518,-0.07638400000000001,-0.050585000000000005,0.013911000000000001,0.039708999999999994,nan,0.087007,nan,nan,0.2461,0.30199000000000004,0.37939,0.46968000000000004,nan,nan,nan,1.2436,1.5403,1.88,nan,2.525,2.7915,2.9419999999999997,2.8216,2.4433,nan,1.2436,nan,0.35789,nan,-0.003288,-0.063485,-0.10217999999999999,-0.12368,-0.089283,-0.11508,nan,-0.029087000000000002,-0.067784,-0.07208400000000001,-0.059185,-0.046286,-0.07208400000000001,-0.089283,-0.12368,-0.13658,nan,nan,-0.21828000000000003,-0.25267,-0.25697,-0.26127,-0.26987,nan,nan,nan,-0.31287,-0.32147,nan,-0.35586999999999996,-0.33866999999999997,-0.35586999999999996,-0.34726999999999997,-0.33866999999999997,nan,-0.39886,nan,-0.38167,-0.36446999999999996,-0.38167,-0.39027,-0.41606000000000004,-0.40746,-0.42036,-0.40746,-0.41606000000000004
1.0,0.02695,nan,-0.01414,-0.0018128,0.0022962,-0.010031,-0.030576,-0.026467,-0.059338,-0.0018128,-0.05112,-0.042903,nan,-0.047012,-0.059338,nan,nan,-0.059338,-0.10865,-0.06755599999999999,-0.083992,-0.096319,-0.096319,-0.09221,-0.10454000000000001,nan,-0.075774,-0.12097000000000001,-0.059338,0.0022962,0.010514,0.092694,0.0022962,nan,-0.16617,-0.18261,-0.22780999999999998,-0.19904000000000002,nan,-0.23192,-0.24424,-0.28121999999999997,-0.23601999999999998,-0.24424,-0.24835,-0.21548,-0.23601999999999998,-0.25246,0.48305,1.1775,-1.0907,-2.9603,-4.834,nan,-2.3316,-1.0743,-0.46202,-0.22780999999999998,-0.12919,-0.07988300000000001,nan,nan,0.02695,0.096803,0.088585,nan,0.20774,0.23651,0.31046999999999997,0.39676,0.49948000000000004,0.60632,0.7871100000000001,0.98845,1.2514,1.5678,1.9212,2.2828,nan,nan,nan,nan,2.9854,nan,1.6911,1.0624,nan,0.20364000000000002,0.06804,-0.047012,-0.12097000000000001,-0.10865,nan,-0.12097000000000001,-0.14974,nan,nan,-0.083992,-0.12508,-0.083992,-0.10042999999999999,-0.11275999999999999,-0.12919,-0.11685999999999999,-0.15384,-0.14152,-0.1785,-0.21136999999999997,-0.24835,-0.24835,-0.28944000000000003,-0.28533000000000003,-0.28944000000000003,-0.32231,nan,-0.31409000000000004,-0.33875,-0.33875,-0.33875,-0.34286,-0.35108,nan,-0.38395,-0.39216999999999996,-0.36751,-0.39216999999999996,-0.37573,-0.38395,nan,-0.41681999999999997,-0.38395,-0.37573,-0.41271,nan,-0.41271,-0.42504
2.0,1.9042,0.21214,0.16618,0.19835,0.19375,0.23051999999999997,0.20295,0.22133000000000003,0.19835,0.20295,0.19375,nan,0.15239,0.1386,0.12021,0.134,0.09263300000000001,0.09263300000000001,0.055862,0.07424800000000001,0.051266,0.037476999999999996,0.014495,nan,nan,0.023687,0.009898299999999999,0.023687,0.028283999999999997,nan,0.019091,nan,-0.0038909,0.014495,0.009898299999999999,0.09723,nan,0.21214,0.17537,0.16158,-0.0084873,-0.036066,-0.10500999999999999,-0.1188,nan,-0.15098,-0.17396,-0.14178,-0.17855,-0.14637999999999998,nan,-0.13259,-0.14637999999999998,nan,0.046669,1.8117,0.48791999999999996,-2.0171,-4.6049,-5.707999999999999,-3.9798,-2.3572,-1.1668,nan,-0.26129,-0.15098,-0.1142,-0.054451,-0.026873,-0.0084873,nan,0.11102000000000001,0.17995999999999998,0.28109,0.36841999999999997,0.49712,nan,0.9337700000000001,1.2096,1.5405,1.8531,2.1794,2.4368,2.5793,2.5471,nan,nan,1.2279,nan,0.32245,0.09263300000000001,-0.026873,-0.10500999999999999,-0.16017,-0.16476,-0.17855,-0.19234,-0.16476,-0.18315,-0.14637999999999998,-0.1188,-0.13719,nan,nan,nan,nan,nan,-0.14637999999999998,nan,-0.18775,-0.22451999999999997,-0.20613,-0.25669000000000003,-0.22910999999999998,-0.26589,-0.26589,-0.29806,-0.26589,-0.29346,-0.28426999999999997,nan,nan,-0.29806,-0.32104,-0.31645,nan,-0.32564,-0.33943,-0.36241,-0.30725,-0.23371,-0.18775,-0.12799000000000002,nan,-0.13719,-0.25669000000000003
2.0,0.17532999999999999,0.18828,0.1926,0.20986,nan,0.18828,0.16238,0.14081,0.12786,0.10628,nan,0.093331,0.06743500000000001,0.058803999999999995,0.045856,0.050172,0.032909,0.037224,0.019961000000000003,0.037224,0.007013299999999999,0.0026974,-0.023198,-0.023198,-0.014565999999999999,-0.040461000000000004,0.007013299999999999,-0.018882,0.028593,nan,nan,0.19691,0.20123,0.22280999999999998,0.019961000000000003,nan,-0.11383,-0.15699000000000002,nan,-0.18289,nan,nan,-0.20446,-0.19152,-0.17857,-0.14836,-0.16562000000000002,-0.13973,0.5896600000000001,nan,nan,nan,nan,-5.9834,-3.8341,-2.2157,-1.0072,-0.41594,-0.22173,-0.12678,-0.066357,-0.0059343,-0.01025,0.06743500000000001,0.093331,0.15807000000000002,0.20123,nan,0.39544,0.53787,0.70618,0.93061,1.2025,1.483,1.7593,nan,2.1822,2.2685,2.1822,nan,1.5046,nan,0.59397,0.32639,0.08038300000000001,0.028593,-0.027514,-0.062041,-0.08362,-0.057725,-0.066357,nan,-0.070672,-0.057725,-0.057725,-0.018882,-0.040461000000000004,0.007013299999999999,nan,-0.070672,nan,-0.087936,-0.079304,-0.10952,nan,nan,-0.16130999999999998,-0.10952,-0.11383,-0.13541,nan,-0.14836,-0.14836,nan,-0.16994,-0.14404,-0.18289,-0.16130999999999998,-0.16562000000000002,-0.14836,-0.16994,-0.15699000000000002,-0.16562000000000002,nan,0.045856,0.06743500000000001,nan,0.10196000000000001,0.007013299999999999,-0.066357,-0.17857,-0.18289,-0.18289,-0.21741,-0.18289,nan
2.0,0.76139,0.66669,0.71404,0.6382800000000001,0.6856300000000001,nan,0.67616,0.60041,0.60988,0.55306,0.5814699999999999,0.52465,0.55306,nan,nan,0.49623999999999996,0.50571,nan,0.50571,0.50571,0.48677,nan,0.45836000000000005,0.40155,0.45836000000000005,nan,0.42049,0.36367,0.42996,nan,nan,0.5909399999999999,0.6856300000000001,0.43942,0.26897,0.070116,-0.015109000000000001,0.022768,0.032238,0.10799,nan,nan,0.22163000000000002,nan,0.2595,0.18375,0.24056999999999998,0.16480999999999998,0.19322,0.33526,1.3674,nan,-4.2385,-6.5112,nan,-3.3957,-2.0416,-0.99046,nan,nan,0.1364,0.11746,0.21216,0.18375,0.19322,0.19322,0.24056999999999998,0.16480999999999998,0.26897,nan,nan,0.45836000000000005,0.5814699999999999,0.66669,0.8939600000000001,0.9981200000000001,1.2065,1.3864,1.5758,1.5947,nan,1.1591,0.8939600000000001,0.43942,nan,0.0038296,-0.1098,-0.13821,-0.18556,-0.27078,nan,-0.26132,-0.18556,-0.22344,-0.18556,-0.27078,nan,-0.17609,-0.16662000000000002,-0.25185,-0.21397,-0.16662000000000002,-0.18556,nan,-0.15715,-0.24238,-0.31813,-0.25185,-0.26132,-0.24238,-0.3276,-0.30866,-0.28972,-0.4223,-0.33707,-0.38442,-0.33707,-0.44123999999999997,-0.33707,-0.37495,-0.39389,nan,-0.30866,-0.38442,-0.31813,-0.18556,-0.090865,nan,-0.26132,-0.46963999999999995,-0.59275,-0.77267,-0.72532,-0.6400899999999999,-0.4507,-0.4507
1.0,-0.073806,-0.10615,-0.069763,-0.089976,-0.098061,nan,nan,-0.09401799999999999,-0.053592999999999995,nan,-0.10615,nan,-0.11019000000000001,-0.14253,-0.12232,-0.13444,-0.11827,nan,-0.11019000000000001,-0.14253,-0.13444,-0.14253,-0.13444,-0.17082999999999998,-0.15061,nan,-0.1587,-0.14253,-0.17487,-0.11019000000000001,nan,-0.041466,0.043427,-0.029338,nan,-0.20317000000000002,-0.24359,-0.23955,-0.25572,-0.27189,-0.27189,-0.28806,nan,-0.35274,-0.25976,-0.24359,-0.24359,-0.23146,-0.28402,0.67406,nan,-1.3795,-3.3078,-4.7914,-3.8616,-2.1759,-1.0076,nan,-0.23551,-0.1021,-0.065721,-0.025294999999999998,0.011087,0.043427,0.09598,0.13235999999999998,0.18087,0.20109000000000002,0.26577,nan,0.40725,0.50427,0.64172,0.79938,1.0015,1.2926,1.5958,1.9232,nan,2.6791,3.0187,3.2572,3.2411,2.9621,nan,nan,1.1107,nan,0.26981,0.083853,-0.0010404000000000001,-0.077848,-0.065721,-0.098061,-0.11019000000000001,-0.09401799999999999,-0.041466,nan,-0.073806,-0.057636,nan,-0.069763,-0.053592999999999995,-0.08593300000000001,-0.11019000000000001,-0.08189099999999999,-0.13444,-0.17487,-0.17890999999999999,-0.17487,-0.20720999999999998,nan,-0.24359,-0.2638,-0.23551,-0.27997,-0.28806,-0.28806,-0.28402,-0.31636,-0.3204,-0.31231,-0.33657,-0.3204,nan,-0.34060999999999997,nan,-0.34465,nan,-0.34465,-0.34465,-0.35678000000000004,-0.34465,-0.35678000000000004,-0.35274,-0.36486999999999997
1.0,0.27343,0.29648,0.30416,0.21195999999999998,0.25806,0.22733000000000003,0.22733000000000003,0.1966,nan,0.21965,0.21965,nan,0.20428,0.13513,0.13513,0.13513,0.11977,0.089033,0.058301,0.14281,0.13513,0.089033,0.11977,0.042935,nan,0.11977,0.089033,0.08135,nan,0.18891,0.31184,nan,0.36562,0.57307,0.22733000000000003,nan,0.042935,-0.033895999999999996,-0.033895999999999996,nan,-0.15682000000000001,-0.09536,-0.15682000000000001,-0.15682000000000001,-0.11073,-0.14146,-0.11840999999999999,0.012203,0.42708999999999997,2.0713,5.4211,2.7551,nan,nan,-4.8742,nan,-1.1479,-0.51025,-0.34121999999999997,-0.17987,nan,-0.026213,0.012203,0.065984,-0.01853,0.089033,0.13513,0.16585999999999998,0.18123,nan,0.21965,0.35794000000000004,0.38866999999999996,0.49623999999999996,0.58843,0.7420899999999999,0.8650200000000001,1.0033,nan,1.2338,1.2492,1.157,0.98795,0.77283,0.5116,0.24269000000000002,0.042935,0.019886,nan,-0.11073,-0.14146,-0.11073,-0.087677,-0.11073,-0.087677,-0.06462799999999999,-0.056945,-0.033895999999999996,-0.049262,-0.07999400000000001,-0.041579000000000005,-0.010847,-0.049262,-0.12609,-0.12609,-0.15682000000000001,-0.26439,-0.15682000000000001,nan,-0.18756,-0.18756,-0.20292000000000002,-0.18756,-0.21829,nan,nan,-0.24902,-0.26439,-0.29512,-0.32585,nan,nan,-0.33354,-0.31049,-0.40268000000000004,-0.31049,-0.32585,nan,-0.40268000000000004,-0.34121999999999997,-0.27975,-0.32585,-0.31049,nan,-0.35658,-0.35658
1.0,0.96857,-0.12448,-0.14073,-0.12448,-0.15156,-0.1624,-0.18947999999999998,nan,nan,-0.18947999999999998,-0.17323,-0.25988,nan,-0.19489,-0.19489,nan,-0.19489,-0.16781,-0.20031,-0.18406,-0.22739,-0.22196999999999997,nan,nan,-0.21656,-0.2328,-0.18947999999999998,-0.22196999999999997,nan,nan,-0.24905,-0.23822,-0.22196999999999997,-0.2653,nan,nan,nan,-0.010745000000000001,0.097576,0.06508,-0.10282000000000001,-0.2653,-0.31945999999999997,-0.29238000000000003,-0.36279,-0.39529000000000003,-0.36821,nan,-0.4007,-0.33029000000000003,-0.30863,-0.32488,-0.2653,-0.25447,nan,2.2532,2.1394,-1.4352,-5.7085,-5.5785,nan,nan,-0.82316,-0.44403000000000004,-0.27613000000000004,-0.13530999999999999,-0.091986,-0.075738,-0.043242,nan,0.032583,0.07591200000000001,0.15174,0.1409,0.21131,0.31964000000000004,nan,0.48212,0.53628,0.73126,0.92624,nan,1.3758,1.6574,nan,2.1232,2.3182,2.3073,2.1178,1.7819999999999998,1.3108,0.86124,0.52545,0.3088,0.11924000000000001,0.054248000000000005,0.032583,0.048832,0.021751,0.005503,0.054248000000000005,0.054248000000000005,0.1409,nan,0.11924000000000001,0.15174,0.11924000000000001,0.10840999999999999,0.10840999999999999,0.10840999999999999,0.13549,8.694200000000001e-05,0.054248000000000005,0.06508,0.06508,0.027167,0.054248000000000005,0.016335,-0.005329100000000001,-0.005329100000000001,0.021751,-0.032409,nan,-0.032409,nan,-0.010745000000000001,nan,-0.032409,-0.021577000000000002,8.694200000000001e-05,nan,nan,0.005503,-0.054074000000000004,0.027167,-0.032409
1.0,0.0034428000000000006,0.019776,nan,-0.040113,-0.029224,nan,-0.01289,-0.045557,-0.11089,-0.08366799999999999,-0.072779,-0.040113,-0.034668,-0.072779,-0.1,-0.045557,-0.072779,nan,-0.072779,-0.15445,-0.045557,-0.078224,-0.072779,-0.12722,-0.12722,-0.12722,-0.11632999999999999,-0.11632999999999999,-0.10545,nan,0.063332,0.008887200000000001,0.063332,0.16133,0.22666,-0.0020015999999999996,-0.149,-0.18167,-0.16533,-0.20345,-0.28511,-0.26878,-0.30689,-0.21433000000000002,-0.20345,nan,-0.17078,-0.22521999999999998,nan,0.62411,2.7039,2.4534,nan,-5.6751,-5.4029,-3.3993,nan,-0.72067,nan,-0.23067,-0.11632999999999999,-0.08366799999999999,nan,nan,0.025221,0.057887,0.10144,0.16677999999999998,nan,0.19944,0.27566,0.39,0.50978,0.64044,0.7711100000000001,0.9507700000000001,1.1958,1.4898,1.7619999999999998,2.0124,2.2683,2.35,2.3445,nan,1.7892,nan,0.8418899999999999,0.51522,0.22666,nan,0.036108999999999995,-0.01289,-0.045557,-0.045557,0.014332,0.014332,-0.01289,nan,-0.0074461,0.019776,0.008887200000000001,-0.034668,nan,nan,-0.051002,-0.051002,-0.029224,-0.10545,-0.14356,nan,-0.17078,-0.18711,nan,-0.20889000000000002,0.439,nan,-0.27967,-0.247,-0.25789,-0.23611,-0.27421999999999996,-0.32322,-0.29600000000000004,nan,-0.31778,nan,-0.31233,-0.30689,-0.31233,-0.36133000000000004,-0.35589,nan,-0.32322,-0.36133000000000004,-0.30145,-0.345
1.0,0.045691,-0.009421899999999999,-0.027793,nan,nan,-0.082906,-0.082906,-0.09209099999999999,-0.11965,-0.10128,-0.12883,-0.11965,-0.13802,-0.12424,nan,-0.12883,-0.13343,-0.10128,-0.11965,-0.13802,-0.2115,nan,nan,-0.15639,-0.16097999999999998,-0.17476,-0.18854,-0.17935,-0.18395,-0.17017000000000002,-0.19772,-0.16557,-0.15639,nan,-0.009421899999999999,nan,0.0089491,-0.055349,-0.20690999999999998,-0.23446999999999998,-0.28039000000000003,-0.32632,-0.26202,-0.28958,-0.29417,nan,-0.28039000000000003,-0.27121,-0.28958,-0.26202,-0.24365,-0.25743,0.11917,nan,-0.09209099999999999,-2.4941,-4.4552,-4.7675,-2.8569,-1.5342,-0.66159,-0.29875999999999997,-0.11965,-0.06453500000000001,nan,0.018135,0.036505,0.064062,0.1008,nan,0.18347,nan,0.28911,0.34421999999999997,nan,0.5371100000000001,nan,0.90453,1.0699,1.4235,1.745,2.0986,nan,2.8473,3.1182,3.2560000000000002,3.0356,2.5533,1.8323,1.1571,0.6473399999999999,0.30288000000000004,0.1008,-0.018607,-0.041571,-0.082906,-0.096684,nan,-0.06453500000000001,-0.059941999999999995,-0.041571,-0.014015000000000001,-0.009421899999999999,-0.018607,nan,-0.027793,-0.06453500000000001,-0.055349,-0.11505,-0.10128,nan,nan,-0.19313,-0.20232,-0.21609,-0.23446999999999998,-0.22069,-0.28039000000000003,-0.26202,-0.28039000000000003,-0.2758,nan,-0.29875999999999997,-0.28958,-0.29875999999999997,-0.29875999999999997,-0.30795,-0.29875999999999997,-0.32632,nan,-0.32632,-0.33091,nan,-0.33551,-0.34469,nan
2.0,0.22887,0.23915,0.26486,0.28542,0.24429,nan,0.27,0.25972,nan,0.20315999999999998,0.16717,0.1826,0.15175,0.13118,0.12604,0.11575999999999999,0.07976699999999999,0.12604,0.069485,0.074626,0.064343,nan,0.059202,nan,0.038636000000000004,0.064343,0.043778,0.033495,0.028352999999999996,0.012929,-0.017919,nan,0.059202,0.12604,0.15175,nan,nan,0.25972,0.069485,nan,-0.12075,-0.15674000000000002,-0.22871999999999998,-0.21329,-0.21843,-0.23385999999999998,-0.24928000000000003,-0.22871999999999998,-0.21843,-0.21843,-0.20301,-0.14645,0.8818299999999999,3.1338,nan,-1.5809,-6.2287,-6.1413,-4.0796,-2.3161,-1.0411,-0.54748,-0.38295999999999997,-0.26471,-0.21329,nan,nan,nan,-0.089899,-0.043626,-0.007636499999999999,0.09005,0.16203,0.27514,0.41396000000000005,0.61447,nan,0.9949399999999999,1.1903,nan,1.396,nan,1.3137,1.1543,nan,nan,0.31627,nan,0.064343,0.0077877,nan,-0.043626,-0.069333,nan,-0.059051,nan,0.023212,0.012929,0.038636000000000004,nan,0.059202,nan,0.054060000000000004,0.074626,0.054060000000000004,0.038636000000000004,0.033495,0.018071,nan,nan,-0.012778,-0.023061,-0.012778,0.0077877,-0.064192,-0.053909000000000006,nan,-0.017919,-0.033343,-0.033343,-0.048768,-0.033343,-0.048768,-0.033343,-0.033343,-0.017919,-0.038485000000000005,nan,0.11575999999999999,0.16203,0.20315999999999998,0.27514,nan,0.20315999999999998,nan,-0.074475
