1.0,0.80255,0.5695899999999999,nan,0.56608,nan,nan,nan,-0.0026033000000000002,nan,-0.71321,-1.2864,-0.8813799999999999,-0.82595,-0.97249,nan,nan,-0.9213100000000001,nan,-0.82939,-0.8738100000000001,-0.90279,-0.9540299999999999,nan,nan,-1.0629,nan,-1.2317,-1.3465,-1.3312,-1.3403,-1.4002,nan,-1.2238,nan,-1.2604,-1.3138,nan,-1.2228,-1.1117,-1.0303,-0.9635,nan,-0.8665,-0.89938,-0.89076,-0.73674,-0.7236,nan,-0.34364,nan,nan,nan,-0.24815,-0.11750999999999999,-0.040827999999999996,nan,-0.16822,-0.013422,nan,nan,nan,nan,0.38237,0.66073,0.63958,nan,0.70987,0.67892,0.7125199999999999,nan,0.62729,0.4635,0.42761000000000005,nan,nan,0.16744,0.31149,nan,0.23599,nan,0.32905999999999996,0.47488,nan,nan,0.36693000000000003,0.30828,nan,nan,nan,0.27894,0.30834,0.56802,nan,0.59251,0.54674,0.65099,nan,0.60585,0.69921,nan,0.8370700000000001,0.79933,nan,1.0117,0.9441299999999999,0.9532799999999999,nan,0.90676,0.9537100000000001,0.73055,0.71672,0.68125,0.82789,nan,0.8845700000000001,0.85624,0.9068,nan,0.9030299999999999,0.9496399999999999,1.0544,1.0829,1.0761,nan,nan,0.94663,0.98485,nan,nan,0.7634,nan,0.15320999999999999,-0.59112,-0.47183,nan,nan,nan,nan,-0.17773,-0.12262,nan,-0.10153999999999999,-0.10862000000000001,-0.17242000000000002,nan,-0.44376000000000004,nan,nan,-0.56316,-0.64282,-0.6188899999999999,nan,-0.7640899999999999,nan,-0.69793,nan,-0.78084,nan,-0.8720100000000001,nan,nan,-0.9754,-0.9993700000000001,nan,-1.0654,-1.0635,nan,-1.0968,-1.1756,nan,-1.181,nan,nan,-1.2195,nan,-1.1792,-1.1998,-1.1841,nan,-1.1386,-1.0963,-1.0976,nan,nan,nan,nan,nan,-0.95393,-0.91148,-0.88987,nan,-0.6775100000000001,-0.56355,-0.55178,-0.57857,-0.5825,-0.55647,nan,-0.3083,-0.2849,-0.26771999999999996,-0.052039999999999996,-0.042861,-0.05912100000000001,0.12465999999999999,0.27821999999999997,nan,0.39846,0.49651999999999996,nan,0.7116100000000001,0.8768299999999999,nan,0.87103,0.98367,0.9259700000000001,0.8511299999999999,0.93184,nan,0.63978,0.39496,0.29375,0.21603000000000003,nan,nan,0.25674,0.29516,0.34706,0.26786,0.27199,0.42068999999999995,0.54222,nan,nan,0.7840199999999999,nan,0.98974,nan,1.3248,nan,nan,1.8533,2.0113,2.2188,nan,2.6426,nan,3.198,nan,3.596,nan,3.4216,3.0611,2.2366,1.5079,0.2059,nan,-0.12347000000000001,-0.6543,-0.79474,nan,nan,-0.9580299999999999,nan,-0.81726,-0.81542,-0.8188300000000001,-0.77261,-0.8657799999999999,nan,-0.8604,-0.9512799999999999,-0.93111,-1.0033,-0.94744,-0.97698,-1.0188
0.0,1.5818,nan,nan,nan,nan,2.2553,nan,2.0437,1.8659999999999999,1.6269999999999998,1.3559999999999999,1.187,0.45683,nan,0.45783999999999997,0.59283,nan,0.06117,0.061094,-0.34084000000000003,nan,nan,nan,-0.44897,-0.5545399999999999,nan,nan,-0.7933399999999999,-0.82185,-0.80498,-0.90979,nan,-0.85854,nan,nan,-0.79777,-0.70981,-0.75655,-0.97096,-0.9369799999999999,-0.8688299999999999,-0.8709899999999999,-0.6896899999999999,-0.94001,-0.81739,-0.654,nan,nan,nan,nan,nan,-0.78118,-0.7438100000000001,nan,-0.73225,-0.6932699999999999,-0.6026,-0.56307,-0.46912,nan,-0.26677,nan,nan,-0.26058000000000003,-0.11765999999999999,-0.24086,-0.13212000000000002,-0.2107,-0.25763,-0.54974,nan,-0.39921999999999996,-0.9845200000000001,-0.48101000000000005,nan,2.7672,2.8642,1.8737,nan,1.9817,nan,0.56179,0.63648,0.59888,0.5110100000000001,0.48231999999999997,nan,0.57973,nan,0.65166,0.59408,0.50976,0.44842,0.353,0.28825,0.33374000000000004,nan,0.29548,0.30299,nan,0.28555,nan,0.65408,0.80884,0.9921399999999999,1.4303,1.6723,nan,2.3033,2.4648,2.6028,2.6447,2.3569999999999998,nan,2.0965,1.6278,1.3849,1.0999,nan,0.5819300000000001,0.23468000000000003,0.027156,0.045531999999999996,nan,-0.16433,-0.38650999999999996,nan,nan,-0.33375,nan,nan,nan,nan,-0.60778,-0.60115,-0.7522800000000001,-0.54784,-0.57305,nan,-0.6817300000000001,nan,nan,-0.79167,-0.79183,-0.9138299999999999,nan,nan,-0.85236,-0.85255,nan,-0.8469899999999999,-0.84598,-0.9354899999999999,nan,nan,-0.77964,-0.78679,-0.7326,nan,nan,nan,-0.64779,-0.69033,-0.54384,nan,-0.44896,-0.75474,-0.57234,-0.38461999999999996,nan,nan,nan,-0.48739,-0.69619,nan,nan,nan,nan,nan,-0.9905799999999999,-0.45487,nan,nan,nan,nan,0.41172,0.49363999999999997,0.7509899999999999,0.73506,0.59697,0.44165,0.39788,0.57363,0.45703999999999995,0.20767,0.13577,nan,-0.051396000000000004,nan,nan,-0.020924,nan,-0.12153,nan,-0.10525999999999999,-0.052841,nan,nan,nan,0.8976299999999999,1.1448,nan,nan,nan,2.3628,2.3711,2.2962,nan,nan,1.4019,1.0133,nan,0.27351,0.068381,nan,nan,-0.29235,nan,-0.6712,-0.58228,-0.61242,-0.80887,-0.8238700000000001,-0.85864,nan,-0.87141,nan,-0.8499,-0.8591,nan,nan,nan,-0.95788,-0.88303,nan,nan,-0.9822,-0.9596899999999999,-0.9006700000000001,-0.8732700000000001,nan,nan,nan,-0.8902200000000001,-0.9239,nan,nan,-0.99892,nan,nan,-0.74837,nan,nan,-0.66811,-0.6223,nan,nan,-0.41588,-0.52549,nan,nan,nan,nan,-0.3231,-0.13158,-0.16675,nan
0.0,-0.70495,nan,nan,nan,-0.6172300000000001,-0.6338,nan,nan,-0.57592,-0.5917600000000001,-0.61259,nan,nan,-0.52325,-0.5695,-0.64113,-0.9607899999999999,-1.07,-1.0508,-1.1831,nan,nan,-0.75712,-0.35873,nan,nan,nan,nan,0.43596,nan,0.59407,nan,nan,nan,0.47565,nan,0.34039,0.33155,nan,0.20805,0.019428,0.056748,0.079621,0.012114,nan,nan,nan,0.18505,nan,0.42533999999999994,0.83849,nan,nan,1.6757,nan,2.6935,3.0112,nan,3.1227,nan,nan,nan,nan,1.6829,1.2398,nan,1.0016,0.67303,nan,0.2944,0.16202,-0.18109,-0.33276999999999995,-0.4106,-0.7994899999999999,-0.9100799999999999,nan,-0.69843,-0.88931,-0.7610100000000001,nan,nan,-0.8255,-0.7028399999999999,-0.71799,nan,nan,-0.74216,nan,-0.8393700000000001,-0.9058700000000001,-0.86425,-0.81345,-0.82034,nan,nan,nan,nan,nan,-0.80328,-0.7639100000000001,nan,-0.72506,-0.7219,-0.7394,-0.78781,-0.7648,-0.72411,-0.6600600000000001,nan,nan,-0.63808,-0.4553,nan,-0.43826000000000004,nan,-0.31508,-0.37067,nan,-0.42325,nan,nan,nan,nan,-0.95404,-0.8316600000000001,-0.68277,-0.44451999999999997,-0.19405999999999998,0.10833,nan,nan,nan,0.5371199999999999,nan,0.56816,0.32774000000000003,nan,0.17722000000000002,nan,nan,0.005392,nan,-0.057590999999999996,nan,0.17494,nan,0.053275,-8.348299999999999e-05,0.008039600000000001,0.015679,-0.0054786,-0.025356,nan,nan,nan,0.64659,nan,nan,nan,2.6671,2.9462,nan,2.6688,nan,2.049,nan,nan,nan,0.92815,0.6679999999999999,nan,0.082649,-0.21835,-0.2218,-0.29679,nan,nan,-0.80312,-0.85364,nan,-0.93155,-0.9486700000000001,-0.96483,-0.9447399999999999,nan,-1.0070000000000001,-0.9936299999999999,nan,-0.99726,-0.94325,nan,-0.9305200000000001,nan,-0.89504,-0.9088299999999999,-0.9184,-0.90707,nan,-0.8458100000000001,nan,-0.8923,nan,-0.8663799999999999,-0.90146,-0.93885,nan,nan,-0.97204,nan,nan,-0.87379,nan,nan,nan,-0.60618,-0.58539,nan,-0.52474,nan,nan,nan,-0.39111999999999997,-0.43288000000000004,-0.63189,nan,nan,-0.8953200000000001,-0.9235200000000001,-0.9308799999999999,-0.89395,nan,nan,nan,0.060461,0.32545999999999997,0.41988000000000003,0.52289,0.68001,nan,0.69567,nan,0.53146,nan,0.302,0.19497,nan,nan,nan,-0.05879500000000001,nan,nan,nan,-0.11868,-0.12904000000000002,-0.090428,nan,-0.004391399999999999,0.10468,0.47085,0.8469700000000001,1.2408,1.8831,2.1991,nan,2.7415,2.8272,2.5604,2.2099,1.6112,nan,0.9986299999999999,nan,0.39694,0.27111,nan,-0.51663
1.0,-1.181,-1.1719,-1.023,-1.0643,nan,nan,-1.1116,-1.1135,nan,nan,-1.0421,-0.9870700000000001,-0.84601,nan,-0.64956,-0.7156399999999999,nan,nan,nan,nan,-0.5637,nan,-0.4809,nan,-0.4452,-0.53145,nan,-0.38359,-0.3747,nan,-0.38372,nan,-0.37972,-0.28909,nan,nan,nan,-0.40912,-0.39155,nan,-0.55366,nan,-0.52758,-0.30309,nan,-0.60055,nan,-0.57885,nan,-0.41967,-0.40861,nan,-0.72892,nan,-1.1154,-0.98351,nan,0.6911,nan,nan,nan,nan,2.6469,nan,nan,2.127,nan,1.7845,nan,nan,2.5966,2.9625,nan,3.4819,3.2191,3.0619,2.5642,1.6202,0.7196100000000001,0.17396,-0.037715,-0.17489000000000002,nan,-0.50013,-0.48473,-0.41618,nan,-0.21319000000000002,nan,-0.42499,nan,-0.30091999999999997,-0.36023,-0.6753899999999999,-0.24114000000000002,-0.25751999999999997,-0.3193,nan,-0.32432,nan,nan,-0.48983999999999994,-0.26135,nan,nan,-0.31594,-0.55328,-0.50498,-0.3707,nan,-0.17761,nan,-0.30479,nan,nan,-0.34189,-0.36679,-0.37113,-0.19212,-0.37325,-0.3333,nan,-0.10137,nan,nan,-0.16038,nan,nan,nan,nan,nan,nan,-0.25918,-0.19497,-0.18591,-0.20956999999999998,-0.23496999999999998,nan,nan,-0.56706,nan,-0.40019,-0.58106,nan,-1.0442,nan,nan,nan,-0.75534,-0.65046,-0.65165,nan,nan,-0.51137,-0.69101,-0.42108,-0.6645399999999999,nan,-0.5546,-0.56506,-0.9739200000000001,-0.69339,-0.60025,-0.6119899999999999,nan,-0.78555,nan,nan,-1.0262,-1.0767,-0.95506,-0.77027,-0.73453,-0.83644,-0.9372,nan,-0.80806,nan,-0.78678,nan,nan,nan,0.028277999999999998,0.45358999999999994,0.9675799999999999,1.2867,1.3634,1.8144,2.1043,nan,nan,2.0696,nan,1.9286,1.9580000000000002,nan,nan,2.7659,2.7887,nan,nan,2.3297,1.6937,nan,nan,nan,0.22762,0.019853,-0.050267,nan,-0.071413,nan,nan,nan,0.16265,nan,nan,nan,0.18137,0.14818,nan,nan,nan,nan,0.22787,0.23145,0.24195999999999998,nan,0.17132999999999998,0.14278,0.11423,-0.077115,-0.12013,nan,nan,nan,-0.11362,-0.32356,-0.38385,nan,nan,-0.1083,-0.025758999999999997,nan,nan,nan,0.11800999999999999,0.17256,nan,nan,0.039979,0.086059,nan,nan,-0.016184999999999998,nan,-0.15081,-0.25806999999999997,-0.22535,-0.31603000000000003,-0.34653,nan,-0.38066,-0.34789000000000003,nan,nan,-0.31334,-0.28492,nan,-0.33032,nan,nan,-0.5079199999999999,-0.5426,-0.58119,-0.61021,-0.52362
1.0,0.255,nan,0.6400899999999999,nan,0.8216700000000001,0.91699,0.94999,nan,0.8986299999999999,nan,nan,0.77437,nan,0.96839,nan,nan,nan,nan,1.2826,nan,1.5872,1.6401,1.7685,1.8113,nan,1.6477,1.7197,nan,1.4773,nan,nan,1.0558,0.80986,nan,nan,0.41326,nan,0.01884,nan,-0.24555,-0.41808,-0.55894,nan,-0.86234,nan,-0.83185,nan,nan,-0.9041,nan,-1.0733,-1.1568,nan,nan,-1.4446,-1.4608,-1.4544,-1.5065,nan,-1.4793,-1.5498,-1.4113,-1.4238,nan,nan,-1.3122,nan,-1.4993,-1.4139,-1.3924,-1.3972,-1.3461,nan,-1.3042,-1.215,-1.2169,-1.1294,-1.0976,nan,-1.1991,-1.2184,nan,-1.2244,nan,nan,nan,-1.0491,-1.0216,-1.0447,-0.95491,nan,-0.9345600000000001,-0.99915,nan,-1.176,-1.1348,-1.0612,-1.0269,nan,-1.1021,nan,-1.1403,nan,-1.1737,nan,-1.0717,nan,-1.0015,-0.8386,-0.74027,-0.6297699999999999,nan,nan,nan,-0.33616,nan,nan,nan,-0.23536999999999997,nan,nan,nan,0.073576,nan,nan,0.36408,0.41225,0.49643999999999994,0.53788,0.6193,nan,nan,0.95388,1.0245,1.0232,1.0194,1.0024,nan,0.9930399999999999,nan,0.96365,nan,0.8809299999999999,0.81217,0.75831,nan,nan,0.85867,0.76271,0.77167,nan,nan,nan,0.88323,nan,nan,0.91353,0.90409,nan,0.8905200000000001,0.83849,0.81511,0.78217,nan,nan,nan,nan,nan,-0.20844000000000001,-0.22282,-0.38115,-0.47626999999999997,-0.53371,nan,nan,nan,nan,nan,nan,-0.8720600000000001,nan,-0.8746700000000001,nan,nan,nan,nan,nan,-0.9527100000000001,nan,nan,-0.9152899999999999,-0.8739299999999999,nan,nan,-0.9206,nan,nan,-0.8898799999999999,-0.9088799999999999,nan,-0.82183,-0.7286199999999999,-0.72013,nan,nan,nan,-0.70318,nan,-0.59621,-0.5233800000000001,-0.4903,nan,nan,nan,nan,-0.33905,nan,nan,-0.42351000000000005,-0.46676000000000006,-0.44101999999999997,-0.55996,-0.44428999999999996,-0.6322300000000001,-0.57139,-0.40700000000000003,-0.30034,-0.22971,-0.099952,-0.020201,0.005998600000000001,-0.022841999999999998,0.14322000000000001,nan,nan,0.37761999999999996,0.39006,nan,0.53909,nan,nan,0.71963,0.8114100000000001,0.88229,0.93232,nan,nan,1.2687,1.3232,nan,1.369,1.3806,1.4941,1.5239,nan,1.5367,nan,1.5697,nan,1.5668,nan,nan,1.5259,nan,nan,1.4166,1.465,nan,nan,nan,nan,1.2514,1.3207,nan,nan,1.5259,nan
0.0,1.4373,nan,nan,1.0648,0.79257,0.50455,0.29864,nan,-0.44573999999999997,nan,-0.8434200000000001,-1.0047,-1.0696,nan,-1.1718,nan,nan,-1.2729,-1.3051,-1.327,-1.3195,-1.3492,-1.3662,-1.3389,-1.3032,nan,-1.2598,-1.2493,-1.22,-1.2089,-1.1878,nan,nan,-1.2385,-1.2401,-1.2445,-1.1856,-1.2043,-1.2616,-1.2229999999999999,-1.2077,-1.2365,-1.2335,-1.2528,-1.2642,-1.2524,-1.246,nan,-1.2557,nan,-1.146,-1.1366,nan,nan,nan,nan,-1.1776,-1.2111,-1.1699,-1.2101,-1.1866,-0.97731,nan,nan,-0.94721,-1.0868,-1.0712,-1.0848,-1.204,nan,-1.1223,nan,nan,nan,-0.75474,nan,-0.49226000000000003,nan,nan,-0.077287,nan,0.023707,0.08369700000000001,nan,nan,-0.0020485,-0.070417,nan,-0.18855,-0.17474,nan,nan,-0.0061538999999999995,-0.024302,nan,0.057087,0.2083,0.39295,0.52387,0.945,nan,nan,1.5466,1.8989,nan,nan,2.4288,2.4792,2.4531,nan,nan,2.1019,1.5316,nan,0.91427,nan,0.50074,0.24645999999999998,nan,-0.058602999999999995,-0.18795,-0.25698000000000004,-0.23664000000000002,nan,-0.33213000000000004,nan,nan,-0.41521,nan,-0.41346000000000005,-0.40305,-0.36745,nan,-0.31326,nan,nan,-0.32265,-0.40451,-0.35165,-0.27996,-0.26175,-0.30348,-0.27321999999999996,nan,-0.3106,-0.28074,-0.2722,-0.33207,-0.33945,nan,-0.28913,-0.32581,-0.3651,-0.39113000000000003,-0.42293000000000003,-0.44128999999999996,nan,nan,-0.3112,-0.29955,nan,-0.30851,-0.36663,-0.36330999999999997,nan,nan,-0.23217,-0.17039,nan,nan,nan,-0.18634,nan,-0.12082000000000001,-0.25272,-0.46121999999999996,nan,nan,-0.47225,-0.50125,nan,nan,0.02731,0.3166,0.43013,0.5371100000000001,0.66156,nan,0.74266,nan,0.80919,nan,0.66242,0.6161300000000001,0.48675,0.43199,nan,nan,0.47773999999999994,nan,0.52841,0.5703699999999999,nan,0.71029,nan,nan,1.4759,1.7788,nan,nan,nan,nan,nan,3.0744,nan,3.0541,nan,nan,nan,nan,1.7405,1.1685,nan,0.81639,nan,0.19796,nan,0.12195,nan,nan,0.05608099999999999,nan,0.052898,0.13874,nan,nan,0.11837,0.038922000000000005,0.11927,0.09096900000000001,0.019518,nan,nan,0.062801,nan,0.17609,0.1054,nan,0.21746999999999997,0.15955999999999998,nan,nan,0.1051,-0.0029701000000000003,0.088724,0.15889,nan,nan,0.1119,-0.014901,-0.0083826,nan,nan,nan,0.032974,-0.009723200000000001,nan,0.087936,0.11022,nan,0.16314,0.2421,0.25658000000000003,0.2294,0.32108000000000003,0.34068000000000004,nan
0.0,-1.7692,-1.7345,-1.7007,nan,-1.6640000000000001,nan,nan,-1.3896,-1.2591,-1.3671,-1.3691,-1.3522,-1.3939,nan,nan,-1.5276,-1.4973,-1.4711,-1.4152,-1.219,nan,-1.0515,nan,-0.82906,-0.67852,nan,-0.53995,nan,nan,nan,-0.42093,-0.37251,-0.34388,nan,-0.37765,-0.33721,-0.35395,nan,nan,-0.36507,-0.35034,-0.32987,-0.23085,-0.096817,0.031981,0.17915999999999999,0.28747,0.46581000000000006,0.69324,1.0093,1.1983,nan,nan,1.7211,1.7391,1.6498,1.5463,1.2768,1.03,0.76657,0.56402,0.18043,0.0095742,-0.11817000000000001,nan,-0.35511,-0.55411,-0.6450199999999999,nan,nan,nan,nan,nan,nan,-0.75425,-0.7720100000000001,-0.78884,-0.77141,nan,nan,nan,-0.74668,-0.80589,-0.78276,nan,nan,-0.80529,nan,-0.80888,nan,-0.8422299999999999,-0.8500200000000001,-0.86464,nan,nan,nan,-0.97872,-1.0066,-1.0078,nan,nan,-0.96731,-0.92404,-1.0334,-1.0047,-0.9839700000000001,nan,nan,-0.9120799999999999,nan,-0.87698,-0.83765,nan,-0.8183199999999999,-0.78383,nan,-0.66761,-0.70522,-0.71437,nan,-0.79557,-0.8683200000000001,nan,nan,nan,-0.76326,-0.64043,-0.51828,nan,nan,nan,0.0022651999999999998,0.094419,nan,0.34431,nan,nan,nan,nan,0.46356,0.45516,0.35719,nan,0.26419000000000004,0.23362,nan,nan,0.33054,nan,0.38808000000000004,0.5311899999999999,nan,nan,0.9603200000000001,1.4208,nan,1.8682,2.0235,2.2674,2.4054,2.4727,2.5489,2.387,2.2614,2.1673,2.0388,1.6117,nan,1.248,1.0306,0.6182300000000001,nan,0.31296999999999997,nan,0.087519,nan,nan,nan,-0.28039000000000003,-0.2773,nan,-0.33816,-0.3693,-0.37813,-0.37555,-0.36008,-0.39316999999999996,nan,-0.33636,-0.33712,-0.34512,-0.3697,-0.40958,nan,nan,-0.31292,nan,-0.36844,nan,-0.30939,nan,nan,nan,nan,nan,-0.31834,nan,nan,-0.51153,-0.49573999999999996,-0.49263,-0.49706000000000006,nan,nan,-0.29191,-0.33045,nan,-0.31311,nan,-0.24856999999999999,-0.23524,-0.2058,-0.19502,-0.16937,-0.10524000000000001,-0.072223,-0.13716,-0.19257,-0.23163000000000003,-0.22423,nan,nan,-0.12567,0.049817,nan,0.32926,0.50927,nan,0.84347,nan,0.93884,nan,1.0256,0.9907,nan,1.0832,1.0025,0.9553200000000001,nan,0.97162,nan,0.75256,0.74545,0.69495,0.68267,nan,nan,0.8113,0.77061,1.141,1.3425,1.521,nan,2.2128,2.3673,nan,nan,nan,nan,nan,nan,1.9649,nan,1.4014,nan,0.60421,0.6199
1.0,1.2217,nan,nan,nan,0.87003,nan,nan,nan,0.17532999999999999,nan,0.26913000000000004,-0.10894000000000001,nan,-0.32269000000000003,nan,-0.13425,-0.086743,nan,-0.18357,-0.24986999999999998,-0.19827,-0.0047269,nan,nan,nan,nan,-0.6906100000000001,-0.42773999999999995,-0.47951000000000005,nan,nan,nan,-0.51365,-0.58528,nan,-0.7078300000000001,nan,-1.0979,-0.23521999999999998,0.24644000000000002,nan,nan,nan,2.2501,nan,2.2398,2.0365,nan,nan,0.9232799999999999,0.80074,nan,0.54457,nan,0.39334,nan,0.056991,-0.19913,nan,-0.087806,-0.1034,-0.06257599999999999,nan,nan,-0.22824,-0.24249,nan,-0.2588,-0.27031,-0.093087,-0.11573,-0.20909,nan,-0.25739,-0.42273999999999995,-0.75805,nan,nan,-1.0316,-1.7326,-1.7734,-0.9329,-0.020091,0.6126,1.2335,1.2615,1.7138,1.9535,1.7802,nan,0.7776,0.83475,nan,0.51646,nan,0.35463,nan,0.08976,-0.0028064,-0.085126,-0.21441,-0.24877,nan,-0.067728,-0.26789,-0.17727,nan,-0.0024998,-0.01804,nan,0.031377999999999996,0.082162,-0.037112,nan,-0.040593000000000004,0.029107,nan,-0.59022,nan,nan,nan,-1.7243,nan,nan,nan,0.61851,0.8652299999999999,nan,1.4209,1.5457,nan,2.3262,2.3004,nan,0.9419200000000001,nan,0.33503,nan,0.081688,0.020964,nan,nan,nan,-0.18797,-0.19489,-0.29491,nan,nan,-0.46871,nan,-0.45216000000000006,-0.49256000000000005,nan,-0.44442,nan,nan,nan,nan,-0.2168,nan,-0.13034,-0.07734500000000001,nan,-0.10031,-0.26335,-0.32074,nan,-0.63927,-0.73846,nan,nan,-0.57293,0.16913,0.30451999999999996,nan,nan,1.704,2.1102,2.5539,2.8707,2.5849,nan,nan,nan,0.002131,-0.15552,-0.2041,-0.38792,nan,nan,nan,-0.8376100000000001,nan,nan,-0.93671,nan,-1.034,nan,-1.0464,-1.1255,-1.3393,nan,nan,-1.2432,nan,-1.3591,nan,nan,-1.4928,-1.501,nan,nan,-1.8203,-1.9168,-2.2628,-2.2043,-2.6435,-1.55,nan,nan,nan,1.252,nan,1.2027,1.2732,nan,nan,nan,0.9439700000000001,0.86721,nan,0.55774,nan,0.34094,nan,0.38277,0.50603,nan,0.11356,-0.022352,nan,-0.2568,nan,-0.51525,nan,-0.58727,-0.69644,nan,-0.8605299999999999,nan,-0.66674,nan,nan,-0.6149899999999999,nan,-0.66301,-0.59373,nan,nan,nan,-0.8049,-0.9311799999999999,-1.1178,-1.3723,-1.7107,-1.3717,nan,nan,nan,nan,0.88945,nan,nan,2.4198,nan,2.8118,2.4751
1.0,-0.7743800000000001,-0.667,nan,-0.5663100000000001,-0.2005,-0.0037653,nan,0.196,nan,0.32031,0.24741,0.44661000000000006,0.5724899999999999,0.59649,0.7854399999999999,0.8651200000000001,nan,1.0976,1.1201,1.1431,1.1294,nan,nan,1.1329,nan,1.1183,1.1679,1.2027,1.2827,1.2376,0.69907,0.34592,0.18272,-0.052000000000000005,-0.42246000000000006,-0.46738,-0.40074,nan,-0.33828,-0.28629,nan,nan,-0.098906,0.012454999999999999,0.08250700000000001,0.1204,0.16484000000000001,0.35157,nan,0.42906000000000005,0.44325,0.40729,nan,nan,nan,0.52549,0.72995,nan,nan,1.0329,nan,nan,nan,1.1582,nan,1.0252,1.0092,1.1983,1.4346,nan,nan,1.8359,nan,nan,nan,1.2985,0.63794,-0.25974,-0.6883,-0.48915,-0.53501,-0.5887,-0.46273000000000003,-0.37446,nan,-0.10132999999999999,0.19344,-0.0050458,nan,0.27505999999999997,nan,0.42223,nan,nan,0.6856,nan,nan,0.75741,0.74731,0.8768799999999999,1.0178,nan,nan,1.2574,nan,1.082,0.99479,1.1176,1.1165,nan,0.75698,0.50879,nan,0.29119,0.27834000000000003,nan,0.28673000000000004,1.0346,0.98872,nan,-0.46183,nan,-1.2846,-1.3236,-1.31,-1.3292,-1.358,nan,-1.2677,-1.0949,-0.8794799999999999,-0.80819,-0.74853,-0.5499,nan,-0.030277999999999996,-0.061105999999999994,nan,nan,0.09222899999999999,0.17253,nan,0.30314,0.31290999999999997,nan,0.33625,nan,nan,nan,0.37533,nan,0.014731999999999999,nan,nan,nan,nan,nan,0.3426,nan,0.2671,0.44609,nan,nan,nan,nan,0.81622,0.84501,0.95058,0.8809100000000001,nan,-0.9340200000000001,-1.2211,nan,-1.1207,-1.2684,-1.1289,-1.306,nan,nan,-0.66686,nan,nan,nan,-0.21098000000000003,nan,nan,0.17057999999999998,nan,nan,nan,0.373,0.45837,0.6461,0.73659,nan,nan,0.8743700000000001,0.8204899999999999,nan,0.84306,nan,1.0865,1.1529,nan,1.2126,1.4073,1.1402,nan,nan,nan,nan,0.7740100000000001,0.94926,nan,0.8955200000000001,-0.30683,nan,nan,nan,nan,nan,-2.3817,nan,nan,nan,-2.5616,nan,-2.5583,-2.3427,nan,nan,-1.7547,-1.709,-1.4031,-1.2296,-1.1298,-0.9691200000000001,nan,nan,-0.8943200000000001,nan,-0.71045,nan,-0.6010800000000001,nan,nan,-0.45955,nan,nan,-0.085626,0.078428,-0.073627,-0.071825,nan,-0.07120800000000001,-0.06632300000000001,-0.014958,nan,-0.07471799999999999,0.33331,0.5333100000000001,nan,-0.67364,nan,nan,-1.8063,nan,nan,-1.7736,-1.7534,nan,-1.6851,-1.3817,nan,nan,nan,-1.1202
0.0,-1.4944,-1.6236,nan,-1.2221,-1.1546,-1.071,-1.0151,nan,-1.262,nan,-1.3208,nan,-1.3622,nan,-1.1236,-1.2193,-1.5315,nan,-1.6526,-1.7769,nan,-1.5281,-1.5622,-1.5355,nan,-1.5489,nan,nan,-2.0258,-2.0085,-1.903,nan,-1.6771,nan,-1.2806,nan,-0.9743799999999999,nan,-0.7329399999999999,-0.61884,-0.4582,-0.32858000000000004,nan,-0.36272,nan,-0.11534000000000001,nan,nan,-0.24169000000000002,-0.26258000000000004,-0.2378,-0.21097,-0.20435,-0.17928,-0.16823,nan,nan,-0.12677,-0.10629000000000001,nan,nan,0.095946,nan,nan,0.34806,0.48458,0.59921,nan,nan,1.1468,1.3316,nan,nan,1.9597,nan,nan,2.3168,2.367,2.3117,2.2021,2.0794,1.8835,nan,1.2461,0.95583,nan,0.41423000000000004,nan,nan,-0.075025,nan,nan,-0.11238,-0.20046,-0.266,-0.27093,nan,-0.31395,-0.3846,-0.40989,nan,-0.32411,-0.34128000000000003,-0.34473000000000004,-0.30257,nan,nan,nan,-0.39651,-0.40288,nan,-0.38135,nan,nan,-0.3408,-0.34341,-0.30632,-0.23906999999999998,nan,-0.22865,-0.27576999999999996,-0.3562,-0.44531000000000004,-0.47886000000000006,nan,-0.38239,nan,-0.5402,-0.61129,-0.66069,-0.67214,-0.66972,nan,nan,nan,-0.66775,-0.6657,-0.69617,nan,nan,nan,nan,nan,-0.55377,-0.60724,-0.69233,-0.71835,-0.9089700000000001,-1.0421,nan,-1.0444,nan,-0.80915,-0.69413,nan,nan,nan,nan,nan,nan,nan,0.2969,nan,nan,nan,0.48798,0.4967,nan,nan,nan,nan,0.5574100000000001,nan,0.58073,0.5446,nan,0.5596,nan,nan,0.55783,nan,0.67657,0.70313,0.75572,nan,0.9627600000000001,nan,1.1798,1.3611,1.5643,1.8021,2.0297,2.2030000000000003,nan,2.5532,2.6994,2.8461,2.8149,nan,2.8022,2.6789,nan,2.2462,1.9269999999999998,nan,nan,1.1716,nan,nan,0.68434,nan,0.38286,nan,0.28636999999999996,0.29443,nan,nan,nan,0.15627,nan,nan,nan,0.071891,nan,0.18151,nan,nan,nan,nan,0.16207,nan,0.14743,nan,0.18779,0.19626,nan,0.15808,0.19299000000000002,0.15195,0.11139,0.07294500000000001,0.033232,0.071639,nan,0.037630000000000004,0.013791,0.035248,0.030643,nan,nan,-0.026157,nan,-0.090397,-0.11659000000000001,-0.12527,nan,nan,nan,-0.13455,-0.18566,nan,-0.2404,-0.2356,nan,nan,-0.26554,-0.31056,nan,-0.42078999999999994,-0.56423,-0.7026,nan,-0.68298,-0.60238,nan,-0.35696,-0.18134
0.0,-0.23234000000000002,nan,-0.24738000000000002,-0.18402000000000002,nan,nan,0.12445999999999999,0.22571,nan,0.44896,0.63083,0.8242700000000001,1.0437,nan,nan,1.4782,1.5664,1.5805,nan,nan,nan,1.0581,nan,0.5018100000000001,0.23969000000000001,nan,-0.09160900000000001,-0.32399,-0.55018,nan,-0.63049,-0.69091,-0.7640399999999999,nan,-0.87503,nan,nan,nan,nan,-0.78437,nan,-0.74492,-0.7732100000000001,-0.8013,-0.82011,-0.9281,-1.0847,nan,nan,nan,nan,-0.7885800000000001,-0.81191,-0.83839,-0.8753799999999999,-0.9258799999999999,nan,-0.9874700000000001,-0.9850399999999999,-0.9823,nan,-1.0759,-1.1383,-1.1639,-1.1764,nan,-1.2473,nan,-1.2916,-1.3513,-1.4302,-1.5039,-1.4936,-1.3538,nan,-1.4352,nan,nan,-1.5959999999999999,-1.6355,-1.7193,-1.6579,nan,-1.5672,-1.5033,-1.463,-1.4958,-1.5301,nan,-1.4589,-1.3478,nan,nan,-0.9474,nan,-0.60172,nan,nan,-0.23913,nan,-0.065214,0.020243,0.078463,0.12687,0.17552,nan,0.22633000000000003,0.23923000000000003,0.25775,0.24795999999999999,0.22046999999999997,0.18902,nan,nan,0.18736,0.1646,0.15833,nan,0.32838,0.34239,nan,0.49743000000000004,nan,0.54548,0.56665,nan,nan,0.8338,0.96878,nan,nan,1.4519,1.5387,1.646,nan,nan,nan,2.0624,1.973,1.8382,1.7159,nan,1.2291,0.96557,nan,nan,nan,0.11724000000000001,0.012281,nan,-0.1709,nan,nan,nan,-0.30596,-0.30356,-0.26415,nan,-0.25261999999999996,nan,-0.22396999999999997,nan,nan,nan,-0.21609,-0.24735,-0.24769000000000002,-0.27742,-0.32379,-0.34134000000000003,nan,-0.3913,-0.36536,-0.3063,nan,nan,nan,-0.27760999999999997,-0.21247,nan,nan,-0.27776999999999996,-0.36469,nan,-0.46692,-0.53847,-0.5846399999999999,nan,-0.52594,nan,-0.6058899999999999,nan,nan,-0.93566,-0.97854,-1.0193,nan,nan,-1.0685,-1.0785,-1.0742,-1.0286,nan,-1.1146,-1.1159999999999999,nan,nan,-1.03,nan,nan,-0.9988299999999999,nan,nan,nan,-0.56629,-0.40062,nan,nan,0.27614,0.22587,0.33871999999999997,nan,nan,nan,nan,nan,0.77596,nan,nan,nan,nan,nan,0.74842,0.6744100000000001,0.62521,0.6390399999999999,nan,0.6376,0.65803,nan,0.76757,0.8012,0.8526600000000001,0.86884,nan,nan,nan,1.1295,1.1534,1.34,1.5745,1.7593,1.9165,nan,2.0974,2.2119,2.3195,nan,2.3853,nan,2.3078,2.1896,2.0082,nan,1.5262,1.3184,1.1542,nan,0.72244,0.7266699999999999,0.6892699999999999,nan,0.45923,0.41251000000000004,0.37169,nan,0.3838
1.0,-0.18375999999999998,-0.1362,-0.12270999999999999,-0.12380999999999999,-0.12062,-0.12673,-0.1552,-0.18520999999999999,-0.20151,-0.21040999999999999,-0.21648,-0.33137,nan,nan,-0.25176,nan,-0.35916,-0.43723999999999996,-0.48605,-0.4059,nan,nan,-0.5283399999999999,nan,nan,-0.69325,-0.75148,-0.71126,-0.72656,nan,-0.5555399999999999,nan,-0.75754,nan,-0.87961,-0.8324,nan,nan,nan,-0.16835,0.2726,0.57282,0.90884,0.9924200000000001,1.0739,0.84644,0.81037,nan,nan,0.6795800000000001,0.6764600000000001,0.62335,0.58027,0.48946999999999996,0.53806,nan,nan,0.93568,nan,nan,1.7562,2.1884,nan,nan,nan,1.9164,1.5034,nan,0.89999,nan,0.5257,nan,0.18347,nan,nan,-0.0947,nan,nan,nan,-0.08566900000000001,-0.08766399999999999,-0.08190800000000001,-0.062362,-0.080066,nan,0.042351,0.095309,0.13802999999999999,nan,0.12161,nan,nan,0.083898,nan,-0.0056437,-0.0088161,-0.031994999999999996,nan,-0.055659,-0.10429000000000001,-0.18422,-0.20074,-0.23476999999999998,-0.25805,nan,-0.39369,-0.40817,-0.44253000000000003,-0.45553,-0.51964,nan,-0.51452,nan,-0.54246,-0.54957,-0.7813100000000001,-0.75243,nan,nan,-0.61995,-0.5665100000000001,-0.64889,-0.80032,nan,-0.51949,nan,nan,-0.13615,0.14875,nan,nan,1.0492,nan,nan,nan,nan,nan,nan,1.4581,1.3006,1.3195,1.2701,1.1679,1.0712,nan,0.91874,1.1462,1.1196,nan,1.5578,nan,2.3442,2.5239,2.8869,nan,3.2053,3.1045,3.0026,2.5559,2.0548,nan,nan,0.9161299999999999,0.5462199999999999,nan,-0.24053000000000002,-0.29886,-0.34613,-0.3961,-0.47802,-0.5444100000000001,nan,nan,-0.42506000000000005,-0.46216,nan,-0.49232,nan,-0.51156,-0.40012,-0.40769,-0.41968999999999995,nan,nan,-0.48375,-0.50447,nan,-0.51744,-0.57094,-0.6809999999999999,-0.66513,nan,nan,nan,-0.68118,-0.7273,nan,-0.7912600000000001,-0.8403799999999999,-0.80116,-0.6592,nan,-0.48863,nan,nan,-0.56234,-0.5067,-0.5813699999999999,-0.5627800000000001,nan,-0.2,0.00024046,0.028151999999999996,0.14387,nan,0.80116,nan,nan,0.96093,nan,nan,nan,nan,0.37512,nan,0.038411,-0.12847,nan,nan,nan,nan,1.0032,1.1174,nan,nan,nan,0.91385,nan,nan,0.17521,-0.21497,-0.75908,-1.1746,nan,-1.3969999999999998,nan,-1.5041,-1.5299,-1.5077,-1.4981,-1.4885,-1.4538,nan,-1.3352,nan,-1.4333,-1.4059,nan,nan,-1.3442,nan,nan,-1.2038,-1.3668,nan,nan,-1.4961,nan,-1.4782,nan,-1.2492,-1.0743,-1.4781,nan,-1.5973,-1.6729,nan
1.0,1.1707,1.0822,nan,0.83454,0.72949,0.4991,nan,nan,0.29511,0.13608,0.041525,0.014431,-0.14568,-0.035837,0.23249,nan,nan,0.59812,0.68178,0.83426,0.9165399999999999,0.9647,nan,0.78062,nan,0.5241600000000001,0.29649000000000003,nan,-0.0654,-0.17523,-0.28576,-0.48205,-0.68752,-0.79873,nan,-0.8955799999999999,nan,-1.0995,nan,nan,-1.0991,-1.1062,-1.1644,nan,nan,-1.1582,-1.1106,nan,nan,-1.1996,-1.1855,nan,nan,-1.3566,-1.4372,-1.4462,-1.4069,-1.426,nan,nan,-1.5702,-1.6376,-1.5781,-1.5754,-1.5541,-1.4977,-1.4240000000000002,-1.3648,nan,nan,-1.3014,nan,-1.0791,nan,-0.5795,nan,-0.070361,0.33,nan,0.96631,1.0651,nan,nan,1.2737,1.1851,1.1496,nan,0.9474899999999999,0.8074,0.70804,0.6492100000000001,nan,0.43361000000000005,0.32327,nan,nan,nan,0.41547,0.60254,0.74968,nan,1.1617,nan,1.6654,nan,nan,nan,2.1271,2.1831,nan,nan,1.9331,nan,1.5192,1.2176,0.96398,0.8212200000000001,0.6429600000000001,0.5111100000000001,nan,0.32816,nan,0.17094,-0.017509999999999998,-0.13504000000000002,nan,nan,nan,-0.30283000000000004,-0.29155,-0.25364000000000003,nan,nan,-0.24423000000000003,-0.19769,nan,-0.20705,-0.25374,-0.21995,nan,-0.31024,nan,nan,nan,-0.58268,nan,nan,nan,-0.74368,nan,-0.86919,nan,-0.9805200000000001,nan,-0.9587700000000001,-1.0466,nan,nan,-0.94876,nan,nan,-0.84715,nan,-0.71686,-0.67099,-0.71568,-0.60119,-0.5585899999999999,-0.23535999999999999,nan,0.31174,nan,0.90023,1.1339,1.2538,nan,nan,1.4076,1.4179,1.3132,1.1983,1.1431,0.92569,0.8194,0.65462,0.41257,nan,0.44238,nan,0.52099,0.7567,0.9275100000000001,nan,nan,nan,nan,1.5614,1.4744,1.3972,nan,nan,nan,0.44661999999999996,nan,0.17647000000000002,-0.093445,-0.33126,-0.6110399999999999,-0.7031,-0.86455,nan,-0.90049,nan,-0.99285,-0.95809,-0.9358299999999999,nan,-0.92758,-0.9432200000000001,-0.94625,-1.0033,-0.9961200000000001,nan,-1.0704,-0.83849,-0.86192,-1.028,-1.0652,nan,nan,nan,nan,nan,-1.3877,nan,-1.0907,-1.0872,nan,nan,nan,-1.171,nan,-1.1193,-1.0189,-1.0294,-0.9909399999999999,-0.78699,-0.53738,-0.29331999999999997,-0.1928,0.14313,0.43988999999999995,0.83254,1.0018,nan,nan,1.2464,nan,1.3051,1.1967,nan,0.9083,nan,0.8370700000000001,0.8474,nan,1.07,1.1852,1.4157,nan,1.3459,1.3661,1.4029,1.1807,0.6097899999999999,0.8320200000000001,0.24652
0.0,-1.3116,nan,-1.2452,nan,-1.4492,-1.2228,-1.1283,-1.1709,-1.2211,-1.1332,-0.9863700000000001,nan,-1.1305,-1.3101,-1.4383,nan,nan,nan,-0.26171,0.76361,nan,0.63089,nan,0.4219,nan,nan,-0.075516,-0.19191,-0.20317000000000002,-0.19480999999999998,-0.3611,-0.44876000000000005,nan,-0.16971,-0.27542,nan,nan,0.19595,nan,1.1784,nan,2.1481,2.464,2.4668,nan,2.4404,1.8381,1.4248,nan,0.16657,-0.67747,-1.1757,-1.2682,-1.2224,-1.1681,nan,nan,nan,nan,-0.9751700000000001,-1.061,-0.90591,-0.83735,-0.85214,-0.88177,-0.9430700000000001,-0.9563200000000001,-0.9906200000000001,-0.96703,nan,nan,-0.8489700000000001,nan,nan,-0.72583,nan,-0.8791399999999999,-0.8539200000000001,-0.79673,nan,-0.80291,-0.78535,-0.68481,-0.7873899999999999,-0.57115,nan,-0.68325,-0.68599,nan,-0.6268199999999999,-0.6639,nan,-0.6365,nan,-0.6009800000000001,-0.73028,nan,-0.5142800000000001,-0.4383,nan,nan,-0.48131999999999997,nan,0.22585999999999998,nan,0.7154,nan,0.8724700000000001,nan,0.7733800000000001,0.7205699999999999,0.7505,0.60743,0.6094,nan,0.50008,nan,nan,nan,nan,0.21398000000000003,0.38319000000000003,nan,nan,1.0751,1.7402,nan,nan,2.8565,nan,3.105,nan,2.9007,2.5161,nan,1.4379,0.6229100000000001,0.20548000000000002,nan,nan,nan,-0.60647,nan,-0.6048899999999999,-0.34442,-0.38518,-0.33726,-0.31433,nan,-0.39971,nan,nan,nan,-0.55313,nan,nan,nan,-0.44223,-0.46718999999999994,nan,nan,nan,-0.44955,-0.40973000000000004,-0.40807,nan,-0.41863,-0.45592,nan,-0.53571,-0.52995,-0.41668999999999995,-0.35334,nan,-0.40185,nan,nan,-0.26037,-0.27191,nan,-0.21143,-0.19958,nan,-0.34763,nan,-0.57698,-0.27755,-0.57111,-0.49188000000000004,-0.21843,nan,0.42094,0.7148,0.8114100000000001,1.0314,nan,0.98511,0.93319,0.81886,nan,0.50644,0.41553,nan,0.19718,-0.01704,0.19497,0.17659,-0.032055,nan,0.11467000000000001,0.23715,0.6475,0.8716299999999999,1.2862,1.8408,2.7256,2.9352,3.4456,nan,nan,nan,1.6162,1.138,0.49527,nan,-0.44335,nan,nan,nan,-0.78378,nan,-0.34820999999999996,nan,nan,-0.36451,-0.38475,-0.44752,-0.50922,-0.5575,-0.45258999999999994,nan,-0.4643,nan,nan,-0.3789,-0.15388,-0.17207999999999998,-0.24699000000000002,nan,-0.28643,nan,-0.16516,nan,nan,-0.11590999999999999,nan,-0.19169,-0.10198,0.027243,nan,nan,nan,nan,-0.12762,-0.10492,-0.12403,nan,nan,nan,-0.26002,-0.33313000000000004,nan,nan,nan,-0.12269000000000001,nan,0.26473
0.0,2.1588,nan,nan,1.1835,nan,0.15215,nan,nan,-0.9354,-1.2859,nan,nan,-1.4161,-1.3452,nan,nan,nan,-1.2427,-1.2541,nan,-1.2014,-1.2965,nan,-1.274,-1.3176,nan,-1.27,-1.2606,-1.0629,-0.9026799999999999,-1.0003,-1.0532,-1.0077,nan,-0.9688399999999999,nan,nan,-0.97029,nan,-1.013,-0.9765799999999999,-0.91605,nan,-0.9011299999999999,-0.8801,nan,-0.92253,nan,-0.93032,-0.9077700000000001,-0.80666,-0.81311,nan,nan,nan,nan,nan,-0.63489,nan,nan,nan,0.19494,0.26533,0.37474,0.38135,0.29153,0.24236,0.14145,nan,nan,nan,nan,nan,-0.4577,-0.41791000000000006,-0.39459,-0.31675,-0.24572,-0.026306,0.15703,0.57284,0.83399,nan,1.7131,nan,nan,nan,nan,2.6048,2.3421,1.5871,nan,nan,0.30291999999999997,-0.13262000000000002,-0.38731,-0.66115,-0.7508,nan,nan,nan,-0.72509,nan,nan,nan,-0.42877,nan,-0.5310199999999999,-0.5384899999999999,-0.34234000000000003,-0.37290999999999996,nan,nan,-0.36845,nan,nan,nan,-0.47816000000000003,nan,nan,-0.45701,-0.43618,-0.4576,-0.5280199999999999,-0.53271,-0.53299,-0.40154,-0.40662,-0.37513,-0.35488000000000003,-0.23881,nan,nan,-0.10338,-0.19219,-0.15957000000000002,0.0238,0.015151,nan,-0.23001,-0.10622000000000001,0.01281,nan,nan,nan,nan,0.33485,nan,nan,0.8495799999999999,0.94429,nan,0.81367,0.63115,0.52062,0.36841999999999997,nan,0.27621,nan,nan,nan,nan,nan,-0.072029,-0.043008,nan,nan,0.67692,0.89126,nan,1.6497,2.1776,nan,nan,nan,3.0627,2.7765,nan,1.6429,1.2673,0.47333000000000003,0.23059000000000002,-0.22648000000000001,-0.37640999999999997,-0.68094,-0.70315,-0.69012,nan,-0.72611,-0.6862699999999999,-0.55266,nan,-0.50475,nan,-0.56593,-0.50183,nan,nan,-0.53081,-0.50398,-0.57411,-0.5672699999999999,nan,nan,nan,nan,-0.41211000000000003,-0.40379,-0.38516999999999996,-0.40736,-0.43187,-0.38145,-0.38117,nan,-0.28526,nan,-0.29183000000000003,nan,-0.24722,nan,nan,-0.039191000000000004,-0.056742999999999995,nan,-0.14874,-0.011394,nan,nan,-0.096843,-0.06071,nan,nan,nan,nan,0.59622,0.66154,0.7349399999999999,0.7659,0.7976,0.68797,nan,0.47175,0.318,0.23173000000000002,-0.0049662,-0.095427,-0.047229,-0.033763,-0.10032999999999999,-0.089879,-0.145,-0.1158,nan,0.42268,nan,nan,1.6514,nan,nan,3.0283,nan,nan,2.6853,nan,nan,0.87387,0.56412,nan,nan,-0.57438,-0.69148,-0.63007,nan,nan,nan,-0.42231,nan
1.0,0.045607,0.084815,0.23699,nan,nan,nan,0.050827,nan,nan,nan,0.38799999999999996,0.5251600000000001,nan,nan,0.84898,nan,nan,0.24511999999999998,0.07092000000000001,0.039044,0.14002,0.055425,-0.17140999999999998,-0.33016,-0.38645,nan,-0.54988,nan,-0.70016,-0.7237,nan,-0.96078,-0.8004600000000001,nan,nan,-0.85182,nan,-0.76702,-0.7196199999999999,nan,-0.70695,-0.6383300000000001,-0.57582,-0.54727,nan,-0.53303,-0.45661999999999997,nan,-0.52315,-0.48208,-0.33786,-0.32371,-0.14772000000000002,nan,0.20117000000000002,0.58406,1.1632,1.4809999999999999,1.9444,2.2386,2.6358,nan,2.4246,nan,0.8651,0.77827,nan,-0.45542,-0.68809,-0.84459,-1.0064,nan,-1.1062,-1.2191,nan,-1.2048,-1.2703,nan,nan,-1.079,nan,-1.0156,-1.0999,nan,-0.94331,nan,-0.94699,-1.0227,-1.1157,nan,-1.4597,-1.6225,-1.4874,-0.8373700000000001,-0.47146000000000005,-0.50543,nan,nan,1.4596,2.2636,2.8952,nan,2.8097,1.5184,nan,0.1009,nan,nan,-0.46821,-0.63852,-0.7592899999999999,nan,-0.97521,-1.0338,nan,nan,-1.0819,nan,nan,nan,nan,-0.80184,-0.7023699999999999,-0.50489,nan,-0.49323,nan,nan,nan,-0.69411,-0.75625,nan,-1.0772,-1.3534,-1.0988,-0.45948999999999995,-0.10128999999999999,-0.38615,0.30027,0.7027,nan,2.1551,nan,nan,2.9594,nan,0.92545,0.65763,nan,nan,0.33910999999999997,0.18245999999999998,0.16424,0.11419000000000001,0.12184,0.13397,-0.03597,-0.083914,-0.18278,-0.33524,-0.33121999999999996,-1.2357,nan,-1.2442,-1.202,-1.0643,-0.80308,nan,nan,-0.26697,-0.2596,-0.23965999999999998,nan,-0.235,nan,nan,nan,nan,0.2109,nan,0.28357,0.34426999999999996,nan,nan,0.11252000000000001,0.26389,nan,1.4655,1.6218,1.5738,1.8641,2.3369,2.7451,2.9809,nan,nan,nan,nan,0.31844,nan,0.23701999999999998,0.10057,nan,nan,-0.46925,nan,nan,-0.47118999999999994,-0.5471,nan,-0.5442,nan,nan,nan,nan,nan,-0.67097,-0.58911,-0.73346,nan,nan,-0.81415,nan,-0.6397,-0.6526,-0.78355,-0.83998,nan,-1.2453,-0.8464299999999999,-0.363,0.44453000000000004,0.79901,nan,nan,nan,1.3839,1.4153,1.1022,0.9111799999999999,nan,0.777,nan,0.66396,nan,0.40874,0.45178,nan,nan,0.20642,0.15313,0.30546999999999996,0.35906,-0.019213,0.36408,0.15433,0.10985999999999999,0.13447,0.19455999999999998,nan,nan,nan,nan,-0.0048619,nan,-0.26446,-0.29272,nan,nan,nan,-1.0127,-0.17514000000000002,0.3869,0.57031,0.78115,nan,nan
1.0,0.13560999999999998,nan,-0.49058999999999997,-0.58625,-0.59855,-0.78882,-0.74728,-0.9939399999999999,nan,nan,-1.3229,-1.4683,nan,-1.7841,-1.8877,-2.029,nan,-2.1526,-2.0331,nan,nan,nan,nan,nan,nan,1.9307,nan,2.2381,nan,nan,1.162,0.7368100000000001,0.20143,-0.2599,nan,-0.35062,-0.6771199999999999,nan,nan,nan,nan,-1.1882,nan,-1.2598,nan,-1.2955,-1.2885,-1.9593,-1.9799,nan,-1.953,-2.3644,-1.9778,-1.9077,nan,-1.9376,-1.9673,nan,-2.2136,-1.7565,nan,nan,-1.3473,nan,-1.3933,nan,nan,nan,-0.88544,-0.60334,-0.40593,-0.10547999999999999,nan,0.19845,0.30383000000000004,0.4043,nan,0.27919,0.29104,0.26313000000000003,nan,0.27975,0.2442,nan,-0.14285,-0.21814,-0.48185,nan,nan,nan,-0.96019,-0.8874299999999999,nan,nan,-0.8813200000000001,-0.345,-0.86915,nan,-0.73506,nan,-0.016996999999999998,nan,0.10389000000000001,-0.17114000000000001,0.004347600000000001,0.31658000000000003,nan,0.4922,nan,nan,0.34495,0.2494,nan,nan,-0.22735999999999998,nan,nan,-0.15858,-0.17754,-0.3066,-0.30096999999999996,-0.29657,nan,nan,nan,0.35222,0.25327,nan,nan,nan,-1.3557,-0.72409,-0.89705,-0.98415,-0.42586999999999997,-1.2428,nan,-0.56123,nan,-0.76073,nan,nan,nan,-1.0471,nan,-1.1635,nan,0.013002000000000001,nan,nan,nan,-0.10751,0.51142,nan,0.67765,0.79974,nan,1.0062,nan,nan,nan,0.69871,0.73365,0.72713,0.8585200000000001,nan,nan,nan,1.095,1.0095,0.78685,0.84554,0.9949600000000001,nan,nan,0.80069,0.31658000000000003,0.29056,nan,0.53673,0.14246,0.25643,nan,nan,nan,0.555,0.35675,0.33178,0.33688,0.35161,0.50236,0.016778,0.06093099999999999,nan,nan,0.5887100000000001,0.72128,nan,0.62784,nan,0.72949,0.89095,nan,nan,nan,nan,nan,1.3839,1.3993,1.5819,nan,nan,1.7003,1.578,1.4983,nan,1.1667,1.0448,nan,0.66174,0.52048,0.51279,0.39958,0.44542,nan,nan,nan,-0.041641000000000004,nan,-0.014594,0.056738,0.059873,nan,nan,-0.035117,0.047103,nan,nan,0.14699,0.13405999999999998,0.29977,0.48833000000000004,0.67557,nan,0.76174,0.9440200000000001,nan,1.1883,1.2489,nan,nan,nan,1.7994,nan,2.0725,nan,nan,1.4622,nan,nan,nan,0.66051,0.33702,0.11149,-0.28325,-0.32029,-0.30984,-0.12270999999999999,nan,nan,0.14964,nan,0.07276200000000001,0.2341,0.36667,nan,0.54178
0.0,-0.074959,0.084427,nan,0.54199,0.76535,1.3266,1.6093,nan,2.2472,nan,2.805,nan,2.7301,2.5346,nan,nan,nan,nan,0.24314000000000002,nan,-0.20389000000000002,-0.38193,-0.45815,nan,-0.67686,-0.6796,-0.66038,nan,-0.7325,-0.73165,-0.72823,-0.65573,-0.57438,-0.60559,nan,-0.65701,-0.63118,-0.6248100000000001,nan,nan,nan,nan,-0.64842,nan,-0.55035,nan,-0.54122,nan,nan,nan,-0.46557,nan,-0.4276,-0.47478000000000004,-0.3703,-0.25923,-0.18563,-0.32774000000000003,nan,-0.060577,nan,-0.072453,-0.09902799999999999,nan,nan,nan,nan,-1.6145,-1.2928,-1.0595,-0.5926,-0.32452,nan,0.49959,0.73653,nan,0.8880399999999999,0.90971,nan,nan,nan,0.54599,0.43506000000000006,0.3086,0.1315,nan,-0.040927,-0.04367,-0.020489,-0.12349,-0.31575,nan,0.10297,nan,nan,1.0238,nan,1.5142,nan,nan,2.7091,3.1141,3.2101,3.0069999999999997,nan,2.6625,1.9172,1.5497,1.2178,nan,0.34445,nan,nan,-0.091748,-0.24839,-0.27014,-0.35294000000000003,-0.48972,-0.5232100000000001,-0.47773000000000004,-0.32681,-0.33876,nan,nan,nan,nan,nan,-0.48783000000000004,-0.54457,nan,-0.5343399999999999,nan,-0.52583,nan,nan,-0.43945,-0.40746,-0.42323999999999995,-0.4628,nan,-0.34052,nan,nan,-0.2164,-0.26245999999999997,nan,-0.19326,-0.023014,nan,-0.087506,nan,0.13383,nan,nan,nan,nan,-0.83035,-1.1137,nan,-0.99736,-0.8363700000000001,-0.37826,nan,nan,0.35772,0.4075,nan,0.50212,0.5723699999999999,0.6151399999999999,nan,nan,nan,0.25299,nan,nan,0.23021999999999998,-0.0039562,-0.10974,nan,-0.2793,nan,nan,nan,nan,0.24097,0.61573,nan,nan,nan,nan,2.1806,2.4137,2.6482,nan,nan,nan,1.6637,1.4182,0.64785,0.3191,-0.031576,-0.4923,-0.5542600000000001,nan,-0.74393,-0.7902100000000001,-0.91196,-0.98959,-0.8660700000000001,-0.8733700000000001,nan,-0.8378700000000001,-0.76985,nan,nan,-0.76999,-0.76199,-0.75569,-0.75361,nan,-0.8849299999999999,nan,-0.9363,-0.86131,nan,-0.8791700000000001,nan,-0.9918600000000001,nan,-0.68679,-0.74232,-1.1027,nan,-0.71543,nan,-0.42391999999999996,-0.28017,nan,-0.2179,-0.1159,-0.23123000000000002,nan,-0.5541699999999999,nan,-0.67697,nan,nan,-1.7542,-1.9568,-1.7947,nan,-1.0758,-0.78781,nan,nan,nan,nan,0.027846,0.082928,0.10542,0.054064999999999995,0.11323,nan,nan,nan,-0.32692,-0.41728999999999994,nan,nan,nan,-0.75307,-0.6473300000000001,-0.7177,-0.74265,nan,-0.19810999999999998
0.0,-0.57522,nan,-0.53515,nan,nan,-0.66567,-0.65658,nan,-0.61541,nan,-0.39023,nan,nan,-0.25119,nan,-0.51471,-0.22446,nan,nan,nan,nan,-0.9137200000000001,-0.89923,-0.74236,-0.35675999999999997,nan,0.086322,0.41743,0.59949,nan,0.877,0.84525,nan,nan,1.024,nan,0.96693,nan,0.71205,nan,0.45133,nan,0.33676999999999996,-0.14332,nan,0.035771,nan,0.46597,0.72695,0.9696899999999999,1.1836,1.685,nan,2.2883,nan,nan,2.8122,nan,nan,2.5224,2.2784,1.8618,0.9828100000000001,0.64072,nan,0.30415,0.25073,0.0042574,-0.34728000000000003,nan,-0.41229,-0.30514,-0.34981999999999996,nan,-0.47063999999999995,-0.42133999999999994,-0.24184,nan,-0.33866,-0.39183,-0.37590999999999997,-0.4036,-0.4203,nan,-0.51682,-0.64031,-0.6529699999999999,nan,-0.66242,-0.71231,-0.67006,nan,nan,nan,-0.5521199999999999,-0.50417,nan,nan,nan,-0.59882,nan,-0.59853,-0.53717,-0.9509700000000001,nan,nan,nan,-0.6877300000000001,-0.76137,-0.7206,nan,-1.0979999999999999,nan,-1.1359,-0.8583,nan,-0.35661,0.046998000000000005,0.28214,0.46893999999999997,nan,nan,nan,1.0345,1.1687,0.9445399999999999,nan,nan,nan,nan,nan,0.45253999999999994,nan,0.50139,0.19383,0.039559,nan,nan,0.26383,nan,0.9008200000000001,1.051,nan,nan,2.0494,nan,2.4172,nan,nan,2.588,2.282,nan,1.7288,nan,0.7247399999999999,nan,0.33200999999999997,nan,0.0081625,nan,-0.44764,-0.32369000000000003,-0.17575,nan,-0.23809,-0.26957,nan,-0.33504,-0.29375,nan,nan,-0.424,nan,nan,-0.39631,-0.41063,nan,nan,-0.53474,-0.40383,nan,-0.14808,-0.11614000000000001,nan,nan,-0.34820999999999996,nan,nan,-0.8846700000000001,nan,nan,-1.0070000000000001,-0.96691,-0.78504,-0.80179,nan,-0.52571,-0.5182,-0.6159399999999999,nan,nan,-1.0279,-1.16,nan,nan,nan,-0.8585799999999999,nan,-0.32222,nan,0.20894000000000001,nan,0.30104000000000003,nan,0.51076,0.59136,nan,0.58541,0.54683,nan,nan,0.069003,nan,-0.098504,-0.20836999999999997,-0.24863000000000002,-0.29688000000000003,-0.5006,nan,-0.52255,-0.31101999999999996,-0.11424000000000001,nan,nan,0.88774,nan,nan,nan,2.345,nan,nan,1.8754,nan,nan,nan,nan,-0.6056600000000001,nan,-0.43188000000000004,-0.80156,nan,-1.4225,nan,-1.4040000000000001,nan,-1.2909,nan,nan,-1.2177,-1.1888,-1.237,nan,nan,nan,nan,nan,-1.2979,-1.311,-1.0635,nan,-1.1488,nan,-1.2246,-1.3762,nan,nan,-1.2572
1.0,0.31586,nan,0.00066172,-0.052295,-0.045021,-0.099728,nan,nan,nan,0.11116,0.14169,nan,0.14482,0.12455,0.069438,0.07253,0.10858,0.096996,0.12220999999999999,0.17165,0.18474000000000002,nan,0.25039,nan,nan,nan,nan,-0.012045,nan,-0.035448,-0.08583500000000001,-0.07750800000000001,-0.044001,nan,-0.033107,nan,nan,nan,-0.37661999999999995,-0.43951999999999997,-0.49045,nan,-0.47662,-0.41821,-0.39481,nan,-0.44677,nan,nan,nan,nan,-0.61693,-0.6552899999999999,-0.7288100000000001,nan,-0.70195,nan,-0.6661600000000001,-0.81858,nan,-0.83598,nan,-0.76057,nan,-0.65294,-0.60677,-0.37938,nan,nan,nan,nan,0.17679,0.29218,0.7116899999999999,nan,0.83654,nan,1.097,1.2024,nan,nan,1.0994,nan,1.1281,1.3702,1.6526,nan,nan,nan,1.5082,1.5238,1.6046,1.9943,2.4439,2.7372,nan,nan,nan,nan,nan,1.2018,1.1475,0.75621,nan,0.41205,0.32553000000000004,0.29851,nan,0.52179,nan,0.66372,0.69347,0.66063,nan,0.5654399999999999,nan,0.5020100000000001,0.44495,0.37758,nan,nan,0.22043000000000001,0.042992,nan,-0.1805,-0.31906999999999996,nan,nan,-0.28010999999999997,-0.29906,nan,-0.54604,nan,-0.8268700000000001,nan,nan,-0.9013899999999999,-0.8595,nan,-1.0224,-0.99926,nan,-0.9970600000000001,nan,-0.96473,nan,-0.75939,-0.64595,nan,-0.4004,nan,-0.11793,nan,nan,0.28389000000000003,0.25745,nan,-0.06839400000000001,nan,0.49523,1.022,1.2398,1.208,1.538,nan,1.3403,1.4058,nan,nan,nan,1.3931,1.4054,1.3082,1.1124,nan,1.7617,nan,nan,nan,2.8773,2.6423,2.2456,1.6004,1.1681,nan,0.12155,-0.25803000000000004,-0.52447,-0.68515,-0.7137600000000001,-0.85719,-0.70772,nan,nan,-0.95157,-0.9892299999999999,nan,nan,-0.97744,-0.8013899999999999,-0.82655,-0.9108799999999999,-0.9354600000000001,-0.9269799999999999,-0.9663,nan,nan,nan,nan,-1.1105,nan,nan,-1.1624,nan,-1.1525,nan,-1.2092,-1.3069,-1.3428,-1.4344,-1.5867,-1.5868,-1.6372,-1.5995,-1.5623,nan,-1.6344,nan,-1.4352,-1.4398,-1.4732,-1.4408,-1.4149,nan,-1.0388,nan,nan,-0.9668200000000001,nan,-0.8508,-0.92622,-1.3117,-1.5244,-1.0167,-0.9122399999999999,nan,nan,0.52366,0.8537100000000001,0.87728,nan,nan,0.65259,nan,0.68047,nan,nan,0.67345,0.48478000000000004,nan,nan,nan,nan,0.25478,nan,nan,-0.4286,nan,-0.6076699999999999,-0.36661,-0.97816,-1.2298,nan,-0.55156,-0.55957,nan,-0.71144
1.0,-0.68365,-0.59763,nan,-0.6674899999999999,nan,-0.9638100000000001,-1.1738,-1.2753,nan,nan,-0.96194,nan,nan,-0.047552,0.30313,0.6451100000000001,nan,nan,nan,1.4848,1.6334,1.6841,1.8637,nan,nan,nan,1.4192,nan,1.1794,1.1459,1.0192,nan,0.6342800000000001,nan,nan,0.50564,0.53709,nan,0.71136,0.79792,nan,1.1043,1.2994,nan,nan,nan,nan,1.8306,1.8391,1.7723,nan,1.4861,1.2161,nan,nan,nan,-0.15596,-0.25273,-0.55281,-0.72695,-0.8316600000000001,nan,-1.0877,nan,-1.3261,nan,-1.2869,-1.2412,-1.1987,-1.083,nan,-1.0969,-1.1444,nan,-1.3115,-1.3606,-1.3058,nan,-1.1665,-1.0945,-1.1640000000000001,-1.2684,-1.3703,-1.26,nan,-1.3253,nan,nan,-1.2912,-1.3569,-1.3449,-1.3567,-1.3861,nan,-1.3533,-1.3611,nan,-1.3411,nan,-1.3149,nan,-1.1317,-1.0923,-1.0207,-0.9240799999999999,nan,nan,nan,-0.9362799999999999,-0.61223,-0.39411999999999997,nan,-0.011873,nan,0.21941,0.40746,nan,0.55679,0.5242399999999999,nan,nan,nan,0.5442100000000001,nan,-0.12619,-0.12865,0.059650999999999996,0.20002999999999999,0.24798,0.23179,0.33492,nan,nan,0.8817200000000001,1.135,nan,1.1368,nan,nan,1.3698,nan,1.4032,nan,nan,nan,nan,1.2578,1.0652,nan,0.6131800000000001,0.57217,0.50395,0.47566,0.42246000000000006,nan,0.32647,nan,nan,0.17173,0.13457,nan,-0.15417,nan,nan,-0.37442,-0.44217,nan,-0.45048,nan,-0.68824,nan,nan,-1.0081,nan,-1.1558,-1.1974,-1.2172,nan,nan,-1.115,nan,nan,-1.1423,-1.1252,nan,-0.8796,-0.87449,-0.78872,-0.8103,-0.8475,-0.8930600000000001,-0.8563299999999999,-0.70035,nan,nan,nan,0.20192000000000002,0.44125,nan,nan,nan,0.87845,nan,nan,0.9214100000000001,0.89931,nan,nan,0.70376,nan,0.72719,nan,nan,0.7911600000000001,0.9233899999999999,0.9924,0.99595,nan,nan,1.3146,1.4696,1.5953,1.5962,nan,nan,nan,nan,nan,nan,1.6155,1.4254,nan,nan,0.6580199999999999,0.42786,nan,0.24434,0.11622,nan,-0.022254,nan,-0.18170999999999998,nan,-0.23169,-0.23368000000000003,-0.23736,nan,-0.52713,-0.62654,-0.59683,nan,-0.8077300000000001,nan,-0.92669,-0.97796,nan,-0.9769,-0.8884700000000001,-0.79972,-0.77165,-0.7731399999999999,nan,nan,-0.60564,-0.53869,nan,-0.54256,-0.50456,nan,nan,-0.4384,nan,-0.37218,-0.41538,-0.47871,nan,-0.5413600000000001
0.0,-1.3737,nan,-1.6848,nan,-1.6668,nan,-1.5676,-1.5946,-1.5714,-1.4914,-1.3973,-0.9531700000000001,-0.69184,-0.50488,nan,nan,nan,nan,-0.35028000000000004,-0.24528000000000003,-0.29243,nan,-0.39069,nan,-0.59008,nan,-0.39641,nan,-0.36587,-0.5727300000000001,-0.69896,nan,-0.62851,-0.60033,-0.52509,-0.45876000000000006,nan,nan,-0.14018,0.018826,0.4306,0.65462,nan,1.0544,nan,1.4785,1.5485,1.5736,nan,1.4037,1.2524,1.1019,0.81442,nan,nan,-0.19043,nan,-0.50529,-0.5432600000000001,nan,-0.69467,-0.8287100000000001,nan,nan,nan,nan,nan,nan,nan,nan,-0.8213799999999999,-0.8436899999999999,-0.9031100000000001,-0.8708,-0.8275600000000001,-0.8343799999999999,-0.8289200000000001,-0.80581,-0.78159,-0.74554,-0.72869,-0.75976,-0.81834,-0.8394,nan,-0.89899,-0.86462,nan,-0.87134,nan,-0.91579,-0.9266,-0.94968,-0.9792299999999999,nan,-0.96975,nan,-0.9345399999999999,nan,nan,-0.9041600000000001,-0.83625,nan,-0.71446,nan,-0.68901,nan,-0.58913,-0.57562,nan,nan,nan,-0.5726399999999999,-0.56224,-0.63559,-0.70958,-0.8439200000000001,nan,-1.0265,nan,nan,nan,nan,-0.73642,nan,-0.17554,0.063702,0.14989,nan,0.37044,0.62255,0.8223,nan,0.53772,0.75507,0.69158,nan,nan,0.51054,nan,0.19117,nan,0.24756,0.11767000000000001,-0.0011380999999999997,nan,nan,0.037485000000000004,0.17681,0.24739,0.31051,0.41063999999999995,nan,0.85146,1.0328,1.2858,nan,1.8175,2.0085,2.2018,nan,nan,nan,nan,2.2035,2.0271,1.8495,1.1298,1.078,0.80837,nan,0.41508999999999996,0.24538000000000001,0.07596699999999999,-0.047473,nan,-0.33088,-0.34870999999999996,nan,nan,-0.39666999999999997,nan,-0.4148,nan,nan,nan,-0.39733,-0.42277,-0.44005,nan,-0.41235,-0.39616999999999997,-0.39321,-0.39614,-0.40348,-0.39837,-0.37824,nan,-0.35871,-0.35225,-0.37437,nan,-0.44342,-0.45483999999999997,nan,-0.45101,-0.46905,nan,-0.50529,-0.50283,-0.56917,-0.52405,-0.55309,-0.53457,-0.49576000000000003,nan,nan,nan,nan,-0.40335,-0.40696,nan,nan,nan,nan,-0.37417,-0.35059,-0.34331,nan,nan,-0.61292,nan,-0.46248999999999996,nan,-0.24444000000000002,nan,0.22361999999999999,0.33275,0.62721,0.85054,0.94286,1.0064,1.0593,1.1295,1.2732,1.2971,nan,1.1369,nan,1.0914,nan,0.9516,0.8565,nan,0.7154699999999999,nan,nan,0.75502,0.6743,0.58436,0.75266,0.80447,0.83268,0.91864,1.1151,nan,1.5208,2.0833,2.3163,2.4936,2.6379,2.7654,2.9393,3.1143,3.052,2.9537,nan
0.0,-0.26325,-0.46996000000000004,nan,-0.73133,-0.97325,-1.0654,-1.0871,nan,-1.0676,-1.0493,-1.0576,-1.0307,-1.0105,-1.0021,-1.0092,nan,-1.0178,-1.0644,nan,nan,nan,nan,-0.98711,-1.0074,-1.0489,-1.0592,-1.0182,-1.0207,-1.1329,-1.275,-1.006,-0.9149799999999999,-1.13,nan,-1.0689,-1.058,-1.0534,nan,-1.1179999999999999,nan,-1.1339,-1.2131,nan,-1.1942,nan,-1.1757,-1.2025,nan,-1.2217,nan,nan,-1.2648,-1.3236,-1.2968,-1.1194,-1.158,nan,-1.3497,nan,-1.4563,-1.5079,-1.5268,-1.4565,-1.3618,nan,nan,nan,-0.81953,-0.4439,nan,-0.15847,nan,nan,0.15048,nan,0.21563000000000002,nan,0.26211,nan,nan,0.24979,0.25922,0.18772,0.19086,nan,0.13485999999999998,nan,nan,0.06875099999999999,nan,0.10624000000000001,0.12345,0.15903,nan,0.34028,nan,0.56392,0.81124,1.0715,nan,1.5436,1.8541,2.0767,nan,nan,nan,2.2668,nan,1.8915,1.7402,1.4851,0.8569100000000001,0.73395,0.60224,0.37696999999999997,0.19142,0.08380800000000001,nan,nan,nan,-0.28195,-0.30164,nan,-0.32450999999999997,nan,-0.35899000000000003,-0.36830999999999997,nan,-0.36372,-0.39281,nan,nan,nan,-0.37684,nan,nan,-0.3881,-0.41828999999999994,nan,-0.37069,nan,nan,-0.25644,nan,-0.32711,nan,-0.34935,-0.35063,-0.3702,-0.38416,-0.3951,nan,nan,-0.38859,-0.40909,nan,nan,-0.5493600000000001,-0.5645,-0.58826,nan,-0.57135,nan,nan,-0.59078,nan,nan,-0.71032,-0.67055,-0.6190100000000001,-0.6579,-0.75339,-0.86431,-1.0163,nan,-0.97509,-0.8593799999999999,nan,-0.6523,nan,-0.34726999999999997,-0.18921,nan,0.38775,0.52915,0.65179,0.74437,0.8312700000000001,0.9259200000000001,nan,nan,1.0055,1.0412,nan,nan,1.0609,nan,0.91315,0.8408399999999999,nan,nan,0.73547,0.7562,0.69887,nan,0.8466899999999999,0.88997,nan,nan,1.2828,1.6706,1.8435,2.0804,2.3734,2.5364,nan,2.8209,nan,3.063,nan,2.7522,2.5738,nan,2.0608,1.6226,1.4423,1.3084,0.8983,0.6783600000000001,nan,0.5666899999999999,nan,0.46912,0.42653,0.36945,0.29381,0.18135,nan,0.21684,0.24423000000000003,0.25954,0.20786,nan,0.21832,nan,0.12104000000000001,0.38636,nan,0.34329,0.32138,nan,0.23801999999999998,0.23369,0.17778,nan,nan,0.24481,0.24941999999999998,0.2052,nan,nan,0.15879000000000001,nan,0.16249,0.11905999999999999,0.12687,0.1345,nan,nan,-0.07393,-0.077783,nan,-0.222,nan,-0.27008000000000004,-0.14048,nan
1.0,-0.61257,nan,nan,-0.91556,-1.0665,nan,-1.3935,nan,nan,nan,-2.0954,-2.2567,-2.3415,nan,-2.269,-2.146,-1.9769999999999999,-1.7669,-1.6503,-1.4187,nan,nan,nan,nan,nan,nan,-0.54852,-0.44571000000000005,-0.33771999999999996,nan,-0.13401,nan,nan,nan,nan,nan,nan,0.61965,0.75705,nan,0.9371799999999999,1.0472,nan,nan,1.4015,nan,1.7452,1.7766,nan,nan,1.2531,nan,0.53678,0.51183,nan,nan,nan,0.8106800000000001,nan,0.81223,0.7842100000000001,nan,0.6253,0.5191399999999999,0.42518,nan,0.3018,0.22562,0.14827,0.076083,nan,nan,-0.051133,nan,-0.095747,nan,nan,-0.059412,nan,nan,-0.1071,-0.14701,-0.20138,-0.27834000000000003,-0.37375,-0.42718,-0.54751,-0.65673,nan,nan,nan,-1.2796,-1.464,-1.6054,-1.6536,nan,nan,-1.3465,-1.1282,-0.89159,nan,nan,-0.40365,-0.25385,nan,-0.02712,nan,0.073304,0.1372,0.20917,nan,nan,nan,0.34066,nan,nan,0.50625,nan,0.7529,nan,nan,nan,1.3769999999999998,nan,1.7598,2.0002,2.1203,2.3122,2.3749,nan,nan,1.7359,1.207,nan,0.69395,nan,0.89954,0.9860200000000001,nan,1.0437,0.9805799999999999,0.9062899999999999,0.8584700000000001,0.75783,0.6501,0.5089100000000001,nan,nan,nan,-0.004143399999999999,nan,nan,nan,nan,-0.57347,nan,-0.82284,nan,-0.90656,nan,-0.90436,-0.9493299999999999,-0.98667,-1.0728,-1.1827,-1.2816,nan,-1.3412,-1.3692,-1.4188,-1.4855,-1.5678,nan,-1.6765,nan,-1.7346,-1.6872,-1.6167,-1.4291,nan,-0.96345,-0.71823,nan,-0.40637,nan,-0.03925,0.14082,0.30479,0.37038000000000004,nan,0.52288,0.5603199999999999,0.58694,nan,0.6049800000000001,0.6199899999999999,0.66538,nan,nan,0.80443,0.85285,nan,1.0565,nan,1.2489,1.389,nan,nan,nan,2.0346,1.9898,1.7079,1.2158,0.95891,0.62575,nan,nan,0.78767,0.7933100000000001,nan,0.8434200000000001,0.8516600000000001,nan,nan,0.72255,0.6503899999999999,nan,0.45928,0.36054,0.32104,0.2547,0.17313,0.09895,0.043283999999999996,0.021828,nan,-0.04994,-0.079608,-0.098726,nan,-0.11979000000000001,nan,-0.16103,nan,-0.19658,-0.23535999999999999,-0.28464,nan,nan,nan,-0.43063,-0.48418999999999995,nan,nan,-0.86921,-1.1154,nan,nan,nan,nan,-0.9969100000000001,-0.79177,-0.5904699999999999,-0.40493,nan,nan,nan,nan,0.024356,0.084049,0.12712,0.22774,0.33003000000000005,0.43477,0.53578,nan,nan
1.0,0.85082,nan,0.89605,0.84791,nan,nan,0.10901,-0.2415,nan,-0.64294,nan,nan,-0.7146100000000001,nan,nan,nan,-0.60312,nan,-0.65355,-0.69072,nan,-0.71854,-0.72706,-0.7311,nan,-0.69957,-0.66613,-0.62648,-0.58613,-0.5692699999999999,-0.5462,-0.53065,nan,-0.54515,-0.5592,-0.5946600000000001,nan,-0.6691,-0.70514,-0.722,-0.75998,-0.802,-0.8395799999999999,-0.8693,-0.88446,-0.9187700000000001,-0.9602799999999999,-1.0091,-1.0741,-1.1143,-1.2087,-1.3204,nan,-1.5734,-1.6168,-1.6446,-1.5999,-1.4963,nan,-1.2466,nan,-0.82315,nan,-0.40699,-0.23110999999999998,nan,nan,0.10795,nan,0.24543,0.2589,nan,0.29247,0.33475,0.43193000000000004,nan,nan,0.8545799999999999,0.9779700000000001,nan,nan,nan,1.1258,nan,1.3539,1.3939,1.3522,1.1223,0.74206,0.25425,nan,nan,-0.6434,-0.60842,nan,nan,-0.36717,-0.30024,-0.26586,nan,nan,-0.27068000000000003,-0.28047,-0.28849,nan,-0.28029,-0.27325,nan,-0.25545,nan,nan,-0.21625999999999998,-0.21466,-0.22729000000000002,-0.2477,-0.26768000000000003,-0.27646,-0.29516,-0.31671,-0.33181,-0.342,nan,nan,nan,-0.35704,-0.36362,nan,-0.38543,nan,-0.45746000000000003,nan,-0.55093,-0.63885,-0.76088,-0.90275,-1.0104,-1.0355,nan,-0.90475,-0.72634,-0.5382100000000001,nan,-0.23965999999999998,-0.08417999999999999,nan,0.09208999999999999,0.13415,0.13702,0.12340999999999999,nan,0.0885,0.10191,0.11849000000000001,nan,0.2693,0.38716999999999996,0.51905,nan,nan,nan,0.9261299999999999,1.061,nan,nan,1.5457,nan,1.7951,1.7829,1.6514,1.3921,1.0068,0.52428,nan,-0.10457000000000001,nan,-0.2222,-0.12546,-0.08152999999999999,-0.022816,-0.0034977,nan,nan,-0.079596,nan,nan,nan,nan,nan,-0.37766,-0.39638,nan,nan,nan,-0.54352,-0.62885,nan,-0.77199,nan,-0.7902899999999999,-0.75672,-0.70527,nan,nan,nan,-0.59821,-0.58449,nan,nan,nan,nan,-0.78091,-0.87146,-0.98,-1.042,nan,nan,-1.3907,-1.4147,nan,nan,-1.1577,nan,nan,-0.54096,-0.45916,nan,-0.15980999999999998,nan,nan,nan,nan,nan,nan,0.24663000000000002,0.29828000000000005,0.45353000000000004,nan,0.91684,nan,1.3533,nan,nan,nan,2.2469,2.4997,2.9858,3.435,3.7834,nan,3.9015,3.6626,3.2459,2.7066,nan,2.2114,nan,1.7375,nan,0.64178,nan,0.6967300000000001,nan,nan,0.78251,nan,0.63476,nan,0.23058,nan,0.10518,nan,nan,nan,-0.098497,-0.16226,nan,-0.23820999999999998
0.0,-0.94278,-0.83091,-0.8690100000000001,-1.0398,-1.2892,-1.4866,nan,-1.1377,-1.1411,nan,-1.1757,-1.1473,nan,-1.047,nan,nan,nan,-1.1665,nan,-1.2411,-1.354,-1.4469,nan,nan,nan,nan,nan,-1.5944,-1.7674,nan,-2.1234,-2.1847,-1.9084,-1.7166,-1.3858,-0.8827,-0.6573899999999999,nan,nan,0.006162699999999999,0.052013,0.055251,nan,0.068052,0.07079500000000001,-0.04824,nan,-0.29549000000000003,-0.19810999999999998,-0.37121,nan,nan,0.056184000000000005,nan,0.32201,0.67109,nan,1.3973,nan,2.0022,2.1905,2.1952,1.9893,1.7691,1.5992,1.2329,0.71414,0.55061,nan,-0.28865,-0.38809,-0.42946000000000006,-0.48423999999999995,nan,-0.48951999999999996,nan,-0.425,nan,nan,nan,-0.49773,nan,-0.5077699999999999,nan,nan,-0.53882,-0.6137199999999999,-0.58834,nan,nan,nan,-0.45508000000000004,-0.45853,nan,-0.36429,-0.39814,-0.44973,-0.34008,-0.32589,-0.31894,nan,nan,-0.44448999999999994,-0.46443,nan,-0.40207,-0.46005,-0.6984,nan,-1.0173,-1.1938,-1.4361,-1.4314,-1.1416,-1.0186,-0.8648600000000001,nan,nan,nan,nan,nan,1.0081,1.1014,1.1543,nan,0.9598700000000001,nan,nan,nan,nan,0.66273,0.73348,0.80952,0.8406100000000001,1.035,nan,1.1887,1.3209,nan,nan,nan,nan,2.7435,2.8218,nan,2.8036,2.6629,2.4290000000000003,2.1747,1.9715,nan,nan,0.65938,0.36205,-0.09612799999999999,nan,-0.59286,nan,-0.69821,nan,nan,-0.52658,nan,-0.5666100000000001,-0.5170600000000001,-0.39997,-0.45233999999999996,-0.42007,-0.20364000000000002,-0.038335,nan,-0.088318,nan,-0.31919000000000003,nan,nan,nan,0.016335,0.18202000000000002,nan,nan,0.16451,0.14891,nan,nan,nan,nan,nan,0.30084,0.2885,nan,nan,nan,0.289,nan,-0.06887,nan,-0.20390999999999998,nan,nan,0.012048999999999999,0.22966,0.56339,nan,0.82849,nan,1.0981,1.1665,nan,1.1972,1.1301,nan,0.90966,nan,0.63844,0.51362,0.53194,0.50815,0.31022,0.24322,nan,nan,nan,0.6012,0.8066399999999999,nan,nan,1.8234,nan,2.1267,2.2305,nan,1.8542,1.4515,nan,0.51973,0.065709,nan,-0.3831,-0.53063,nan,-1.0443,-1.0176,nan,nan,-0.9912200000000001,nan,-0.9838600000000001,-0.96436,nan,nan,-0.97009,-0.8462200000000001,nan,-0.6519199999999999,nan,nan,-0.48701000000000005,nan,nan,nan,nan,-0.32545,nan,-0.15348,-0.12308,-0.14612999999999998,-0.20318,nan,nan,-0.17945,nan,-0.14676,-0.13940999999999998,nan,-0.20272,-0.16524
0.0,-0.61937,-0.65054,nan,nan,-0.63768,-0.72038,-0.73651,nan,-0.58645,-0.45046,-0.3605,-0.13815,nan,0.22813000000000003,nan,nan,1.2591,nan,2.0374,2.1098,2.0958,nan,1.4712,1.0131,0.36389,0.16993,-0.13375,nan,nan,nan,-0.7760600000000001,nan,-0.82889,-0.83144,nan,nan,-0.79094,-0.81703,-0.80672,-0.80011,nan,nan,nan,-0.77407,nan,-0.69593,nan,-0.68752,-0.6842699999999999,-0.6633100000000001,-0.6500600000000001,nan,-0.5735399999999999,-0.54167,-0.5523600000000001,-0.49495,nan,-0.5082399999999999,-0.5028100000000001,-0.45403999999999994,nan,nan,-0.42495,-0.4061,-0.39038,-0.32355,-0.2757,-0.23058,nan,-0.42871000000000004,nan,-0.8876799999999999,nan,-1.1229,-0.8458200000000001,-0.53913,0.0035976,nan,nan,0.8927799999999999,1.0989,nan,1.0443,1.0825,1.012,nan,nan,0.46763999999999994,0.41184,nan,0.33013000000000003,nan,nan,nan,nan,0.9511799999999999,1.2567,1.8086,2.0561,2.6743,3.042,3.1998,nan,3.1164,2.9543,2.5494,nan,nan,0.59107,nan,-0.4352,-0.69326,-0.66842,-0.79186,nan,nan,nan,nan,nan,-0.78325,-0.7905399999999999,-0.84859,nan,-0.78396,nan,-0.67762,nan,-0.68795,-0.71418,nan,-0.5422100000000001,-0.60654,-0.74933,-0.93848,-0.6178100000000001,-0.63955,nan,nan,-0.61652,-0.61326,-0.63595,nan,-0.88608,nan,nan,-1.0071,nan,nan,-0.83798,-0.9439299999999999,-0.7380399999999999,-0.86518,nan,nan,nan,nan,nan,nan,nan,nan,-0.64057,0.29986,0.7931,1.0884,1.2674,1.2742,1.6238,nan,nan,1.0023,nan,0.6479199999999999,0.43483,0.39726,0.2539,0.1623,nan,nan,nan,nan,0.71312,nan,nan,nan,1.8253,2.0768,nan,2.1842,nan,nan,nan,1.0126,nan,nan,0.29001,-0.12936,nan,-0.6381100000000001,-0.68597,nan,-0.75775,nan,-0.80614,nan,-0.7955899999999999,nan,nan,-0.75826,nan,-0.76189,-0.65892,nan,nan,-0.70919,-0.71459,-0.65945,-0.68113,-0.6451600000000001,nan,-0.71478,-0.71546,-0.8206899999999999,nan,-0.62613,-0.6276,-0.65566,-0.65989,-0.59422,nan,nan,-0.69509,-0.5716600000000001,-0.82332,-0.69523,-0.5601,-0.7017100000000001,nan,-1.0445,-1.1326,-1.0357,nan,-0.41561000000000003,-0.17392,nan,0.7781399999999999,0.9560299999999999,1.2343,1.3318,1.2878,1.2822,1.1847,1.0679,0.93422,0.76146,0.5867600000000001,0.4379,nan,nan,0.070143,nan,nan,0.10549000000000001,nan,nan,0.3631,0.56611,0.71797,0.93389,1.0016,nan,1.1334,0.96872,0.9366200000000001,0.70104,0.14602,-0.55086,-0.83754
1.0,-2.4433,nan,-1.9646,nan,-1.7671,-1.6452,-1.4982,nan,-1.2245,nan,nan,-0.8502700000000001,-0.51181,nan,nan,-0.076751,nan,-0.0027279,nan,0.37795,nan,0.32287,0.21749000000000002,0.019715,nan,nan,-0.55519,nan,-1.234,nan,-1.2854,-1.197,-1.2234,-1.2285,-0.9723,-1.0008,-1.0768,-1.0754,-1.0121,-1.0688,-1.0188,-0.91096,nan,nan,nan,-1.0274,-0.92604,nan,-0.9254399999999999,nan,nan,nan,-0.9681,-1.0056,-0.9446,nan,-0.57975,-0.20992,0.017756,0.22526999999999997,0.27902,nan,nan,nan,0.33266,0.47948999999999997,0.39421999999999996,nan,0.39061999999999997,0.41218999999999995,nan,nan,nan,nan,0.01937,-0.24224,nan,-0.9590700000000001,-0.9691,nan,-0.91805,-0.86367,-0.87859,nan,nan,nan,nan,-0.92009,-0.92337,-0.9094,-0.8395299999999999,nan,-0.8510700000000001,-0.78909,nan,nan,nan,-0.6925399999999999,nan,-0.6924600000000001,-0.67351,nan,-0.6272800000000001,-0.65838,nan,nan,0.13455,nan,1.0883,nan,1.2327,nan,nan,1.2545,1.2906,1.3169,1.3141,1.3049,1.3228,nan,1.263,nan,0.9307799999999999,0.74957,0.31766,nan,nan,nan,-0.81203,nan,-0.81471,nan,nan,-0.6460199999999999,-0.67169,-0.63358,-0.5796899999999999,-0.5654600000000001,-0.59158,nan,-0.54873,nan,nan,-0.4994,-0.48932,nan,nan,-0.36067,-0.27328,nan,nan,nan,nan,0.9854799999999999,1.2835,1.4788,1.5379,1.5531,1.5804,1.5287,1.4651,nan,nan,1.1856,nan,1.0363,0.9718,nan,nan,0.72858,0.1838,nan,-0.27291,-0.38348000000000004,nan,-0.18936,-0.069129,nan,0.028526999999999997,-0.0074387,-0.12947,-0.12322000000000001,-0.07323099999999999,nan,-0.06754099999999999,nan,-0.20856999999999998,-0.2411,nan,nan,0.012278,0.046762,nan,0.15503,0.24668,0.37803000000000003,0.63643,nan,nan,1.7849,2.0504,2.2089,2.3529,2.4228,2.4536,2.524,2.5439,2.5795,2.6128,nan,2.5287,nan,nan,2.1515,nan,1.8224,1.6627,1.3749,0.9918299999999999,0.51975,-0.26322,nan,nan,-0.65512,-0.6348699999999999,nan,-0.4904,-0.45076000000000005,-0.49388999999999994,-0.48278000000000004,-0.45245,-0.42051000000000005,-0.37268,nan,nan,-0.2591,-0.24978000000000003,nan,-0.21384,-0.23565,nan,nan,nan,nan,-0.12915,0.06362000000000001,0.35541999999999996,0.63498,nan,1.3343,1.4737,1.5057,1.5094,1.4268,nan,1.0676,0.8609600000000001,nan,0.35709,0.19102,-0.090116,-0.24006999999999998,nan,nan,-0.34058,-0.38613000000000003,-0.43977,-0.47436000000000006,nan,nan,-0.68153,-0.74746,nan,nan,-0.87364,nan,-0.87184
1.0,-3.5831,-1.5868,-0.58124,nan,nan,0.1348,nan,-0.14993,nan,nan,nan,nan,nan,-0.20661999999999997,-0.081857,0.45464,0.87195,nan,0.95645,nan,nan,nan,nan,0.9605299999999999,nan,nan,nan,0.27045,nan,nan,0.045545,0.30946,0.8854299999999999,nan,nan,1.4597,nan,1.3752,nan,1.4606,1.4228,1.3173,1.0,nan,nan,0.9301200000000001,0.8741899999999999,0.80897,0.72853,nan,0.49478,0.044286,nan,-1.0614,nan,-1.1858,-1.2261,-1.2772,-1.2883,-1.3484,-1.3248,nan,-1.4226,nan,nan,nan,nan,-1.4031,-1.3433,-1.3261,-1.2829,-1.1891,-1.1262,nan,nan,-0.99359,-0.8661,nan,nan,-0.17687999999999998,0.38319000000000003,nan,1.4889,nan,1.995,nan,nan,nan,2.1574,2.1828,2.1694,1.9759,nan,nan,nan,1.5123,nan,1.3318,1.2345,nan,nan,0.04002,nan,nan,-0.87503,nan,-0.87702,-0.9445399999999999,-0.8714700000000001,-0.83752,-0.8091,nan,nan,nan,nan,-0.9284,nan,-0.88371,-0.8122,nan,-0.83,nan,nan,nan,-0.92269,-1.0489,-0.8629700000000001,-0.57017,nan,0.2595,0.5111399999999999,nan,0.42523,nan,nan,nan,0.26524000000000003,0.35943,nan,nan,0.8335,nan,0.96725,1.0091,nan,0.79875,0.26343,-0.10457000000000001,-0.38255,-0.51234,-0.56243,-0.61117,-0.65656,-0.71233,-0.74588,-0.74324,-0.72267,nan,-0.7689600000000001,nan,nan,-0.69576,nan,-0.61019,nan,nan,-0.5271,-0.48828,nan,nan,-0.30879,-0.16485,0.049381,0.17905,0.49413999999999997,nan,1.3536,1.5162,1.6784,1.6533,nan,1.5316,1.5037,nan,1.5230000000000001,1.3905,1.2551,1.3008,nan,1.1557,nan,nan,nan,0.23671999999999999,nan,-0.46626999999999996,-0.5001899999999999,-0.5483399999999999,nan,-0.57501,-0.5636,nan,-0.6735,nan,nan,nan,nan,-0.79474,-0.6924399999999999,-0.67191,-0.64337,-0.57026,-0.5230199999999999,-0.47029,-0.4602,nan,-0.60561,-0.5117,-0.35124,nan,0.008622399999999999,0.13982999999999998,nan,nan,0.87444,1.1434,1.351,1.3694,1.3046,0.92775,nan,nan,0.9918399999999999,nan,1.0072,nan,0.8683299999999999,0.90875,0.96075,1.0392,nan,0.72755,nan,-0.43278999999999995,nan,nan,-0.8013100000000001,nan,-0.77031,-0.7729199999999999,nan,-0.85416,-0.86929,-0.9129299999999999,nan,nan,-1.0752,-1.1605,-1.0831,nan,-1.1389,nan,-1.1338,-1.1137,-1.1159,-0.99267,-0.82788,nan,-0.72402,-0.7207399999999999,nan,nan,-0.60138,-0.51639,nan,-0.56602,-0.5546300000000001
0.0,1.4517,1.4532,1.5363,nan,nan,1.639,1.636,nan,1.5475,1.5311,nan,nan,1.2946,nan,1.0491,0.9063700000000001,nan,0.49344,0.36489,0.30972,0.26863000000000004,0.14665999999999998,0.018793999999999998,-0.099737,-0.20096,nan,-0.42391,-0.38139,nan,-0.33991,nan,-0.37564000000000003,-0.45682,-0.47285,nan,-0.50574,nan,-0.6473800000000001,nan,nan,nan,-0.66687,nan,nan,nan,-0.5475899999999999,nan,-0.44716999999999996,-0.48258999999999996,nan,nan,-0.4362,-0.57992,-0.64236,nan,-0.5222100000000001,-0.50765,-0.50207,-0.48841,-0.50897,-0.53184,nan,nan,nan,nan,nan,nan,-0.74373,-0.77723,-0.79745,-0.7950699999999999,-0.7580600000000001,nan,-0.75602,-0.8204100000000001,nan,-0.8678899999999999,-0.9149700000000001,nan,-0.9810700000000001,nan,-1.1327,nan,-1.1983,-1.2025,-1.249,-1.3107,nan,nan,-1.625,-1.4063,-1.2196,nan,-0.79181,nan,-0.056546000000000006,0.14876,0.35566,0.68919,0.794,0.90485,0.99415,1.0304,nan,nan,0.95401,0.92705,0.9124,0.83734,0.67543,0.6050399999999999,nan,0.49281,nan,0.29124,0.27291,0.34503,nan,nan,0.5019,nan,nan,nan,1.2487,nan,nan,nan,nan,2.3438,2.416,nan,nan,1.7997,1.5335,1.3168,nan,0.55601,nan,0.26807,nan,nan,nan,-0.37376,-0.42263999999999996,nan,-0.45711999999999997,-0.34844,-0.37977,nan,nan,-0.47631999999999997,nan,-0.44676000000000005,nan,-0.40699,nan,nan,nan,nan,nan,-0.33258000000000004,-0.35649000000000003,-0.32726,nan,nan,nan,nan,-0.54742,-0.60318,-0.6291,nan,-0.67782,nan,-0.6653399999999999,-0.664,nan,-0.7235199999999999,-0.77164,-0.83385,-0.91343,-1.014,-1.0641,nan,-1.236,nan,nan,-1.3667,nan,nan,-1.2569,-1.2524,nan,-1.6086,-1.5905,-1.4311,-1.2815,nan,nan,-0.2585,0.045661,nan,0.8479700000000001,1.1919,1.2331,nan,1.5874,1.6654,1.7217,nan,nan,1.5964,1.504,1.3898,1.1269,nan,1.0452,nan,nan,0.67143,nan,nan,0.69904,nan,nan,0.77249,0.9298,1.1144,nan,1.5962,1.7876,1.9867,2.2275,nan,2.2114,2.1083,nan,nan,1.078,nan,0.40142,nan,-0.12311,-0.53932,-0.68334,nan,-0.73882,-0.7805300000000001,nan,-0.7824800000000001,-0.80048,nan,-0.77015,nan,-0.70768,nan,nan,nan,-0.66225,-0.6196,-0.62563,-0.63563,-0.60605,-0.62373,-0.59264,-0.5685600000000001,-0.67674,-0.62789,-0.64745,-0.7319,nan,nan,-0.81481,-0.98667,-1.0566,-1.103,-1.0982,-1.1572
0.0,-0.49083999999999994,nan,-0.90559,nan,nan,-0.9665299999999999,nan,nan,nan,-1.2538,-1.2586,nan,-1.2217,nan,-1.2501,-1.2813,nan,-1.145,-1.1185,-1.0856,nan,-1.3016,nan,nan,nan,nan,nan,nan,-1.5245,nan,-1.3228,nan,-1.0779,nan,-0.7297600000000001,nan,-0.45113000000000003,-0.017342,nan,0.32664,0.7556,0.75788,nan,0.8397,nan,nan,nan,0.3441,0.32792,0.25758000000000003,0.37717,0.34383,0.28458,nan,nan,nan,0.37735,nan,0.25012,nan,0.27712,nan,nan,0.6310100000000001,0.7611,nan,1.1735,nan,1.554,1.9456,nan,2.2072,2.3184,2.3948,2.2779,nan,1.7667,1.5246,1.2853,nan,nan,nan,nan,0.24503000000000003,nan,nan,-0.29217,nan,-0.54901,-0.57833,-0.63037,nan,nan,-0.6418,-0.65433,-0.56355,nan,-0.58685,-0.60425,nan,-0.59449,nan,-0.5172100000000001,-0.49951,-0.47396000000000005,nan,nan,nan,-0.49037,nan,-0.41368999999999995,-0.38876,-0.32329,-0.31567,-0.34473000000000004,nan,-0.38897,-0.35329,-0.41831,-0.43943000000000004,nan,-0.50269,-0.51374,-0.52537,nan,nan,-0.33566,nan,nan,-0.25124,-0.30974,-0.33454,-0.40176999999999996,nan,-0.51412,nan,-0.6651699999999999,-0.82445,-1.0086,nan,nan,-1.2566,nan,nan,-0.89179,-0.80011,-0.50639,nan,nan,0.0054688,0.5807100000000001,0.70007,0.87672,1.0127,1.1164,nan,nan,0.93343,0.91504,0.9285399999999999,0.9048700000000001,nan,nan,nan,0.58049,0.50798,nan,nan,nan,0.55975,0.59905,nan,nan,nan,nan,1.4936,2.0306,2.2932,nan,nan,3.2074,nan,3.1244,nan,2.4033,2.0783,nan,nan,nan,0.8328899999999999,0.61826,nan,-0.25816,-0.31531,-0.51354,-0.62902,-0.63661,nan,-0.62755,-0.63085,-0.5918800000000001,-0.4798,nan,nan,-0.48508999999999997,-0.48545,nan,nan,nan,nan,-0.40184000000000003,nan,nan,nan,-0.45066999999999996,nan,nan,-0.382,nan,-0.40513000000000005,nan,-0.49081,-0.49931000000000003,nan,nan,nan,-0.56066,-0.59044,-0.59591,-0.52983,-0.49218999999999996,-0.57955,-0.60073,-0.60749,-0.64256,-0.7537699999999999,nan,nan,nan,nan,nan,nan,-1.7380000000000002,-1.5526,nan,-1.2989,nan,-0.74583,-0.52954,-0.2937,0.16797,nan,nan,0.80165,nan,nan,1.0871,nan,1.1165,1.0604,1.0403,nan,0.8736200000000001,0.78727,nan,nan,nan,nan,0.33748,nan,nan,nan,nan,0.74102,0.9369700000000001,nan,1.5602
1.0,-0.5665399999999999,nan,-0.43265,-0.43178,nan,-0.6494800000000001,nan,-0.64377,nan,nan,-0.7751100000000001,-0.92865,-0.9272100000000001,-0.9598700000000001,-1.0353,nan,-1.1523,-1.0785,nan,-1.1308,-1.2431,-1.2956,nan,-1.1608,-1.1174,nan,-1.1646,nan,nan,-1.0807,-1.0308,-1.0087,-1.0014,nan,-0.9052,-0.7429899999999999,-0.67816,-0.55082,-0.51976,nan,-0.42258,nan,nan,-0.20467,-0.1098,0.027942,0.14992,0.24049,0.38965,nan,0.54692,0.60783,0.49533999999999995,0.5951,0.7309,nan,1.0325,nan,nan,nan,1.1192,nan,1.4005,nan,1.3303,nan,1.8381,2.0372,2.1696,2.1544,2.0154,nan,0.98155,0.90384,0.8630200000000001,0.8072,0.6087100000000001,nan,nan,0.18352000000000002,0.13115,0.08201,0.037741000000000004,nan,-0.06724,-0.08668,-0.074821,nan,nan,-0.1401,-0.1179,nan,-0.16479000000000002,-0.12614,-0.12480999999999999,-0.12645,-0.11166,nan,nan,nan,nan,-0.18478,-0.20926,-0.27173,nan,nan,-0.36264,nan,-0.51117,nan,nan,nan,-0.62883,-0.7437699999999999,nan,-0.87384,-0.89161,-0.8513700000000001,-0.84872,nan,-1.0281,-0.99916,-0.9576399999999999,nan,-0.9279799999999999,-0.8572700000000001,-0.86403,-0.9068700000000001,-0.92911,nan,-0.9016799999999999,-0.8771100000000001,-0.88665,nan,-0.8355899999999999,nan,nan,nan,-0.92101,-0.9379799999999999,-0.9803299999999999,-0.96131,-0.9428,nan,-1.0361,nan,nan,nan,-1.0979999999999999,-1.0764,-0.9773,nan,-1.0035,-0.9676600000000001,-0.9280700000000001,nan,-0.90691,-0.86693,-0.72497,-0.7005399999999999,-0.6908,-0.58763,nan,-0.46281000000000005,nan,-0.32568,nan,nan,nan,-0.21293,-0.12553,0.017552,nan,0.092725,nan,nan,0.131,nan,0.6369199999999999,0.8926,1.2602,nan,1.8004,1.6438,1.7281,1.6289,1.64,1.6729,1.8056,2.0241,2.2909,nan,2.8143,nan,3.0681,2.8854,2.5661,nan,1.8583,nan,1.1091,0.8995200000000001,0.66218,0.71208,0.65955,nan,0.52131,nan,nan,0.35719,0.3104,0.16602999999999998,nan,nan,-0.042081,-0.015392,0.08307200000000001,nan,0.048132,0.029742,0.09511900000000001,nan,-0.028203,-0.36409,nan,-0.61848,nan,-0.6987,-0.67378,-0.6933600000000001,-0.75949,-0.8338899999999999,nan,-0.8574700000000001,-0.8478700000000001,-0.83029,nan,nan,nan,-0.71765,nan,-0.76975,-0.68789,nan,-0.61729,-0.54979,-0.5665100000000001,nan,nan,-0.40033,-0.17521,-0.13616,-0.16589,-0.14205,nan,nan,0.056912,nan,0.18491,0.28471,0.37079,nan,0.6100300000000001,nan,1.0215,1.1655,nan,nan,nan,1.8784,nan,nan,nan,2.0757,nan,nan,1.8619
1.0,0.021237,nan,0.11291,nan,0.13610999999999998,nan,0.070836,0.11007,nan,nan,0.19841,nan,0.39923000000000003,0.60645,0.91935,nan,1.492,1.7954,1.9738,nan,2.1755,2.2334,2.312,nan,1.8504,1.1766,nan,0.4072,0.33888,0.27409,0.15137,0.066197,0.09259500000000001,nan,-0.040026,-0.098566,-0.14887999999999998,nan,nan,-0.33636,nan,-0.47576,-0.50853,-0.64773,-0.68813,nan,-0.75857,-0.8055899999999999,-0.92575,-0.8923200000000001,-0.9474,-0.9679,nan,-0.9855,-0.9864,-1.005,-1.0047,-0.96457,-1.023,-1.0294,-1.0591,-1.138,-1.0848,-1.0594,nan,-1.0914,nan,nan,-1.1426,-1.1796,-1.1406,-1.1211,nan,nan,nan,nan,nan,-0.73656,-0.70071,-0.7258600000000001,-0.76899,nan,-0.6706,nan,-0.61157,-0.55273,-0.51346,-0.41118000000000005,-0.36565,-0.35517,-0.32435,-0.25361999999999996,nan,-0.066732,0.019566,0.0467,-0.019906,-0.046863999999999996,nan,0.031965,-0.07867,-0.061846000000000005,0.062766,nan,0.09979400000000001,nan,0.12100999999999999,0.162,nan,nan,0.26375,nan,0.26509,nan,0.40464,0.47803999999999996,nan,0.65003,nan,0.63777,nan,0.5957600000000001,0.58926,0.55947,0.57752,0.55195,0.57877,nan,0.58411,0.63441,0.5966199999999999,0.55615,0.37449,nan,0.42696999999999996,nan,0.70535,nan,nan,nan,nan,1.6607,nan,nan,nan,1.7953,nan,2.3192,2.4924,nan,nan,nan,2.1053,1.2612,0.77776,nan,nan,-0.0057631,-0.20123,-0.27357,-0.33008000000000004,-0.3641,-0.30551999999999996,-0.39147,-0.4578,nan,-0.44678,-0.46842,-0.50259,nan,-0.5727399999999999,-0.53488,nan,-0.78401,nan,-1.0482,nan,nan,-0.7994399999999999,nan,-0.87489,-1.0181,-1.1346,-1.1501,-1.3430000000000002,-0.99944,-0.9756799999999999,-1.0405,-1.0769,-1.2309999999999999,nan,-1.3577,-1.4415,nan,nan,-1.4392,nan,nan,-1.3801,nan,nan,nan,-1.4689,nan,nan,-1.1234,nan,-1.0099,-1.0615,nan,nan,-0.71429,nan,-0.62956,-0.38452,nan,0.048604,nan,nan,0.5197,nan,0.39235,0.13954,nan,nan,0.52079,nan,0.64132,0.72602,0.66267,0.65582,0.8185600000000001,1.0005,1.4113,1.6012,1.9119,2.0996,2.1328,2.3818,2.5027,nan,2.4663,2.2867,1.6115,1.2741,nan,0.55365,nan,0.40588,0.33008000000000004,nan,0.10674000000000002,nan,-0.039838,-0.11424000000000001,nan,nan,-0.2517,-0.35454,nan,-0.44215,-0.43392,nan,-0.44728999999999997,nan,nan,-0.5624399999999999,-0.61969,-0.65258,-0.6834399999999999,-0.66472,-0.60848,-0.5123800000000001,nan,-0.43672,nan,-0.45687
0.0,-0.5337,-0.46763999999999994,nan,-0.47948,nan,nan,nan,-0.47376999999999997,nan,-0.51891,-0.44488999999999995,-0.44172,nan,nan,-0.15355,-0.28197,nan,nan,nan,nan,nan,-0.32211999999999996,nan,-0.53195,nan,nan,-0.56133,nan,nan,-0.48325,-0.54506,nan,-0.53813,-0.53273,-0.5957,nan,nan,-0.61905,nan,nan,nan,-0.7388399999999999,-0.45856,nan,-0.6876800000000001,-0.77035,-0.8683,nan,nan,-1.053,-0.8885700000000001,-1.136,nan,-1.0939,-1.0522,-1.0166,-1.0109,-1.0384,nan,nan,-0.98572,-1.0731,-1.0345,-0.87075,-0.8442700000000001,nan,nan,nan,-0.9329299999999999,-1.0875,-1.1786,-1.286,nan,-1.2994,-1.1006,-1.0141,-0.93269,-0.7995800000000001,-0.58189,nan,nan,nan,nan,0.045535,nan,0.42945,0.4172,0.41415,0.42128000000000004,nan,0.2692,0.1448,0.040602,0.30348,0.48021,nan,0.8165600000000001,nan,nan,1.3285,1.624,1.9582,2.1883,2.5659,nan,3.1046,nan,nan,2.8417,nan,nan,nan,nan,0.42596000000000006,0.22959000000000002,-0.0099744,-0.25884,-0.36414,-0.39237,-0.5091100000000001,-0.58806,-0.63926,-0.62936,nan,nan,nan,-0.6552399999999999,nan,nan,-0.58065,nan,-0.58296,-0.51074,nan,nan,nan,-0.42891,nan,-0.53087,nan,nan,nan,nan,nan,-0.5534899999999999,nan,-0.51293,-0.52782,-0.39343,nan,-0.46526000000000006,nan,-0.3661,-0.45853,-0.5646,-0.36495,-0.40818000000000004,-0.48581,-0.55561,nan,-0.79123,nan,-0.68655,-0.6302399999999999,-0.5795399999999999,nan,-0.27151,-0.050404000000000004,0.022194,0.21652,nan,0.51681,nan,nan,0.47848999999999997,0.42391999999999996,nan,nan,nan,nan,nan,0.41716000000000003,nan,nan,0.95906,nan,nan,1.8688,nan,nan,3.2614,3.3882,3.5425,3.5906,3.4803,3.3622,nan,2.6910000000000003,2.1036,1.766,nan,0.9446399999999999,0.7155100000000001,0.42373,0.22365,0.1045,0.064634,nan,nan,nan,-0.22996999999999998,-0.3221,-0.4154,-0.40089,-0.41515,-0.47938000000000003,-0.42205,nan,-0.47536999999999996,nan,-0.434,-0.47673999999999994,-0.48995,-0.34891,-0.33638,-0.29104,-0.3125,nan,nan,nan,nan,-0.31655,-0.32932,-0.31337,-0.31376,nan,nan,nan,-0.25011,nan,nan,-0.14215,nan,-0.051440999999999994,-0.062939,nan,-0.008183800000000001,-0.015786,0.0024971,nan,nan,0.19710999999999998,0.26188,nan,nan,0.13064,nan,nan,0.016162,-0.058918,nan,-0.25535,nan,-0.29962,nan,nan,nan,nan,0.16949,0.28629,0.40202,0.6198199999999999,0.6633600000000001,0.73797,0.59321,0.48562,0.56509
0.0,-0.64763,nan,nan,-0.53604,-0.48823,-0.42736999999999997,nan,-0.1832,nan,-0.47985,-0.42805,-0.40883,nan,-0.32566999999999996,-0.31867,-0.29891999999999996,nan,-0.35799000000000003,nan,nan,-0.31677,nan,nan,-0.24455,nan,-0.26139,-0.2453,-0.22059,-0.35825999999999997,nan,nan,-0.52363,-0.31229,-0.29235,nan,-0.25224,nan,nan,-0.24936999999999998,-0.15506,-0.12983,nan,nan,nan,0.23585,0.32055,nan,nan,nan,0.9949899999999999,1.2793,1.5658,1.7266,nan,nan,2.4738,2.5171,nan,2.3514,nan,nan,nan,nan,0.9133100000000001,0.8351799999999999,0.63655,nan,nan,0.015943000000000002,-0.2332,nan,-0.51334,-0.5363899999999999,-0.58867,nan,-0.65159,nan,-0.70781,-0.68866,nan,-0.6702899999999999,-0.67772,nan,-0.69167,nan,-0.6973,nan,-0.73592,nan,-0.8209200000000001,-0.78783,nan,-0.8869799999999999,-0.8981899999999999,-0.9350200000000001,nan,-0.99618,-0.93805,-0.9146,-0.89346,-0.87572,nan,-0.83021,-0.79061,-0.75695,-0.70011,nan,-0.58953,nan,nan,-0.45581000000000005,-0.34337,-0.32964,nan,nan,-0.42163999999999996,nan,-0.71511,-0.76045,nan,-0.6107,nan,-0.6210399999999999,-0.49941,nan,nan,nan,-0.23334000000000002,-0.1853,nan,-0.049647000000000004,nan,-0.0071077,nan,nan,-0.24129,nan,nan,0.20664000000000002,0.53194,0.72644,nan,nan,nan,nan,nan,2.2591,2.59,2.7260000000000004,nan,nan,2.333,2.1194,1.5893,1.07,nan,0.36641,-0.17428,nan,nan,-0.87411,nan,nan,nan,-0.96098,nan,nan,nan,-0.91986,nan,nan,-0.93563,-0.9757600000000001,-0.9939,nan,nan,-0.99695,-0.9422200000000001,-0.90427,-0.87636,nan,-0.9208700000000001,-0.98774,nan,-0.89823,nan,nan,nan,-0.8983899999999999,-0.87202,-0.83045,-0.8082199999999999,nan,-0.73318,-0.69024,nan,nan,-0.76439,nan,-0.69533,-0.65738,-0.34036,-0.31244,nan,-0.22,-0.25978,-0.36496,-0.52682,nan,-0.58012,nan,-0.57392,-0.48113999999999996,-0.28508,-0.13709000000000002,0.10867,nan,0.25841,0.24716,nan,nan,0.23299,0.17114000000000001,nan,0.17369,0.12938,nan,nan,nan,0.78363,0.889,1.031,1.3530000000000002,nan,nan,nan,2.1907,nan,2.4065,2.5327,nan,nan,nan,nan,nan,1.9628,nan,1.4482,nan,1.3330000000000002,nan,1.0352,0.9592200000000001,0.76771,nan,0.46518999999999994,nan,nan,0.084625,-0.081509,nan,-0.34646,-0.52369,nan,-0.6431399999999999,nan,-0.72415,-0.72873,nan,nan,-0.77832,nan,nan,-0.8784200000000001,nan,-0.9869399999999999,-1.0179
1.0,-1.2539,-1.3983,-1.4473,-1.3214,-1.2668,-0.99403,-0.64941,-0.4221,nan,nan,1.4002,1.7621,1.5682,1.7138,1.8943,1.885,2.0612,1.8622,2.1403,2.2871,2.5243,2.5307,2.0996,nan,nan,0.70175,0.13622,-0.39319,-0.11166,-0.16777999999999998,-0.27763000000000004,nan,-0.36169,-0.4587,-0.44053000000000003,-0.26061999999999996,nan,-0.11605,nan,-0.1813,nan,-0.087852,-0.33019,nan,nan,-0.35964,-0.26802,nan,nan,-0.5449,nan,-0.58612,-0.57602,-0.7218399999999999,-0.82896,nan,-0.5869800000000001,nan,-0.4388,-0.42966000000000004,-0.54305,-0.57753,nan,-0.47722,-0.48305,-0.47777,nan,-0.49632,nan,-0.73455,nan,nan,-0.61993,nan,nan,-0.70463,-0.71814,nan,-0.81642,-0.8456600000000001,nan,nan,-0.86008,nan,nan,-0.8941399999999999,-0.9265700000000001,nan,-1.0355,-1.1787,nan,-1.1375,nan,-1.2854,-1.2265,-1.2221,-1.1424,nan,nan,-0.94962,nan,nan,-0.7739,-0.38182,nan,nan,nan,nan,nan,nan,1.3382,nan,1.3362,1.4398,1.558,1.8801,nan,nan,2.5719,2.7914,nan,2.7025,2.3317,nan,1.2913,0.76581,nan,0.010948000000000001,nan,nan,-0.1364,nan,-0.24235,nan,nan,nan,nan,0.20876999999999998,0.19733,nan,nan,0.44691000000000003,0.48399,nan,0.63073,nan,0.34661,0.28408,0.18112,nan,nan,0.033894,-0.056959,-0.20976,nan,-0.42946999999999996,nan,-0.55734,-0.5475300000000001,-0.56077,nan,nan,-0.64608,-0.5935199999999999,nan,nan,nan,-0.59535,-0.66735,-0.72416,nan,-0.6692100000000001,-0.7345,nan,nan,-0.73253,nan,-0.7077899999999999,nan,-0.72719,-0.76461,-0.7294,-0.7659999999999999,nan,nan,-0.7296600000000001,-0.7199300000000001,nan,-0.63162,-0.41534,-0.40098,-0.16627,0.045045999999999996,0.093533,0.22608000000000003,0.6937399999999999,0.88285,0.9081,0.9945,nan,1.4588,1.5091,1.4448,1.4416,nan,2.0279,2.2464,nan,2.8519,nan,2.8873,2.5831,2.0942,nan,nan,0.58177,0.03572,-0.22196999999999997,nan,nan,-0.11460999999999999,nan,nan,nan,-0.31644,nan,-0.33198,nan,-0.49805,-0.40425,-0.36546999999999996,nan,-0.52068,-0.62384,nan,-0.6046100000000001,-0.59278,-0.65463,nan,nan,nan,nan,nan,nan,-0.6131,-0.5049100000000001,-0.49058,-0.51449,-0.48128999999999994,-0.45498,-0.46235,-0.47923999999999994,nan,nan,-0.34394,-0.41508,-0.34423000000000004,-0.29093,nan,nan,-0.3116,-0.26158000000000003,-0.26366,-0.21149,nan,nan,-0.19229000000000002,-0.20271,-0.20335,-0.061157,-0.10795,-0.2684,nan,nan,nan,nan,-0.32593
1.0,-1.0331,-0.9142600000000001,nan,nan,nan,-0.88502,nan,-0.7705,-0.6564,-0.6421,nan,-0.77928,nan,-0.73442,-0.73955,nan,-0.68915,nan,-0.79206,-1.0070000000000001,-1.0121,-0.9174700000000001,nan,-0.8223799999999999,-0.80852,-0.73803,-0.62817,-0.55472,nan,nan,nan,nan,-0.56242,nan,nan,-0.7270800000000001,-0.63886,nan,0.13572,nan,nan,nan,1.5251,nan,1.7804,2.1731,2.3454,2.4424,nan,2.4412,nan,nan,2.4561,nan,2.6033,2.6614,2.6847,2.5618,2.7188,2.6587,nan,nan,nan,1.8758,1.8366,1.7836,1.4779,1.3142,nan,nan,nan,0.4877,-0.12625,nan,nan,nan,0.09941599999999999,0.46066999999999997,0.185,nan,nan,-0.9673,nan,nan,-0.5374800000000001,-0.65369,nan,nan,-0.68152,-0.58555,nan,-0.6511600000000001,nan,nan,nan,-0.8084899999999999,-0.78428,-0.57638,nan,nan,-0.20614000000000002,-0.074724,nan,0.13128,nan,nan,nan,nan,nan,nan,-0.15746,-0.15858,-0.17294,-0.1428,-0.11512,nan,nan,-0.14802,-0.25844,nan,nan,-0.15306,-0.10407999999999999,-0.16638,nan,nan,-0.15949000000000002,-0.11624000000000001,-0.15229,-0.094297,nan,-0.0035848,-0.041569,-0.16047999999999998,0.47861000000000004,nan,1.2191,nan,nan,nan,nan,1.3856,0.69715,0.5924699999999999,0.41527,0.8307200000000001,0.5021899999999999,0.57492,nan,0.37237,0.16732,-0.031782,nan,0.065441,nan,nan,-0.50676,-0.59968,-0.5856600000000001,-0.87018,-0.9565600000000001,-1.0625,-1.0741,-1.1836,-1.2543,nan,-1.3045,-1.3266,-1.3230000000000002,nan,-1.2943,-1.2948,nan,-1.2716,-1.1093,-1.0355,nan,nan,nan,-0.38582,-0.24386,-0.11629,-0.035446,0.017541,0.085274,0.12511,-0.18691,-0.25037,-0.24245999999999998,-0.25808000000000003,nan,nan,nan,-0.11723,-0.2245,nan,nan,nan,-0.27338,-0.34836,-0.16810999999999998,-0.067006,-0.10111,nan,-0.12542999999999999,nan,-0.15392,-0.07869,-0.07662100000000001,nan,-0.052303999999999996,nan,0.013101,0.0021063,0.029829,0.12317,0.27524,0.11010999999999999,0.22134,0.27760999999999997,nan,-0.39355,-0.37144,-0.59391,-0.6076199999999999,nan,nan,-0.9642700000000001,nan,-1.0628,nan,-0.4551,-0.22338000000000002,0.17474,0.44213,0.8957799999999999,nan,1.4405,1.5865,nan,nan,nan,1.4001,1.3564,nan,1.3662,1.2646,nan,0.90246,0.8709899999999999,nan,0.58096,0.16805,nan,-0.12680999999999998,nan,-0.29902,nan,nan,-0.69201,-0.70377,nan,nan,-1.063,-1.1178,-1.1718,-1.2921,-1.304,nan,-1.3559,nan,-1.3405,-1.2813,nan,nan,nan,-0.82773
0.0,1.4748,1.0942,nan,0.7108300000000001,nan,0.16525,0.12732000000000002,-0.15252000000000002,nan,nan,-0.46043999999999996,-0.5938100000000001,-0.56717,-0.6991,-0.67372,-0.70677,nan,-0.74673,nan,-0.69923,nan,nan,-0.71554,nan,nan,nan,nan,-0.68502,-0.6644,-0.6471399999999999,-0.6180399999999999,nan,-0.66845,-0.54677,nan,nan,-0.5269699999999999,nan,-0.34662,nan,-0.27586,-0.18641,nan,-0.037137,-0.070729,nan,nan,-0.5398,-0.718,-0.71181,-0.8247700000000001,-0.66656,nan,-0.056093,nan,nan,0.68698,0.94806,1.0993,nan,nan,0.86201,0.8921600000000001,nan,nan,0.5282100000000001,nan,0.75531,nan,0.65368,0.76158,nan,nan,1.4635,nan,2.3965,2.7014,nan,nan,2.8169,2.2411,1.7212,1.4755,1.2385,0.95257,nan,nan,0.21245,-0.050834,nan,nan,nan,-0.50344,nan,-0.5922,nan,-0.62788,-0.66123,-0.65751,-0.6634899999999999,-0.66352,-0.68201,-0.70732,nan,nan,-0.66208,nan,nan,nan,nan,-0.68962,-0.71072,-0.71205,nan,-0.68785,-0.7259899999999999,-0.73859,-0.56729,-0.54942,nan,nan,-0.32786,-0.28126,-0.13688,-0.064283,-0.033757,nan,-0.095714,-0.35168,-0.43917,-0.66868,-0.73131,nan,-0.30781,0.25094,0.30119,0.42196999999999996,nan,nan,0.34009,nan,0.30919,nan,nan,nan,-0.018803,0.021112,nan,nan,0.37639,nan,nan,0.76476,nan,1.9357,2.3709,2.6287,3.0986,3.1184,2.983,2.7374,2.4468,2.3275,nan,1.6956,nan,1.0472,nan,nan,nan,-0.08792799999999999,-0.28276999999999997,nan,-0.55143,nan,-0.66033,-0.70578,nan,nan,-0.81903,-0.73046,nan,nan,-0.74948,nan,-0.7853899999999999,-0.7803899999999999,nan,-0.8941100000000001,-0.8336899999999999,nan,nan,-0.90207,-0.8860899999999999,-1.0015,nan,-1.0366,nan,-1.1002,-0.98788,nan,-0.8035,-0.80104,-0.75588,nan,-0.58133,-0.5342,-0.21508000000000002,-0.32252,nan,nan,nan,-0.6739,-0.64315,-1.0233,nan,-0.8810899999999999,nan,nan,0.13963,0.15336,0.23917,nan,0.094343,0.1455,0.15762,0.15345999999999999,0.13708,0.14046,0.13222,nan,nan,0.0080307,0.17979,nan,nan,nan,0.8208700000000001,1.2672,1.4201,1.8642,2.1439,nan,2.3408,2.1695,1.9286,1.6904,1.16,0.8458100000000001,0.68924,0.35875,nan,nan,nan,nan,-0.7782600000000001,nan,-1.0353,-1.0484,-1.0702,-0.9730700000000001,nan,nan,-1.0911,-1.0594,-0.99579,nan,-1.1017,-1.1831,-1.2255,nan,nan,-1.1209,nan,nan,-1.1316,-1.0865
0.0,-0.0787,-0.05765,0.02197,0.039666,-0.09199199999999999,nan,-0.68401,nan,-0.87124,nan,-0.42958,0.0015155,0.21625,0.63888,nan,nan,nan,0.73446,nan,0.67473,0.62752,0.72537,0.73516,nan,nan,0.57658,nan,0.6612899999999999,0.73235,0.8750100000000001,nan,1.6436,1.9307,2.4257,nan,3.2128,3.1793,2.8346,2.3938,2.1806,1.646,1.2638,nan,nan,0.60965,nan,0.21850999999999998,-0.10837999999999999,-0.45928,-0.52169,-0.51631,nan,-0.54006,nan,nan,nan,-0.6683899999999999,nan,-0.61421,nan,-0.6635800000000001,-0.64657,-0.6693,-0.74647,-0.66455,nan,-0.63135,nan,-0.57465,nan,-0.55776,-0.46576000000000006,-0.46401000000000003,-0.44705,nan,-0.38053000000000003,nan,-0.32595999999999997,-0.28620999999999996,-0.30173,nan,nan,-0.1083,-0.036930000000000004,-0.067881,-0.30394,nan,-0.5404800000000001,-0.71348,-0.78175,-0.81282,nan,-0.25236,0.24511,0.59019,nan,nan,0.79909,0.73738,nan,nan,nan,nan,0.43009,0.45398999999999995,0.30287,0.22546,0.022718000000000002,-0.07234600000000001,nan,nan,nan,nan,0.7890699999999999,nan,nan,2.6515,3.0194,nan,2.3321,1.6675,1.291,1.0719,0.6492600000000001,nan,0.07008400000000001,-0.032068,-0.24108000000000002,-0.13696,nan,-0.28765,-0.51536,nan,nan,-0.77473,nan,nan,-0.7616,-0.81407,nan,nan,nan,nan,-0.77508,-0.8221200000000001,nan,-0.7964600000000001,nan,-0.85283,nan,-0.82839,-0.87405,nan,-0.84441,-0.80088,-0.8109999999999999,nan,-0.79314,-0.8260799999999999,-0.8242799999999999,-0.6662100000000001,nan,-0.47256000000000004,nan,nan,-0.42605,nan,-0.47513999999999995,nan,-0.67804,nan,-1.0761,-1.0484,nan,-0.23686,0.17945,nan,nan,0.67881,0.69079,nan,nan,nan,nan,0.2,nan,0.10355,0.092047,nan,0.5027,nan,-0.0042023,nan,0.1463,0.41196000000000005,nan,1.2694,nan,2.5047,2.7863,3.1621,3.0527,2.8454,2.352,nan,1.3619999999999999,1.1626,0.93565,0.45406,0.26971999999999996,nan,-0.29116,-0.41197,-0.6312300000000001,-0.8587,nan,-1.0153,-0.9803,nan,nan,nan,-1.1389,nan,-1.1963,nan,-1.1652,nan,-1.167,-1.1420000000000001,nan,-1.0576,-1.0959999999999999,-1.0717,-1.0739,nan,-1.0524,-1.0904,nan,-1.0346,-0.9193100000000001,-0.8353200000000001,nan,nan,-0.7500399999999999,nan,nan,-0.43385,-0.43346,-0.50245,-0.5996100000000001,-0.70868,nan,nan,nan,-1.3681,-1.3725,-1.2642,-0.9305100000000001,nan,nan,0.039878,0.30680999999999997,0.40921,nan,0.29846,nan,0.26354,0.09349099999999999,nan,nan,-0.17342,-0.17647000000000002,-0.10005,0.049977999999999995,0.016939,0.053267999999999996,nan
1.0,-0.76263,nan,-0.36835,-0.41128000000000003,-0.42791999999999997,-0.34437,-0.21631,-0.019469,0.09902899999999999,nan,nan,nan,0.39931,0.38348000000000004,nan,nan,0.48691,0.7187899999999999,0.77686,0.99726,1.0378,1.0785,1.09,1.213,0.59564,0.8262700000000001,0.8248700000000001,nan,1.1804,1.2288,1.3405,nan,nan,nan,0.77093,0.75454,nan,0.79888,nan,0.82542,0.60046,0.23344,-0.12768,-0.21183000000000002,0.045988,0.42353999999999997,nan,0.28456,0.097322,0.26438,0.17567,0.45738,0.45892,nan,0.5885100000000001,0.6634399999999999,0.7075600000000001,1.0101,nan,1.6295,1.5287,0.79879,-0.8956799999999999,-0.45591000000000004,nan,nan,nan,-1.4846,-1.5609,nan,nan,-1.5456,nan,nan,-1.2833,nan,-1.195,-1.2387,nan,-1.2192,nan,nan,-1.2254,nan,-1.1892,-1.14,-1.1541,-1.0741,-1.0891,-1.0903,-1.0889,-1.0492,-1.0956,nan,nan,-1.1657,-1.0843,nan,-1.1751,-1.0232,-0.9648899999999999,-0.98887,nan,nan,nan,-0.87976,-0.94509,nan,-0.9243600000000001,-0.89756,nan,-0.7025899999999999,nan,-0.5269199999999999,-0.51377,-0.61448,nan,nan,-0.43061000000000005,-0.45736000000000004,nan,nan,nan,-0.29163,-0.14945,-0.17006,-0.084244,nan,0.0794,nan,nan,nan,nan,nan,nan,nan,0.66745,nan,0.6056199999999999,0.74588,0.9551,0.9089299999999999,nan,nan,0.43911999999999995,0.29796,0.31392,nan,nan,0.28495,0.24351,nan,nan,-0.11402999999999999,nan,nan,nan,nan,0.39483,nan,0.29408,0.34136,0.31473,0.34759,0.36193000000000003,0.39252,0.34208,nan,0.52689,nan,0.6011,nan,0.52241,0.8569100000000001,nan,nan,1.099,nan,nan,nan,nan,nan,nan,nan,nan,0.7382,0.77464,0.93585,0.9851,1.264,nan,1.3035,nan,1.0183,1.1519,nan,1.1757,nan,1.2662,nan,1.3149,nan,0.73782,0.37413,nan,-1.2743,-1.524,nan,-1.9353,nan,-2.0988,-2.07,-2.173,nan,nan,-1.9908,-1.8998,nan,nan,nan,nan,-1.5136,nan,-1.578,-1.5077,nan,-1.2872,-1.2343,-1.1608,nan,nan,nan,-0.9172299999999999,-0.78892,-0.72632,nan,-0.51966,-0.49563999999999997,-0.29281999999999997,-0.25617,-0.37949,-0.29743,-0.19100999999999999,nan,-0.16161,-0.07430199999999999,0.011809,nan,0.24201999999999999,0.26865,0.41598999999999997,0.60801,nan,0.85661,nan,nan,1.3182,1.2154,1.3788,1.5939,1.7612,1.8035,1.959,nan,1.7262,1.6689,nan,1.4072,nan,nan,1.3189,nan,1.1959,1.3074,nan,1.1774,nan
