3.0,-0.78342,-0.6983699999999999,-0.50293,-0.20325,nan,0.40786,0.6301899999999999,0.8831399999999999,nan,1.2389,nan,1.4088,nan,1.3416,1.2193,1.0569,0.9228299999999999,nan,0.6674,0.36576,0.18958,0.060660000000000006,nan,nan,-0.73649,-0.7480399999999999,-0.5916399999999999,-0.34118000000000004,nan,nan,0.61838,nan,1.2817,nan,1.4902,1.469,1.4035,nan,1.4132,1.4293,nan,1.6416,1.5369,nan,0.86871,0.50062,nan,-0.19228,-0.50626,nan,nan,-0.45821999999999996,nan,-0.74034,nan,-1.2842,-1.4876,nan,-1.5187,-1.2883,-1.091,nan,-0.72526,nan,-0.36644,-0.44255,-0.57284,nan,-0.94596,-1.0941,nan,-1.2415,-1.4312,-1.4533,-1.3430000000000002,-1.2469,nan,nan,-0.62846,-0.45365
4.0,-0.81367,nan,-0.56916,-0.52536,nan,nan,0.23460999999999999,0.23521999999999998,0.61734,0.91899,1.2434,1.3718,1.5292,nan,1.4679,1.2864,1.1263,nan,0.6077100000000001,nan,nan,-0.10455999999999999,-0.46821999999999997,-0.7873,-0.97059,nan,-0.71024,-0.41639,nan,0.28036,nan,nan,nan,1.6569999999999998,1.6688,1.6363,nan,1.5636,nan,nan,1.1672,1.1378,nan,1.3659,0.98185,nan,nan,nan,-0.4801,-0.7601899999999999,nan,nan,nan,nan,-0.9172299999999999,nan,nan,-1.4987,nan,-1.3632,-1.1209,nan,-0.62593,nan,nan,-0.35815,nan,-0.14209000000000002,-0.38081,-0.6166699999999999,-0.97765,-1.2569,-1.3642,nan,-1.5041,nan,nan,-0.9129,-0.58573,nan
6.0,-0.9176,-0.76556,nan,-0.2245,nan,0.30225,0.62443,0.80816,1.0256,1.2134,1.3175,nan,1.4731,nan,1.2898,1.1662,nan,0.8013,0.64373,0.42062,0.17604,nan,-0.41812,-0.7157100000000001,nan,-0.8219799999999999,-0.65354,nan,-0.09095700000000001,0.23898000000000003,nan,0.9194200000000001,1.2675,1.4293,1.4287,1.3532,1.3754,1.4371,1.4926,1.3755,nan,1.4594,1.4528,nan,0.8359,0.47546000000000005,nan,nan,nan,-0.79688,-0.21189000000000002,-0.39643,-0.43955,-0.59849,-0.8410299999999999,nan,-1.3823,nan,-1.6664,-1.5186,nan,nan,-0.81989,-0.54382,nan,-0.064709,nan,-0.40660999999999997,nan,-0.83681,-1.0409,nan,-1.4183,-1.5459,nan,nan,nan,-0.8811700000000001,nan,nan
8.0,-0.461,-0.39871,-0.23686,-0.037866000000000004,nan,nan,0.7824,1.0173,1.3068,nan,1.4287,1.444,nan,nan,nan,nan,0.70696,0.47231000000000006,0.24338,nan,-0.24861999999999998,-0.40488,-0.42289,nan,-0.32953000000000005,-0.12184,0.046205,nan,nan,nan,1.0004,nan,1.3978,nan,1.4041,1.3904,nan,1.4133,1.3956,nan,nan,1.4407,1.2445,nan,nan,0.5505399999999999,0.31487,nan,nan,nan,nan,-1.0794,-1.0794,-1.0794,-1.0794,-1.0794,-1.0794,nan,nan,-1.0794,-1.0794,-1.0794,-1.0794,-1.0794,-1.0794,nan,-1.0794,-1.0794,nan,-1.0794,nan,-1.0794,-1.0794,nan,-1.0794,-1.0794,nan,-1.0794,-1.0794,nan
8.0,-0.52372,nan,-0.25261999999999996,nan,0.16332,0.36543000000000003,0.61939,nan,1.0468,nan,nan,1.4639,1.4596,nan,1.2013,0.9938600000000001,0.82881,0.60821,nan,nan,nan,-0.3903,-0.4743,nan,nan,-0.10840999999999999,0.10347999999999999,nan,0.57501,nan,1.0511,nan,nan,1.4799,1.4565,1.3923,1.3912,1.4595,1.3911,nan,1.4415,nan,1.2203,nan,nan,nan,0.24516999999999997,-0.033192,-0.23965,-0.46902,nan,nan,nan,nan,nan,nan,-1.074,nan,nan,-1.074,nan,nan,nan,-1.074,nan,nan,-1.074,nan,-1.074,-1.074,nan,-1.074,-1.074,nan,-1.074,-1.074,-1.074,nan,nan,-1.074
8.0,-0.41261000000000003,nan,-0.16974,nan,nan,0.5462199999999999,0.8084100000000001,nan,nan,1.3588,1.4003,nan,nan,1.2148,nan,nan,0.7421399999999999,0.53752,0.31561999999999996,0.033048,nan,nan,nan,-0.46415,-0.28669,-0.09728300000000001,nan,nan,nan,0.8761899999999999,nan,1.3113,nan,nan,1.2627,1.2253,1.2816,nan,1.3272,1.3277,1.3353,nan,1.2978,1.0863,0.8511200000000001,0.62505,0.36751,0.11164,nan,-0.34436,-1.1018,-1.1018,-1.1018,nan,nan,nan,-1.1018,-1.1018,-1.1018,-1.1018,nan,nan,-1.1018,-1.1018,-1.1018,nan,-1.1018,-1.1018,nan,nan,-1.1018,-1.1018,nan,-1.1018,-1.1018,nan,nan,-1.1018,-1.1018,-1.1018
5.0,-1.0326,nan,-0.6925,-0.40041,-0.07228899999999999,0.26119000000000003,nan,nan,nan,1.3012,nan,1.4546,1.4214,nan,1.16,0.99011,nan,0.61838,0.41478999999999994,0.23990999999999998,nan,-0.45376000000000005,nan,-0.9329,-0.96516,nan,-0.6045699999999999,-0.31190999999999997,0.018838999999999998,nan,0.68657,1.0462,1.3645,nan,1.5885,1.5818,nan,nan,nan,1.6454,1.7307,1.6187,nan,0.9606299999999999,0.58978,nan,nan,nan,-0.6842,nan,-0.2898,-0.45747,-0.71132,-0.9527399999999999,-1.1227,nan,-1.337,nan,nan,-1.1211,-1.0438,nan,-0.50236,nan,-0.38747,nan,0.05656799999999999,0.010798,nan,nan,-0.84131,nan,nan,-1.5031,-1.5049,-1.3312,nan,-0.7772399999999999,nan,-0.35186
8.0,-0.5414899999999999,nan,nan,nan,0.10765999999999999,0.34265,nan,nan,1.0977,nan,nan,1.4498,1.432,nan,1.1773,1.0133,0.75751,0.54303,0.24549,-0.075645,-0.30173,nan,nan,-0.47313999999999995,-0.29738000000000003,-0.089223,0.13278,nan,nan,nan,1.0822,nan,1.453,1.4731,nan,1.3403,nan,1.3771,1.3967,1.3798,nan,1.4528,1.2989,1.1118,0.8107,0.55993,nan,nan,-0.19558,-0.39955,nan,nan,-1.062,nan,nan,-1.062,-1.062,nan,nan,-1.062,nan,-1.062,nan,-1.062,-1.062,nan,nan,nan,-1.062,nan,-1.062,nan,-1.062,-1.062,-1.062,-1.062,-1.062,-1.062,-1.062,-1.062
3.0,-0.70213,-0.63746,nan,nan,nan,nan,0.28219,0.53587,nan,1.0918,1.222,1.2492,1.2038,1.1302,nan,nan,0.45316999999999996,nan,nan,nan,nan,0.024571,nan,-0.49927,-0.62074,-0.57345,nan,0.08416,0.55792,0.8457,nan,1.5826,1.855,1.6512,nan,1.2073,1.0465,nan,1.0099,1.1203,1.422,nan,1.8631,nan,nan,0.6807,nan,nan,-0.35493,-0.66099,-0.40567,nan,nan,-0.90074,-1.119,nan,-1.5335,-1.5776,-1.4639,-1.3094,nan,nan,-0.70426,nan,nan,nan,nan,-0.9454100000000001,-1.0477,nan,-1.193,-1.3255,-1.3127,-1.4256,nan,-1.1608,-0.95721,nan,-0.65828,-0.49435
3.0,-0.89795,nan,-0.57982,nan,0.064791,nan,0.79064,1.0158,1.2632,1.4466,nan,nan,1.2429999999999999,1.2308,nan,1.0052,nan,nan,nan,nan,-0.14870999999999998,-0.45408999999999994,-0.70405,-0.80894,nan,nan,nan,nan,0.45153000000000004,0.77809,nan,1.369,1.3889,1.3258,nan,nan,1.1814,1.3685,nan,1.3065,1.3663,nan,nan,1.1353,nan,nan,nan,nan,nan,nan,-0.30156,-0.17485,nan,-0.51683,nan,-0.99251,-1.219,-1.5519999999999998,nan,nan,nan,-1.12,nan,nan,nan,nan,-0.28215,-0.48775,nan,-0.9286,nan,-1.2539,-1.3919,nan,-1.4213,-1.4527,-1.2463,-1.0351,nan,-0.48996999999999996
5.0,-0.9572299999999999,nan,-0.68903,-0.42454,-0.12053,0.20445,0.58757,nan,nan,1.4016,1.5396,nan,1.4181,1.3173,1.0191,0.7852899999999999,0.50292,nan,-0.24229,-0.62007,-0.9618899999999999,-1.0708,nan,-0.89565,nan,nan,nan,0.22793000000000002,0.52818,nan,1.1946,1.3843,nan,nan,1.6144,1.4785,1.4278,1.581,1.561,1.3294,nan,nan,1.3581,1.0378,0.7086,nan,0.05466699999999999,-0.29504,-0.60355,-0.90066,nan,0.039139,nan,-0.38151,-0.64365,-0.89999,-1.0873,-1.3596,nan,nan,-1.3807,-1.1303,-0.89664,-0.61657,-0.33038,-0.17919000000000002,-0.15874000000000002,-0.33164,-0.54275,nan,-1.0507,nan,-1.4471,-1.4446,-1.3431,-1.2221,nan,-0.72014,-0.45696000000000003,nan
8.0,-0.48901999999999995,-0.44761999999999996,-0.24650999999999998,nan,0.27466,nan,0.71331,nan,1.0721,nan,nan,1.4265,1.3479,nan,1.1873,nan,nan,nan,0.51384,0.25892,nan,-0.17235999999999999,nan,nan,-0.39748,-0.21950999999999998,-0.00014801,0.24695999999999999,0.50038,nan,nan,nan,1.3491,1.3144,nan,1.3124,1.334,nan,nan,1.369,1.3505,nan,1.2733,1.0946,0.8312700000000001,nan,nan,0.072746,-0.17904,nan,nan,-1.0967,-1.0967,-1.0967,nan,-1.0967,-1.0967,-1.0967,-1.0967,nan,nan,-1.0967,-1.0967,nan,-1.0967,-1.0967,-1.0967,-1.0967,nan,-1.0967,-1.0967,-1.0967,-1.0967,nan,nan,-1.0967,nan,nan,-1.0967,-1.0967
5.0,-0.95734,-0.8382299999999999,-0.609,-0.32711999999999997,0.0019166,0.2658,0.53778,0.8617,1.0101,nan,1.27,1.3771,1.3285,nan,1.1453,1.0056,nan,nan,0.42716000000000004,nan,-0.13751,nan,-0.67033,-0.97011,-0.95194,nan,-0.6404,nan,0.0036608000000000005,nan,0.6784399999999999,1.0437,nan,1.5071,1.4836,1.2702,nan,1.4195,nan,1.5539,nan,1.5824,nan,nan,0.82158,0.47302,nan,-0.23281999999999997,-0.49096000000000006,nan,0.084569,-0.10830999999999999,-0.27744,-0.609,nan,-1.1726,-1.376,-1.601,nan,-1.4903,-1.21,nan,-0.63016,-0.36751999999999996,-0.12867,nan,-0.0089987,-0.29313,nan,-0.96195,-1.286,-1.5839,nan,-1.6861,-1.4340000000000002,nan,nan,-0.58295,nan,nan
8.0,-0.5018100000000001,nan,nan,0.035942,0.29155,nan,0.79948,1.0273,nan,1.4144,nan,nan,1.389,nan,1.1962,0.91259,nan,nan,nan,0.020212,-0.009465000000000001,-0.22329000000000002,-0.44166000000000005,-0.52141,-0.39054,nan,nan,0.32193,nan,nan,0.9658899999999999,nan,1.4217,nan,1.3899,1.3573,1.3995,1.3844,nan,nan,nan,1.3456,1.1947,0.97055,0.73851,nan,0.20883000000000002,nan,nan,nan,nan,-1.0782,nan,nan,-1.0782,-1.0782,nan,-1.0782,nan,-1.0782,-1.0782,nan,nan,-1.0782,-1.0782,-1.0782,nan,-1.0782,-1.0782,nan,nan,nan,nan,-1.0782,nan,-1.0782,nan,-1.0782,nan,-1.0782
4.0,-0.82001,-0.77683,-0.57039,nan,-0.16938,0.18395,0.49022,nan,nan,nan,1.4401,nan,nan,1.3386,1.1509,0.9780200000000001,0.6709,0.54243,0.38298000000000004,nan,-0.13910999999999998,nan,nan,-0.82706,-0.9280200000000001,nan,-0.63474,-0.32487,-0.037583,0.30706,0.61524,nan,1.2657,nan,1.4295,1.4,1.3456,nan,nan,nan,nan,1.6078,nan,1.3799,nan,nan,0.22783,-0.10023,nan,-0.6964,nan,nan,-0.24988000000000002,nan,nan,-0.96859,-1.2883,-1.4089,nan,-1.5171,nan,nan,-0.80279,nan,nan,nan,-0.38181,nan,-0.78579,nan,-1.1486,-1.3909,-1.5132,-1.4709999999999999,nan,nan,nan,-0.69908,-0.35725999999999997,nan
6.0,-0.91306,nan,-0.6827300000000001,nan,-0.058437,0.27845,0.52894,nan,1.0479,1.208,1.3243,1.4679,nan,nan,1.2601,1.1577,0.9086200000000001,0.7425,nan,0.16814,-0.053286,nan,nan,nan,-0.90791,nan,-0.53885,-0.22799,nan,0.45505,0.80875,1.15,1.4064,nan,1.3234,1.3452,1.455,1.5529,nan,nan,1.5912,1.4723,nan,0.9703,0.6129899999999999,0.32369000000000003,nan,-0.28457,nan,-0.8353799999999999,nan,-0.27426,nan,-0.7017100000000001,nan,-1.1205,nan,-1.5391,nan,-1.4074,-1.1312,nan,-0.65896,-0.38493,-0.18054,-0.10890999999999999,nan,nan,-0.66895,nan,nan,-1.4416,-1.5,nan,nan,-1.1583,nan,-0.6905,nan,nan
8.0,-0.44587,-0.3607,-0.21716,-0.014031,0.21372,nan,0.68747,0.91811,1.0919,nan,1.3188,1.3697,1.3532,nan,nan,nan,0.80983,0.5998600000000001,nan,0.12315999999999999,nan,nan,nan,-0.4503,-0.34267,-0.16887,nan,0.27487,nan,0.74247,0.9771700000000001,nan,1.42,1.4584,nan,nan,1.3473,nan,nan,1.3559,nan,1.4187,1.3473,1.1576,0.9118200000000001,0.65455,0.39849,0.13666,nan,-0.33352,-1.0988,nan,nan,-1.0988,-1.0988,-1.0988,nan,-1.0988,nan,-1.0988,nan,-1.0988,-1.0988,-1.0988,nan,-1.0988,nan,nan,-1.0988,-1.0988,-1.0988,-1.0988,nan,-1.0988,-1.0988,nan,nan,nan,-1.0988,-1.0988
7.0,-0.47847,nan,-0.30429,-0.12315,nan,0.41673000000000004,nan,0.95924,1.1926,nan,nan,1.4126,1.3973,1.3072,nan,1.0419,nan,nan,nan,nan,0.035328,-0.22544,nan,-0.4806,nan,nan,0.00020581,nan,nan,0.71432,0.8952899999999999,1.1468,nan,nan,1.3759,1.3031,nan,1.3446,nan,1.4116,1.4498,1.476,1.2893,1.053,0.80147,0.53696,0.28092,0.0058207,nan,-0.43545,-1.0826,-1.0826,nan,nan,nan,nan,-1.0826,nan,-1.0826,nan,-1.0826,nan,-1.0826,-1.0826,nan,nan,nan,nan,-1.0826,nan,nan,-1.0826,-1.0826,-1.0826,nan,-1.0826,-1.0826,-1.0826,-1.0826,-1.0826
8.0,-0.50648,nan,nan,nan,0.21402,0.4588,0.7141,nan,1.1392,nan,1.4126,1.444,nan,1.2343,1.0676,nan,0.76474,0.59065,nan,0.11962,-0.10712999999999999,-0.33731,-0.47576,-0.48041000000000006,-0.34942,nan,0.093317,0.31813,0.53293,0.8037,nan,1.3078,1.4084,nan,1.3547,1.3836,1.4448,1.4464,1.4321,1.5028,nan,1.4533,nan,nan,0.72338,nan,0.23690999999999998,-0.018422,-0.24256999999999998,-0.41748999999999997,nan,-1.0752,-1.0752,-1.0752,nan,-1.0752,nan,-1.0752,-1.0752,nan,-1.0752,-1.0752,-1.0752,nan,-1.0752,-1.0752,-1.0752,-1.0752,-1.0752,nan,-1.0752,-1.0752,-1.0752,-1.0752,-1.0752,nan,-1.0752,-1.0752,nan,-1.0752
3.0,-0.9247700000000001,-0.85845,-0.60998,-0.30034,0.022499,0.41372,0.65989,nan,1.2176,nan,1.3880000000000001,1.3857,nan,nan,nan,nan,nan,nan,nan,0.22183000000000003,-0.0070938,nan,-0.64157,-0.93335,-1.0432,-0.82173,nan,nan,nan,0.37577,nan,1.0390000000000001,1.3002,nan,nan,1.4962,nan,1.4338,nan,nan,nan,1.5303,1.4337,1.1729,0.8326100000000001,0.43066000000000004,nan,-0.24705,nan,-0.7852399999999999,-0.22865,nan,-0.42936,nan,-0.7793399999999999,-1.1317,nan,-1.4511,-1.4062,nan,nan,nan,-0.69953,-0.5149199999999999,-0.40659,-0.36052,-0.353,-0.57088,nan,-0.9712299999999999,nan,-1.3644,-1.4396,nan,nan,nan,-0.99254,nan,-0.5038,-0.37616
8.0,-0.45392,nan,nan,0.021123,0.23958000000000002,0.48691999999999996,0.74625,0.94631,1.124,nan,1.2938,nan,1.3494,1.23,nan,nan,nan,nan,0.36628,0.20106,0.11155,nan,nan,-0.42603,-0.3829,-0.23858000000000001,nan,0.18420999999999998,nan,0.67167,nan,nan,nan,1.4345,nan,1.3134,nan,1.3622,1.3571,1.389,1.4608,1.4566,1.3954,nan,0.90695,0.6535,0.38965,0.1538,-0.11282,-0.34064,-1.1013,nan,-1.1013,-1.1013,-1.1013,-1.1013,-1.1013,nan,-1.1013,-1.1013,-1.1013,-1.1013,-1.1013,nan,nan,nan,-1.1013,nan,-1.1013,nan,nan,-1.1013,nan,-1.1013,-1.1013,nan,nan,-1.1013,-1.1013,-1.1013
8.0,-0.50246,nan,nan,0.011191,nan,0.52317,nan,nan,1.0648,1.232,nan,1.3437,nan,nan,nan,0.95071,0.78045,0.59158,nan,0.19766,-0.06499400000000001,nan,-0.46971,nan,-0.27569,-0.055213,0.17494,0.41138,nan,0.9070799999999999,1.1428,1.3701,nan,nan,1.3228,1.248,1.2718,1.3025,nan,nan,1.4304,1.3902,1.2858,nan,0.83439,0.59401,nan,0.075136,nan,-0.3924,nan,-1.1036,nan,nan,-1.1036,-1.1036,nan,-1.1036,-1.1036,nan,-1.1036,nan,nan,nan,nan,nan,-1.1036,-1.1036,nan,nan,nan,-1.1036,-1.1036,nan,-1.1036,-1.1036,-1.1036,nan,nan,-1.1036
4.0,-0.85025,-0.75658,nan,-0.24065,nan,nan,0.62359,nan,nan,1.4547,1.5848,nan,1.6499,nan,1.4814,1.3198,nan,nan,nan,0.29979,nan,-0.33414,nan,-0.66743,nan,-0.89426,nan,-0.48126,-0.23053,nan,0.4111,nan,0.8231700000000001,nan,1.3058,1.2884,1.4415,1.5615,1.5605,1.4865,nan,nan,1.3928,1.245,0.90554,0.5453100000000001,0.12050999999999999,-0.22035,-0.56103,nan,nan,-0.03946,-0.29205,nan,-0.78277,nan,-1.2223,-1.4519,nan,-1.5345,-1.3047,-1.0851,-0.84591,-0.59996,-0.4668,nan,-0.6526,-0.83163,-1.0524,nan,-1.1731,-1.3054,-1.2367,nan,nan,-1.0061,nan,nan,nan,-0.15995
6.0,-0.8699600000000001,-0.85219,-0.66435,-0.36341,-0.056891,0.294,0.63031,0.90041,1.1549,nan,nan,1.5066,1.4992,1.3356,1.1522,0.93195,0.74325,0.44051999999999997,nan,-0.1308,-0.5070399999999999,-0.58245,nan,-0.9400799999999999,nan,-0.71635,nan,nan,nan,0.51683,0.8343799999999999,1.1891,nan,nan,1.1,1.3646,1.4774,1.4323,1.4952,nan,1.3485,1.3927,1.3046,nan,0.8305899999999999,0.46288,nan,-0.19388,nan,-0.7280800000000001,-0.058738,nan,nan,-0.19338,-0.46388,nan,nan,-1.5677,-1.8068,nan,-1.4736,-1.1743,-0.8835299999999999,-0.5123800000000001,-0.17507,0.085341,nan,nan,nan,nan,-1.0351,nan,-1.5290000000000001,nan,-1.5847,-1.3812,-1.1813,nan,-0.57082,nan
8.0,-0.373,-0.3382,nan,nan,nan,0.55942,0.8108,nan,1.1241,1.2655,nan,1.3265,1.2776,1.1465,nan,nan,0.7780600000000001,0.62159,0.44668,nan,nan,-0.23494,-0.43627,-0.40221999999999997,-0.29952,-0.13660999999999998,0.090918,0.28025,0.5238,nan,1.0122,1.2595,1.3943,nan,1.3014,1.2201,nan,nan,1.3726,1.3747,nan,1.5125,1.3522,1.1154,0.8502200000000001,nan,0.36727,nan,-0.10142999999999999,nan,nan,-1.1136,-1.1136,-1.1136,-1.1136,-1.1136,-1.1136,-1.1136,nan,nan,-1.1136,-1.1136,-1.1136,-1.1136,-1.1136,-1.1136,nan,-1.1136,-1.1136,nan,-1.1136,-1.1136,-1.1136,-1.1136,nan,-1.1136,-1.1136,-1.1136,nan,-1.1136
8.0,-0.48585,-0.3915,-0.21575,-0.053301,nan,nan,nan,0.9877299999999999,nan,1.3013,nan,nan,1.3630000000000002,1.2691,nan,nan,nan,nan,0.41166,0.15988,nan,nan,nan,-0.46273000000000003,-0.41562,-0.24474,-0.046413,nan,0.4299,nan,0.9306,nan,nan,1.4419,1.3719,nan,nan,nan,1.3972,1.4104,nan,nan,1.3058,1.0908,0.82647,nan,0.35224,0.08708300000000001,nan,nan,-1.0937,-1.0937,nan,nan,-1.0937,-1.0937,-1.0937,-1.0937,-1.0937,nan,-1.0937,-1.0937,-1.0937,nan,-1.0937,-1.0937,nan,-1.0937,nan,-1.0937,nan,-1.0937,-1.0937,-1.0937,-1.0937,-1.0937,-1.0937,nan,-1.0937,nan
8.0,-0.46025,nan,nan,0.009998299999999998,0.28202,0.5301899999999999,0.72637,1.0339,nan,1.3033,1.4407,1.4487,nan,1.2296,1.1008,nan,nan,nan,nan,nan,nan,nan,nan,nan,-0.41802,-0.20382,0.019708,0.27071999999999996,nan,nan,nan,1.2562,nan,1.3964,1.3725,nan,nan,nan,1.4465,1.4556,nan,1.3877,1.2474,nan,0.76988,0.53136,nan,0.032423,nan,nan,-1.0825,nan,-1.0825,-1.0825,-1.0825,nan,nan,-1.0825,-1.0825,nan,-1.0825,nan,-1.0825,-1.0825,nan,-1.0825,-1.0825,-1.0825,-1.0825,nan,nan,-1.0825,-1.0825,-1.0825,nan,nan,-1.0825,nan,-1.0825,-1.0825
5.0,-0.9059200000000001,-0.81789,-0.5875199999999999,-0.2815,nan,nan,nan,0.7830199999999999,nan,1.1599,1.3765,1.4103,1.3921,1.3017,1.1187,0.95781,0.7339,0.48716000000000004,0.13993,-0.17304,nan,nan,-0.83147,-0.9668200000000001,nan,-0.59055,-0.32416999999999996,0.012602,0.35133000000000003,0.6945,1.0407,nan,1.5026,nan,nan,1.4279,1.4089,1.4836,nan,1.7252,1.7782,1.5279,1.1541,0.8261799999999999,0.54376,0.2652,nan,-0.38439,-0.6188100000000001,nan,nan,-0.07528,-0.2161,-0.50257,nan,nan,-1.3909,nan,-1.6736,nan,-1.2948,-1.0090000000000001,-0.7407100000000001,nan,nan,nan,-0.18487,-0.47545,nan,nan,-1.2007,-1.4274,-1.5354,-1.5013,-1.3147,-1.0543,nan,-0.5341,-0.27905,-0.11882999999999999
8.0,-0.49373,nan,-0.2376,-0.011134,nan,nan,0.73649,0.97955,1.1514,1.2883,nan,nan,1.3762,1.2637,1.1691,0.9364100000000001,0.79375,0.58436,nan,0.16255999999999998,nan,-0.31924,-0.50122,-0.48099,-0.38587,-0.20486999999999997,0.022897999999999998,0.25593,0.49188999999999994,nan,nan,nan,1.4048,1.4984,nan,1.3555,1.369,1.4103,nan,nan,nan,1.4669,1.2647,nan,nan,0.5249,0.28362,nan,nan,-0.41273000000000004,nan,-1.0778,nan,-1.0778,nan,nan,-1.0778,nan,-1.0778,-1.0778,-1.0778,nan,-1.0778,nan,-1.0778,nan,nan,-1.0778,-1.0778,-1.0778,-1.0778,nan,nan,nan,-1.0778,nan,nan,-1.0778,-1.0778,nan
6.0,-1.1209,-1.0154,nan,nan,nan,0.12689,0.43577,0.74059,0.9370700000000001,1.2002,1.3768,nan,1.4666,1.4275,nan,1.0765,0.85482,0.57624,nan,nan,-0.47358999999999996,nan,nan,-1.0085,-0.9988600000000001,-0.72033,-0.44653000000000004,nan,0.22361,nan,0.9166200000000001,nan,nan,nan,1.3321,1.3144,nan,1.4694,1.5742,1.4636,nan,1.4956,1.3037,1.0445,0.69891,0.31271,nan,nan,-0.73114,-1.0206,0.15178,0.061962,-0.10987000000000001,nan,nan,-0.8741200000000001,-1.1782,-1.4012,nan,nan,nan,nan,-0.69472,-0.43582,-0.11932000000000001,0.09601900000000001,nan,-0.24923,nan,nan,-1.168,-1.4048,-1.5239,-1.5054,nan,-1.1744,-0.87282,-0.56905,-0.2515,-0.028437999999999998
6.0,-1.0018,nan,-0.84709,nan,-0.39763000000000004,-0.085313,0.17997,0.42591999999999997,0.7847,1.0027,1.2275,1.3143,1.4231,1.4218,1.3181,nan,1.0198,nan,0.67909,nan,nan,nan,nan,-0.51089,-0.81024,-0.96078,-0.91475,nan,nan,nan,nan,nan,nan,1.3866,nan,1.2708,nan,nan,1.5630000000000002,nan,1.4839,nan,1.5663,1.1697,0.79718,0.44142,nan,-0.297,-0.65358,nan,0.15767,0.18815,-0.038516,nan,nan,nan,-1.2962,-1.5763,-1.8329,-1.6939,-1.4134,-1.0561,nan,-0.3461,0.037661,0.18900999999999998,nan,-0.048612,-0.37399,-0.79742,-1.1539,-1.4381,-1.6134,-1.6432,nan,nan,-1.0046,-0.59621,-0.23518000000000003,nan
8.0,-0.37154,nan,-0.17387,nan,0.28835,0.52149,0.7296,0.93289,1.0923,1.2253,1.2954,nan,1.327,1.2042,nan,nan,0.7956300000000001,nan,0.38388,0.13413,-0.11385,nan,nan,nan,-0.21868,nan,0.20101,nan,0.65309,0.84006,1.0933,1.2911,1.4265,1.3652,nan,1.2424,nan,nan,1.3247,1.3218,1.4012,1.4461,1.2977,1.0843,nan,0.5878899999999999,0.35593,0.12774000000000002,nan,-0.29573,-1.1174,nan,-1.1174,nan,nan,nan,nan,nan,nan,-1.1174,-1.1174,nan,nan,-1.1174,-1.1174,-1.1174,nan,-1.1174,-1.1174,-1.1174,nan,-1.1174,nan,-1.1174,-1.1174,nan,-1.1174,nan,-1.1174,-1.1174
5.0,-0.84911,nan,nan,-0.25067,nan,0.31294,0.54003,nan,0.80808,nan,nan,0.97078,0.88365,0.71602,nan,0.41661000000000004,0.28934,nan,-0.21297,-0.5107,-0.69889,nan,nan,nan,nan,-0.099423,nan,nan,1.0454,1.4252,1.808,1.8065,1.6671,nan,nan,0.9849899999999999,0.92374,1.0886,nan,1.5471,1.7148,1.8801,1.6524,1.3132,0.8805,nan,nan,nan,nan,nan,0.031320999999999995,-0.12557000000000001,nan,-0.5963,nan,nan,-1.3613,-1.6740000000000002,nan,-1.605,nan,-0.9833299999999999,-0.74457,-0.48211000000000004,-0.17375,nan,nan,nan,-0.71668,-0.9673799999999999,nan,nan,-1.6657,nan,-1.3629,-1.1176,nan,-0.62522,-0.2555,-0.059766
5.0,-0.8788,-0.72468,-0.5404399999999999,-0.24515,0.081062,nan,0.7375,0.9786799999999999,nan,1.3563,1.3912,1.4694,1.3512,nan,1.0127,nan,0.54071,0.11790999999999999,nan,-0.34924,-0.52545,nan,-0.35511,-0.52836,nan,nan,nan,0.36473,0.7164,1.0449,1.4145,1.3857,nan,0.85687,1.0134,1.3463,1.4794,1.4447,1.347,1.3546,1.3623,1.4234,1.5124,nan,0.97682,0.58482,0.17097,-0.15844,-0.48918999999999996,nan,-0.12287000000000001,-0.19459,-0.36911,-0.59229,-0.81319,nan,-1.32,nan,-1.6719,-1.6288,-1.3923,nan,-0.8603200000000001,nan,nan,-0.18552000000000002,-0.19901,-0.43107,nan,nan,-1.2259,nan,-1.6362,nan,nan,-1.3846,-1.0892,-0.82115,-0.48866000000000004,-0.27613000000000004
8.0,-0.4049,nan,-0.14213,nan,0.23703000000000002,nan,nan,0.69012,0.87269,1.1175,1.195,1.3226,1.3122,1.2659,1.1297,1.0101,0.84434,nan,nan,nan,-0.00076675,nan,nan,-0.43165,-0.30451,-0.13552999999999998,nan,0.35284,0.58431,0.83991,nan,1.2994,nan,1.3765,1.3571,1.3193,nan,nan,1.3724,nan,1.4567,1.4679,1.365,nan,0.8605799999999999,0.61926,0.3507,nan,-0.13167,nan,nan,-1.1129,-1.1129,nan,-1.1129,nan,-1.1129,-1.1129,-1.1129,-1.1129,-1.1129,nan,-1.1129,nan,nan,-1.1129,-1.1129,-1.1129,nan,-1.1129,nan,-1.1129,-1.1129,-1.1129,-1.1129,-1.1129,-1.1129,-1.1129,nan,-1.1129
5.0,-0.79505,-0.64307,-0.46023000000000003,-0.22036999999999998,0.08895499999999999,0.41345,0.48525,nan,nan,nan,nan,nan,1.4524,1.3784,nan,nan,0.85229,nan,0.34999,nan,-0.27202,-0.5328,nan,nan,nan,-0.63752,nan,-0.023645,nan,0.61625,0.94565,nan,1.3613,1.3946,1.3736,nan,1.3642,1.2567,1.3844,1.5981,nan,1.6438,1.5921,nan,0.8925799999999999,nan,0.15307,-0.17834,nan,-0.71267,nan,-0.26628,nan,-0.58148,nan,nan,nan,nan,nan,nan,-1.3163,-1.0734,-0.8201700000000001,-0.53118,nan,nan,-0.30869,-0.45603,nan,nan,-1.22,-1.4514,-1.5836,nan,-1.5279,-1.3158,nan,-0.76348,nan,-0.21145999999999998
4.0,-0.79019,nan,nan,nan,-0.033768,0.25264000000000003,0.44353000000000004,0.7178,nan,1.0531,1.2561,1.2993,1.4435,nan,1.2506,nan,nan,nan,nan,nan,nan,-0.28619,nan,-0.78005,nan,-0.77805,nan,nan,0.068816,0.37671,nan,1.0568,nan,1.607,1.5853,1.5659999999999998,1.4331,1.4322,nan,1.5535,nan,nan,1.421,nan,0.70873,nan,0.024413,nan,-0.45631000000000005,nan,-0.20681,nan,-0.50485,nan,-0.8253799999999999,-1.1634,nan,-1.5188,-1.6043,-1.4519,-1.2542,-1.0424,-0.89356,nan,-0.53077,nan,-0.34615999999999997,-0.55825,-0.7649199999999999,-1.0473,-1.2368,nan,nan,nan,-1.3567,-1.0931,nan,nan,-0.30376,-0.19602999999999998
8.0,-0.45238999999999996,nan,nan,-0.0032685,nan,nan,nan,0.87572,nan,1.2115,1.3611,1.3069,1.4299,1.3157,1.1569,0.98157,0.7863,0.58685,nan,0.21273000000000003,-0.023066999999999997,-0.27937,nan,-0.47885,-0.33862,nan,0.06552899999999999,nan,0.54473,nan,1.0286,1.2604,1.3782,1.4387,1.3198,1.3539,nan,nan,1.4619,1.4679,nan,1.4066,1.2089,1.0077,0.8777,0.61231,0.33828,0.078105,nan,nan,-1.0921,nan,-1.0921,nan,nan,nan,-1.0921,-1.0921,nan,-1.0921,-1.0921,-1.0921,-1.0921,-1.0921,-1.0921,-1.0921,-1.0921,-1.0921,-1.0921,-1.0921,-1.0921,-1.0921,-1.0921,nan,-1.0921,-1.0921,nan,nan,-1.0921,nan
3.0,-0.63741,-0.52688,nan,-0.042861,0.21372,nan,0.79888,nan,1.0995,1.1532,1.2444,nan,1.1505,0.9529799999999999,nan,0.63937,0.33048,0.096664,-0.1733,-0.33769,nan,-0.3827,-0.6335,-0.67565,nan,-0.30591,nan,0.24543,0.57047,nan,nan,1.5752,1.7236,1.6445,nan,nan,1.2302,nan,nan,1.4866,1.6957,1.6638,1.5630000000000002,1.3591,nan,0.6359100000000001,0.30284,0.016345,nan,-0.54815,-0.48623,nan,-0.55408,-0.7771600000000001,nan,nan,-1.1526,-1.3232,-1.4097,nan,nan,-1.0795,nan,-0.87175,nan,-0.59931,nan,-0.8239700000000001,nan,-1.0853,-1.2874,nan,-1.4031,-1.3215,nan,nan,-1.0496,-0.83449,-0.77678,-0.55378
8.0,-0.39173,-0.32946,-0.14068,nan,nan,nan,0.77161,nan,1.1813,1.2677,1.3026,1.3086,1.3301,nan,1.1779,nan,0.8869299999999999,nan,nan,0.14722000000000002,-0.10869000000000001,-0.30889,-0.38349,-0.40486,-0.23981,-0.034494,0.17193,nan,0.64982,nan,1.0472,1.2566,nan,1.2752,nan,nan,nan,1.3313,1.3791,1.4037,nan,nan,1.3071,nan,0.7892,0.53298,0.27985,0.075192,-0.11507,nan,nan,nan,-1.1164,-1.1164,-1.1164,-1.1164,nan,nan,nan,nan,-1.1164,nan,-1.1164,-1.1164,-1.1164,nan,-1.1164,nan,nan,-1.1164,-1.1164,-1.1164,nan,nan,nan,nan,-1.1164,nan,-1.1164,-1.1164
5.0,-0.8475,-0.79706,-0.58444,-0.23041999999999999,-0.021297,0.1149,nan,nan,1.0707,nan,nan,nan,nan,1.0557,nan,nan,0.50144,0.41981,nan,-0.032511,-0.38227,-0.63048,-0.8540700000000001,-0.9996700000000001,nan,nan,-0.45111999999999997,nan,nan,0.5705399999999999,0.9751200000000001,1.3349,1.5292,1.5029,nan,nan,nan,1.1243,nan,1.5758,nan,1.8048,nan,nan,nan,nan,0.10167999999999999,-0.28154,-0.6807300000000001,nan,0.1882,0.024937,nan,nan,nan,nan,-1.5897,-1.8872,nan,-1.435,-1.1652,nan,nan,-0.007451600000000001,0.26111999999999996,0.22566,nan,nan,-0.6794100000000001,nan,nan,nan,nan,-1.636,-1.4289,-1.2447,-0.9048799999999999,-0.60048,-0.2868,nan
8.0,-0.43009,nan,-0.21434,nan,0.21688000000000002,0.45756,0.6974899999999999,0.9569700000000001,1.1469,1.3087,1.3568,1.3866,1.3379,1.2842,nan,nan,0.72373,0.48123999999999995,0.2081,-0.020142,-0.26295999999999997,-0.4051,nan,-0.35815,nan,nan,0.2021,nan,0.65789,0.8945799999999999,1.1297,nan,1.4371,1.3416,nan,1.2809,nan,nan,1.3906,1.4062,1.4901,nan,1.2295,1.0129,nan,0.5044,0.28386,0.02298,-0.18087,nan,nan,-1.0918,-1.0918,-1.0918,nan,nan,-1.0918,-1.0918,-1.0918,-1.0918,-1.0918,nan,-1.0918,nan,nan,-1.0918,-1.0918,-1.0918,-1.0918,-1.0918,-1.0918,nan,-1.0918,nan,-1.0918,nan,nan,-1.0918,nan,nan
5.0,-0.88425,-0.7651100000000001,-0.6264,nan,-0.014302,nan,0.51262,nan,0.89455,1.053,nan,1.2672,1.4321,nan,nan,1.1589,1.0053,0.8173600000000001,nan,nan,nan,-0.20947,nan,-0.67481,-0.79999,nan,nan,nan,nan,nan,nan,nan,1.1348,1.5046,1.6696,nan,1.5531,nan,nan,nan,nan,nan,nan,nan,0.76139,nan,0.07624199999999999,-0.2335,nan,nan,-0.080823,nan,-0.46208,nan,nan,-1.1133,-1.3737,-1.5067,nan,-1.3708,nan,-0.86298,-0.53403,-0.3252,nan,-0.3366,-0.45421999999999996,-0.60653,-0.78383,-1.0497,nan,-1.4977,nan,-1.4749,nan,-1.0149,nan,-0.61354,nan,-0.16655
8.0,-0.49011000000000005,-0.41285,-0.23119,0.0067902,0.24745999999999999,0.47128000000000003,0.49393000000000004,nan,0.9468799999999999,nan,1.252,1.3576,nan,nan,1.3047,nan,nan,0.85256,0.65636,0.4798,0.25892,-0.0049966,-0.25018,-0.44267,nan,-0.36485,nan,nan,0.29120999999999997,0.54252,nan,nan,nan,1.3817,1.3979,nan,1.3917,1.4218,nan,nan,1.4332,1.4484,1.3465,1.1012,0.83894,0.5768800000000001,0.32645,nan,-0.21461999999999998,-0.42144,nan,nan,-1.0879,-1.0879,nan,-1.0879,-1.0879,nan,nan,nan,nan,nan,nan,nan,-1.0879,nan,-1.0879,nan,nan,-1.0879,nan,-1.0879,-1.0879,-1.0879,nan,nan,-1.0879,nan,nan,-1.0879
8.0,-0.41098999999999997,nan,nan,nan,0.2574,0.47193999999999997,0.7318899999999999,nan,nan,1.1682,1.1097,1.2566,1.3487,1.2796,1.2463,nan,0.95824,0.8245600000000001,nan,nan,0.28743,0.032241000000000006,nan,nan,-0.43388000000000004,-0.32674000000000003,nan,nan,nan,nan,0.8925700000000001,1.1459,nan,1.4544,nan,nan,1.291,nan,1.3752,1.365,1.4376,1.4504,1.3418,nan,0.86301,nan,0.33707,0.075272,-0.17432,nan,-1.1083,nan,-1.1083,-1.1083,nan,-1.1083,-1.1083,-1.1083,-1.1083,-1.1083,-1.1083,-1.1083,-1.1083,-1.1083,-1.1083,-1.1083,-1.1083,-1.1083,-1.1083,-1.1083,nan,-1.1083,nan,-1.1083,-1.1083,nan,nan,-1.1083,nan,-1.1083
8.0,-0.47678000000000004,-0.39844,nan,0.013638999999999998,0.27043,0.46065,0.6460600000000001,0.88128,nan,nan,nan,nan,1.3469,1.2556,1.1549,nan,0.85777,0.77288,0.46711,0.21335,nan,-0.2696,-0.43141,-0.49788999999999994,nan,nan,0.00076174,nan,0.49451000000000006,0.72263,0.9689200000000001,1.197,1.3752,nan,1.3098,nan,1.3257,nan,1.4916,nan,1.4465,nan,nan,1.0682,0.8411299999999999,0.5732,0.32250999999999996,0.058252,nan,-0.40015,nan,-1.0893,nan,-1.0893,-1.0893,-1.0893,-1.0893,-1.0893,-1.0893,-1.0893,-1.0893,-1.0893,-1.0893,-1.0893,-1.0893,-1.0893,nan,-1.0893,-1.0893,nan,-1.0893,nan,-1.0893,-1.0893,nan,-1.0893,nan,nan,nan,nan
5.0,-0.80961,-0.76518,-0.5346,nan,nan,nan,nan,0.9590200000000001,1.0915,1.2341,nan,1.3912,nan,1.1563,0.98767,0.84251,nan,nan,0.39441,0.097603,-0.27135,nan,-0.6116,-0.80804,nan,-0.65781,nan,nan,nan,0.54204,0.8786799999999999,1.2522,1.4011,1.3625,nan,nan,1.2691,nan,nan,nan,nan,1.4893,1.5632,1.3134,nan,0.58291,nan,-0.12847999999999998,-0.47013999999999995,-0.71385,nan,nan,-0.33423,nan,-0.89325,nan,-1.6195,nan,nan,nan,-1.2773,-0.9850399999999999,nan,-0.7239300000000001,-0.47161000000000003,-0.06983099999999999,0.10288,0.023844,nan,-0.60501,-0.9179200000000001,nan,-1.4413,-1.5685,-1.6607,-1.5387,-1.3034,-1.0366,nan,-0.30914
8.0,-0.47247,-0.44206000000000006,nan,-0.087858,0.13676,nan,nan,nan,nan,nan,1.4369999999999998,1.4472,nan,1.274,nan,0.92504,nan,0.36546,0.15473,-0.08893,-0.32456999999999997,nan,-0.51884,nan,-0.17488,0.055182,nan,0.53273,nan,0.99525,nan,nan,1.2183,1.3419,1.325,1.3863,1.4129,1.4406,1.4503,1.4546,nan,1.4407,1.2153,nan,0.7358600000000001,nan,nan,nan,-0.22551,-0.37879,nan,-1.0758,-1.0758,-1.0758,nan,-1.0758,nan,-1.0758,-1.0758,-1.0758,nan,-1.0758,-1.0758,-1.0758,-1.0758,-1.0758,-1.0758,-1.0758,nan,-1.0758,-1.0758,-1.0758,nan,nan,-1.0758,nan,-1.0758,nan,nan,-1.0758
8.0,-0.40796,nan,-0.17054,0.075005,nan,nan,nan,0.74884,0.91648,nan,1.2419,1.339,1.4257,1.4788,1.3206,1.1771,1.016,nan,nan,nan,0.25876,0.053999,-0.20334000000000002,nan,-0.38136,nan,nan,nan,0.22061,nan,0.75893,1.0106,1.2867,1.4584,nan,1.3811,nan,1.3885,nan,1.3824,1.456,1.462,1.3211,nan,0.85065,nan,0.31069,nan,nan,nan,-1.0979999999999999,-1.0979999999999999,nan,-1.0979999999999999,-1.0979999999999999,nan,-1.0979999999999999,-1.0979999999999999,-1.0979999999999999,nan,nan,-1.0979999999999999,-1.0979999999999999,-1.0979999999999999,nan,nan,-1.0979999999999999,-1.0979999999999999,-1.0979999999999999,-1.0979999999999999,nan,-1.0979999999999999,-1.0979999999999999,nan,-1.0979999999999999,nan,nan,-1.0979999999999999,nan,nan
8.0,-0.486,nan,nan,-0.07524700000000001,nan,nan,nan,nan,1.0656,nan,nan,1.4281,1.4108,1.2877,nan,0.9415899999999999,nan,nan,nan,0.0077501,nan,nan,-0.5018600000000001,-0.44735,-0.27638,-0.10848,nan,nan,nan,nan,nan,nan,nan,1.4886,1.4047,1.391,nan,1.4142,1.4562,nan,1.5108,1.3757,nan,nan,0.79971,nan,0.31642,nan,-0.18415,-0.39166,nan,-1.0731,-1.0731,nan,-1.0731,-1.0731,nan,nan,-1.0731,-1.0731,-1.0731,nan,nan,nan,nan,nan,-1.0731,-1.0731,-1.0731,nan,-1.0731,nan,-1.0731,-1.0731,nan,-1.0731,-1.0731,-1.0731,nan,nan
8.0,-0.45398,nan,nan,0.042835000000000005,nan,0.52361,0.7832899999999999,1.0013,nan,nan,nan,1.3945,nan,nan,nan,nan,0.9386200000000001,0.74326,nan,0.26464,nan,-0.22893000000000002,-0.42901999999999996,-0.45036000000000004,-0.35527,-0.17917,nan,0.2559,nan,0.73128,0.9647899999999999,1.1813,1.3515,1.368,nan,1.2853,nan,nan,1.3868,1.3629,nan,1.3657,1.2498,nan,0.74937,0.49975,nan,nan,-0.20268,nan,-1.0987,-1.0987,-1.0987,-1.0987,-1.0987,nan,nan,nan,-1.0987,-1.0987,-1.0987,-1.0987,nan,-1.0987,-1.0987,nan,-1.0987,-1.0987,-1.0987,nan,-1.0987,-1.0987,-1.0987,-1.0987,-1.0987,nan,-1.0987,-1.0987,-1.0987,-1.0987
8.0,-0.4225,nan,-0.19251,nan,0.26334,0.52184,0.7810699999999999,nan,nan,nan,1.4124,nan,nan,nan,1.0857,0.9323100000000001,nan,0.60738,nan,0.095071,-0.14947,-0.35616,nan,nan,-0.17865999999999999,nan,0.24575,0.48211000000000004,nan,nan,1.1766,nan,1.3344,1.3444,nan,nan,1.3269,1.3737,1.3698,nan,1.4383,1.3785,1.2364,0.97152,0.73229,0.50145,0.25605,nan,nan,-0.39526,-1.1046,-1.1046,nan,nan,nan,-1.1046,-1.1046,-1.1046,nan,nan,-1.1046,nan,-1.1046,-1.1046,-1.1046,nan,nan,-1.1046,nan,-1.1046,nan,-1.1046,-1.1046,nan,nan,nan,nan,-1.1046,-1.1046,nan
8.0,-0.43971000000000005,nan,-0.17785,nan,0.30929,0.56047,0.8613700000000001,nan,1.2959,1.3806,nan,1.3404,nan,1.1443,1.0016,0.86929,0.6613,0.5181399999999999,0.28669,0.058216,nan,-0.36793000000000003,-0.48253999999999997,-0.38799,nan,nan,0.16580999999999999,0.39045,nan,0.83254,1.0619,1.3044,1.3739,1.2863,nan,nan,1.2843,nan,1.4575,1.4635,1.5018,nan,1.2967,1.0424,0.78974,0.5201100000000001,nan,0.027306999999999998,nan,-0.32674000000000003,-1.0968,nan,nan,nan,-1.0968,-1.0968,-1.0968,nan,-1.0968,-1.0968,nan,nan,-1.0968,nan,nan,nan,-1.0968,nan,-1.0968,-1.0968,nan,-1.0968,-1.0968,nan,-1.0968,-1.0968,-1.0968,-1.0968,-1.0968,-1.0968
5.0,-1.1043,nan,-0.68066,-0.30601999999999996,nan,0.39309,nan,nan,1.1213,1.3087,nan,nan,nan,1.2577,1.1376,nan,0.83714,nan,nan,0.11155999999999999,-0.28776999999999997,nan,-0.9498,-1.1077,-1.0808,nan,-0.61917,-0.34218000000000004,0.061117,nan,0.79002,1.1389,nan,1.6628,nan,1.5471,1.409,nan,nan,nan,nan,1.3153,1.5024,1.2421,0.8337399999999999,nan,nan,-0.38031,-0.71787,-0.97598,nan,0.21989,nan,-0.43925,-0.75785,-1.175,-1.4227,-1.695,-1.6565,nan,-1.1023,nan,nan,nan,nan,-0.054139,nan,-0.48983999999999994,-0.60149,nan,-1.1905,-1.3799,-1.4902,nan,-1.3822,-1.2191,nan,-0.86313,-0.46479,-0.12065
8.0,-0.44291,-0.36461,-0.18511,nan,0.00013966,nan,0.48031999999999997,0.71082,nan,1.1859,1.2963,1.416,1.4255,nan,nan,nan,nan,0.92504,0.68984,0.44861999999999996,0.19719,nan,-0.075028,-0.35009,-0.49328999999999995,-0.43577,-0.27955,-0.074318,0.1766,0.41708999999999996,0.68291,0.92356,1.167,nan,1.3942,1.3842,nan,1.4302,1.4828,1.4505,nan,1.4745,nan,1.185,0.9307,nan,0.38565,0.089835,-0.17089000000000001,-0.3726,nan,-1.085,-1.085,-1.085,nan,-1.085,-1.085,-1.085,nan,-1.085,nan,nan,-1.085,nan,nan,nan,nan,-1.085,-1.085,-1.085,-1.085,-1.085,-1.085,-1.085,-1.085,nan,nan,nan,-1.085,-1.085
8.0,-0.47545,-0.42031999999999997,nan,0.021419999999999998,nan,nan,nan,0.8683,1.094,1.2536,1.3702,nan,1.3401,1.2428,1.072,0.9214,0.79856,0.5747800000000001,0.35144000000000003,nan,-0.06464099999999999,-0.32427,-0.51982,-0.5143300000000001,nan,nan,0.10885,nan,0.58305,nan,nan,nan,nan,1.34,nan,1.3365,1.3814,nan,nan,nan,1.4029,1.4264,nan,nan,0.83499,0.56697,nan,0.06152899999999999,nan,nan,-1.0886,-1.0886,-1.0886,-1.0886,nan,nan,-1.0886,-1.0886,-1.0886,nan,-1.0886,nan,-1.0886,nan,-1.0886,-1.0886,nan,nan,-1.0886,-1.0886,-1.0886,-1.0886,-1.0886,-1.0886,nan,-1.0886,-1.0886,-1.0886,nan,-1.0886
8.0,-0.44101999999999997,nan,nan,-0.0073453,0.22678,0.46132,0.727,nan,1.1479,1.2653,nan,nan,nan,nan,1.0824,0.9262799999999999,0.74949,0.55015,0.32793,nan,-0.034673,nan,nan,-0.52377,nan,nan,nan,0.21086,0.44337,0.6772600000000001,nan,1.1474,1.364,1.4799,nan,1.3844,1.4151,nan,1.4908,1.4864,nan,1.3896,nan,1.0389,0.80161,nan,0.29022,0.034398000000000005,nan,-0.41977,nan,-1.0767,nan,nan,-1.0767,nan,-1.0767,nan,-1.0767,-1.0767,-1.0767,-1.0767,-1.0767,-1.0767,-1.0767,nan,-1.0767,-1.0767,-1.0767,-1.0767,-1.0767,-1.0767,-1.0767,-1.0767,nan,-1.0767,nan,-1.0767,-1.0767,-1.0767
8.0,-0.46341000000000004,-0.37969,nan,nan,0.25572,0.48838000000000004,nan,nan,1.1554,1.3144,nan,nan,nan,1.2776,1.1792,1.0288,nan,0.68714,nan,0.25866,9.567e-05,-0.06284,-0.16125,-0.33418000000000003,-0.38127,-0.29938000000000003,nan,0.17375,0.42341999999999996,nan,nan,1.1603,1.3357,1.3979,nan,nan,nan,1.3863,1.4669,1.4133,1.4515,1.4517,1.2770000000000001,1.025,nan,0.52377,0.28041,0.029702,-0.22323,nan,-1.0983,-1.0983,-1.0983,-1.0983,-1.0983,-1.0983,-1.0983,-1.0983,-1.0983,-1.0983,-1.0983,-1.0983,-1.0983,-1.0983,nan,-1.0983,-1.0983,-1.0983,-1.0983,nan,-1.0983,nan,-1.0983,nan,nan,-1.0983,nan,-1.0983,nan,-1.0983
8.0,-0.44716000000000006,-0.40685,-0.22032,nan,0.2487,0.5149199999999999,nan,nan,nan,1.2991,1.411,1.4318,1.3791,nan,1.1427,0.90223,0.75242,0.49643000000000004,0.26566999999999996,-0.00034921,nan,-0.38724000000000003,nan,-0.38292,nan,0.017388,0.18867,nan,0.6629,nan,nan,nan,1.3545,1.3952,1.2990000000000002,nan,nan,1.4064,1.36,1.354,1.4128,1.3764,1.25,0.99085,0.7610600000000001,nan,0.27653,0.024095,nan,-0.37103,nan,nan,-1.0931,-1.0931,-1.0931,nan,-1.0931,nan,nan,-1.0931,-1.0931,-1.0931,-1.0931,-1.0931,nan,-1.0931,-1.0931,-1.0931,nan,-1.0931,-1.0931,nan,nan,-1.0931,nan,-1.0931,nan,nan,-1.0931,nan
8.0,-0.30156,-0.29778000000000004,-0.21345,-0.036358999999999995,0.16727,nan,0.64491,0.8887799999999999,1.1212,1.3742,nan,nan,nan,nan,1.7707,1.7076,1.5189,1.3128,1.1183,0.9136,0.63483,0.39219,0.096191,-0.066386,nan,-0.33714,-0.34574,-0.24891,-0.09618600000000001,nan,0.35547,0.60173,0.87398,nan,1.0121,1.0008,nan,0.9599200000000001,0.9540700000000001,0.9348700000000001,0.9914,0.9957,1.0315,0.9488700000000001,0.72339,nan,0.32141,0.11329000000000002,-0.070814,-0.25017,nan,nan,-1.0963,nan,-1.0963,nan,nan,nan,-1.0963,-1.0963,nan,-1.0963,nan,-1.0963,-1.0963,nan,nan,-1.0963,-1.0963,nan,nan,-1.0963,nan,nan,nan,nan,-1.0963,-1.0963,-1.0963,nan
7.0,-0.90295,-0.86141,nan,-0.349,nan,0.33479000000000003,0.69833,0.9528200000000001,nan,1.2819,1.3528,1.3995,1.3301,1.1555,0.9088799999999999,0.80824,0.49925,0.41848,nan,nan,nan,-0.94695,-1.0298,-0.90223,-0.86469,-0.5597,nan,0.09689400000000001,nan,nan,0.9742799999999999,0.8812200000000001,nan,nan,1.5996,1.5076,1.4005,nan,1.2749,1.3732,1.5188,1.7063,1.5228,nan,0.74949,0.37356,nan,-0.33168000000000003,-0.7107899999999999,nan,nan,0.12783,-0.086409,-0.34075,nan,-0.98024,-1.2586,nan,-1.8038,-1.6758,-1.4071,-1.089,-0.79422,nan,nan,0.073181,nan,-0.20282,nan,-0.8710399999999999,-1.1136,-1.3819,-1.5423,-1.5939,-1.4725,-1.2036,-0.9271799999999999,-0.65957,nan,-0.040775
5.0,-0.8644700000000001,nan,-0.6412899999999999,nan,0.006649800000000001,nan,0.68175,0.9763799999999999,nan,1.4577,1.4897,nan,nan,nan,0.89131,nan,0.14195,-0.12028,-0.47076999999999997,-0.5535399999999999,nan,nan,nan,-0.84286,-0.63713,-0.39753,nan,0.25776,0.5816600000000001,nan,1.2295,1.3982,1.6017,nan,1.6785,nan,1.3164,1.2779,nan,1.4077,1.5476,1.2965,nan,1.0473,0.9249299999999999,0.58192,0.19276,-0.20835,nan,nan,nan,nan,nan,nan,-1.182,nan,nan,-1.4778,nan,nan,-0.96078,nan,-0.55002,nan,nan,0.1059,-0.030802,-0.28498,nan,-0.79614,-0.98679,nan,-1.3629,-1.4941,-1.4994,-1.2941,-1.0542,-0.7749199999999999,-0.5150600000000001,-0.37471
3.0,-0.6171300000000001,-0.56784,-0.38509,-0.19859000000000002,nan,nan,0.68103,0.8306600000000001,0.91095,1.1178,nan,nan,1.2832,nan,1.1498,nan,0.9389299999999999,0.82647,0.6446,nan,0.17251,-0.13689,nan,-0.65408,-0.6590699999999999,-0.53633,nan,nan,0.23178,0.53904,nan,1.1856,1.5247,1.4916,1.4903,1.3583,1.3357,nan,1.3451,1.3777,1.4685,1.4217,1.4071,1.3238,0.97698,0.5806899999999999,nan,-0.053734000000000004,-0.34226,-0.5444100000000001,-0.6159600000000001,-0.68948,-0.81605,-1.0306,nan,-1.2993,nan,-1.5199,nan,-1.276,-1.119,-0.91154,-0.7490600000000001,-0.5564600000000001,nan,-0.5154,nan,-0.79908,-1.0014,-1.1177,-1.2137,-1.4307,nan,-1.4363,nan,-1.238,nan,-0.8682700000000001,-0.6557,-0.53655
4.0,-0.9827899999999999,nan,nan,-0.41113,nan,0.23689000000000002,nan,0.77612,0.85014,1.0615,1.1967,nan,1.3584,1.3451,nan,1.0267,nan,0.76022,nan,0.39181,0.043047,-0.34229,-0.6620699999999999,-0.8830100000000001,-1.0253,nan,nan,-0.26843,0.045396,0.38397,0.78599,1.13,nan,nan,1.3933,nan,1.2598,nan,1.3472,nan,1.4769,nan,1.6221,1.2414,nan,0.43323999999999996,0.078526,-0.25794,-0.62808,-0.8901399999999999,nan,-0.10929000000000001,nan,-0.5615100000000001,-0.77712,-1.1533,-1.2268,-1.5189,nan,-1.6231,-1.3268,nan,-0.72347,-0.42539,-0.23092,-0.016319999999999998,-0.17868,-0.4062,nan,-0.82153,-1.1149,-1.4549,-1.6603,-1.6643,-1.411,-1.1577,-0.8035899999999999,-0.60482,nan,nan
8.0,-0.5012300000000001,-0.42423,-0.21165,nan,nan,0.43535,0.61845,0.79043,1.0321,1.1875,nan,nan,1.3571,nan,nan,0.90385,0.7116600000000001,0.43318999999999996,0.24274,-0.0094316,-0.22621999999999998,nan,nan,-0.40257,-0.21816999999999998,nan,nan,0.4811,nan,0.96877,1.213,1.3615,nan,nan,nan,1.3561,nan,1.4384,nan,1.4341,1.5179,1.4094,1.2590000000000001,1.0144,0.76988,nan,nan,-0.010419,nan,-0.41031000000000006,-1.0836,-1.0836,-1.0836,nan,-1.0836,-1.0836,nan,-1.0836,-1.0836,nan,nan,nan,-1.0836,nan,nan,-1.0836,-1.0836,-1.0836,nan,-1.0836,-1.0836,-1.0836,nan,nan,nan,-1.0836,-1.0836,-1.0836,nan,-1.0836
3.0,-0.85846,nan,nan,nan,nan,0.1314,nan,nan,nan,nan,1.2088,1.3077,1.2,nan,0.94721,nan,nan,0.66405,nan,0.1577,-0.18231,nan,-0.64866,nan,-0.73051,-0.50676,nan,0.13004000000000002,0.44647,0.78463,nan,1.4836,nan,1.8076,nan,nan,1.2236,nan,1.2855,1.3034,1.4481,1.6857,1.7185,nan,1.0273,nan,nan,nan,nan,nan,nan,-0.37504,nan,-0.75352,nan,-1.2927,-1.3939,nan,-1.5038,nan,nan,nan,nan,nan,-0.31306,nan,-0.50283,-0.74542,-0.8134899999999999,-1.1293,-1.2602,-1.3139,-1.3559999999999999,-1.3568,nan,-1.2798,nan,nan,-0.7328399999999999,nan
8.0,-0.43858,nan,-0.24465,-0.038294,0.1987,nan,0.6971,0.94104,1.1393,1.3271,nan,1.4291,1.3848,1.304,1.1839,nan,0.85762,nan,0.53694,nan,0.044907,-0.19039,-0.4256,-0.50729,nan,nan,-0.079109,nan,0.39807,0.6380399999999999,0.87808,nan,1.3193,1.3879,1.3303,nan,nan,1.3993,1.3896,nan,1.3151,nan,1.3319,1.1728,0.9151100000000001,nan,0.36196,0.11463,-0.11008,-0.33676999999999996,-1.0911,-1.0911,-1.0911,-1.0911,-1.0911,-1.0911,-1.0911,nan,nan,nan,-1.0911,nan,nan,-1.0911,-1.0911,nan,nan,-1.0911,-1.0911,nan,nan,-1.0911,nan,nan,nan,nan,-1.0911,-1.0911,-1.0911,-1.0911
5.0,-0.8573700000000001,nan,-0.5516800000000001,nan,0.08265,0.30493000000000003,0.52368,0.7926300000000001,1.0716,nan,1.375,1.4093,nan,1.2329,1.0761,0.8636,nan,0.5375300000000001,0.20139,nan,nan,nan,-0.81428,-0.9014700000000001,-0.74716,nan,-0.25445,nan,0.42238000000000003,nan,nan,nan,nan,1.6066,nan,1.2912,1.3462,1.4316,nan,1.4791,1.7346,1.7056,1.3113,0.93419,0.58959,nan,nan,-0.32427,-0.6423300000000001,-0.83557,-0.25906999999999997,-0.3378,nan,nan,-0.8905799999999999,-1.1988,-1.4021,nan,nan,-1.4046,-1.1778,-0.93315,nan,-0.44088999999999995,-0.29177,-0.12565,-0.077823,nan,nan,nan,-1.1578,-1.3077,-1.4914,-1.4917,-1.4483,-1.3121,-1.0765,-0.79992,-0.50539,nan
8.0,-0.45595,-0.37568,nan,0.053545,0.27929,0.5320600000000001,0.67481,nan,1.1584,1.2556,1.3339,nan,1.2412,1.1556,1.018,nan,nan,0.44997,nan,0.21681,-0.050629,-0.29391999999999996,nan,-0.40671999999999997,nan,nan,0.15282,nan,0.65015,0.88645,1.1266,nan,1.4716,nan,nan,1.2886,nan,1.3201,nan,nan,1.4931,nan,1.3297,nan,nan,0.5595600000000001,0.32026,nan,-0.16699999999999998,nan,-1.1024,nan,-1.1024,nan,nan,-1.1024,-1.1024,-1.1024,nan,nan,-1.1024,-1.1024,-1.1024,nan,-1.1024,-1.1024,nan,nan,-1.1024,nan,-1.1024,nan,-1.1024,-1.1024,nan,-1.1024,nan,-1.1024,-1.1024,nan
8.0,-0.38489,-0.35495,-0.21089000000000002,0.030585,nan,nan,nan,0.76557,nan,nan,1.3212,1.3967,1.4073,1.3317,1.1819,1.051,nan,0.6994600000000001,0.43468999999999997,nan,0.16882,-0.0076667,nan,nan,-0.4073,-0.28431,-0.081121,nan,nan,0.6512899999999999,0.90553,1.1651,nan,1.4435,nan,1.3384,1.3446,nan,1.3922,nan,1.3964,1.4144,1.3261,nan,0.8838799999999999,0.62947,0.39389,nan,-0.10862999999999999,-0.28804,nan,-1.1083,-1.1083,-1.1083,-1.1083,nan,-1.1083,nan,-1.1083,nan,nan,nan,-1.1083,-1.1083,-1.1083,-1.1083,nan,-1.1083,nan,-1.1083,-1.1083,-1.1083,nan,nan,-1.1083,-1.1083,-1.1083,nan,nan,nan
5.0,-0.9047200000000001,-0.73607,nan,-0.22407,-0.13828,nan,0.20024,nan,nan,1.0314,1.2054,1.4218,nan,1.5468,1.4971,1.3461,1.1686,nan,0.83606,0.54552,0.29893000000000003,0.015198,-0.35386,-0.64698,nan,-0.88594,-0.8387899999999999,nan,-0.43145,nan,nan,0.47293999999999997,nan,nan,1.4918,1.6665,nan,nan,nan,nan,1.5599,1.6635,nan,1.3235,nan,0.61398,0.24229,-0.14865,-0.53127,-0.7641899999999999,-0.10768,nan,nan,-0.64358,-0.9012100000000001,nan,-1.2235,-1.4822,-1.5351,-1.3703,-1.1525,-0.92184,nan,-0.43723,nan,nan,nan,nan,-0.84229,-1.0024,-1.1982,nan,nan,-1.4373,nan,nan,nan,nan,nan,-0.25032
6.0,-0.9811,nan,-0.61942,nan,-0.045866000000000004,nan,nan,nan,1.0577,nan,nan,nan,nan,nan,1.161,1.0376,nan,0.70421,0.38853000000000004,0.077682,-0.26089,nan,nan,-0.97214,-0.85685,nan,nan,-0.068845,0.25225,nan,0.9522299999999999,1.2361,nan,nan,nan,1.3608,1.3112,nan,1.3241,nan,nan,nan,1.3403,nan,0.7154699999999999,0.33436,nan,-0.32574000000000003,-0.62953,-0.89415,0.0099417,nan,0.081586,nan,-0.52764,-0.82783,-1.1082,nan,-1.7915,-1.8239,-1.5569,nan,nan,-0.62244,-0.41416000000000003,nan,nan,-0.14679,nan,nan,nan,-1.3226,-1.5378,-1.681,-1.6129,nan,nan,nan,-0.44956,-0.15065
8.0,-0.39338,-0.30691,-0.20402,nan,0.30768,nan,0.79286,nan,1.1553,nan,1.3621,1.337,nan,1.2598,1.1424,1.0009,0.8332200000000001,nan,nan,nan,-0.048304,nan,-0.37566,-0.42888000000000004,-0.2693,-0.08132400000000001,0.11571,nan,0.59127,0.82873,1.0727,nan,nan,1.3204,nan,1.2499,1.3365,nan,nan,1.3545,1.4424,nan,1.2433,0.9946200000000001,0.75773,nan,0.2849,0.058127,-0.15606,nan,-1.1092,-1.1092,-1.1092,nan,-1.1092,-1.1092,-1.1092,nan,nan,nan,nan,-1.1092,-1.1092,nan,-1.1092,-1.1092,-1.1092,-1.1092,nan,nan,nan,-1.1092,nan,nan,-1.1092,-1.1092,-1.1092,-1.1092,-1.1092,-1.1092
8.0,-0.39605999999999997,-0.34410999999999997,-0.20606,-0.029827999999999997,nan,nan,0.64973,0.8531,1.1041,1.2374,1.3464,1.4138,nan,nan,1.2648,nan,nan,0.71419,nan,nan,0.09183999999999999,-0.17945999999999998,nan,-0.41603,nan,nan,nan,0.16472,0.40996000000000005,0.67173,nan,nan,nan,1.3674,1.3571,nan,1.3341,nan,1.4243,1.3978,nan,1.4613,nan,1.0157,0.78132,nan,0.23956,-0.0071227,nan,-0.36638000000000004,-1.0948,-1.0948,nan,nan,nan,nan,-1.0948,nan,-1.0948,-1.0948,nan,-1.0948,-1.0948,-1.0948,nan,nan,nan,-1.0948,nan,-1.0948,-1.0948,-1.0948,-1.0948,-1.0948,nan,-1.0948,nan,nan,-1.0948,-1.0948
3.0,-0.84011,nan,-0.38528,nan,0.15556,nan,0.6287699999999999,nan,0.8645299999999999,nan,nan,nan,nan,0.82995,0.78804,0.83245,0.54785,0.3,-0.027567,nan,nan,nan,nan,nan,nan,nan,0.36343000000000003,0.7134,nan,1.5266,1.5067,1.2241,0.9327200000000001,0.91684,nan,nan,nan,1.6203,1.8614,nan,1.9917,nan,nan,1.102,0.74766,0.33329000000000003,-0.015557,nan,nan,-0.83229,-0.14412,-0.29815,-0.41776,-0.7288,-0.92724,-1.2524,-1.5171,nan,nan,-1.389,-1.1261,nan,nan,nan,-0.19868,nan,-0.43951999999999997,-0.66867,-0.88766,nan,-1.2144,nan,-1.4627,nan,-1.3459999999999999,-1.2118,nan,nan,-0.52858,nan
8.0,-0.4709,-0.39393,-0.17887999999999998,0.031037000000000002,nan,nan,0.69414,nan,nan,1.3734,1.4168,1.4237,1.3683,1.2304,1.0684,0.92963,0.77431,nan,0.31649,0.11897999999999999,-0.11267,-0.34849,nan,-0.4464,-0.35201,-0.16856,nan,0.28361,0.53605,0.77764,1.0148,1.3012,1.3685,nan,1.3174,1.3411,nan,nan,1.4525,1.4692,1.4634,1.3662,nan,0.99984,nan,nan,0.28113,0.024943,-0.19805,nan,nan,-1.084,nan,nan,nan,nan,-1.084,-1.084,nan,-1.084,nan,-1.084,nan,nan,nan,nan,-1.084,nan,-1.084,nan,-1.084,nan,nan,nan,nan,-1.084,nan,-1.084,nan,nan
4.0,-0.8397,nan,-0.64256,-0.3291,nan,nan,0.65371,0.76562,nan,1.256,nan,nan,1.2936,nan,nan,1.0051,nan,0.578,0.30795,nan,nan,nan,nan,-0.55957,-0.67882,nan,nan,-0.44791000000000003,-0.16178,nan,nan,0.9106,1.2777,1.5669,nan,nan,nan,1.3568,1.2505,1.3542,nan,1.3026,nan,1.5342,1.1814,0.78005,0.40844,-0.029632,nan,-0.66299,nan,-0.22,nan,-0.6439,-0.9555,nan,-1.504,-1.6219,-1.6203,nan,-1.1697,-0.91784,nan,-0.48749,-0.25224,-0.080512,nan,-0.53518,-0.7131,nan,nan,-1.4479,-1.5561,nan,-1.3637,nan,-0.8893,-0.59251,-0.36549,nan
5.0,-0.97164,-0.8805200000000001,nan,-0.20242000000000002,0.16030999999999998,nan,0.67862,0.82044,nan,1.0045,nan,1.0585,0.86664,nan,nan,0.6188100000000001,nan,0.34375,0.10422999999999999,nan,-0.36508,-0.6521,nan,-0.8589600000000001,nan,-0.3552,nan,nan,nan,nan,1.3793,1.6832,nan,nan,nan,0.93648,nan,1.1618,1.2827,nan,nan,1.7803,nan,1.315,nan,0.48436,0.11504,-0.29833000000000004,-0.62044,-0.8553799999999999,0.16747,0.11168,-0.17262,-0.58412,nan,nan,nan,nan,-1.7105,-1.5737,-1.2665,-1.0289,nan,-0.38113,-0.038314999999999995,0.23115,nan,nan,-0.45111,nan,nan,-1.6232,nan,nan,nan,-1.3015,-1.0209,-0.70582,-0.30262,0.040763
4.0,-0.8729100000000001,-0.7442,-0.4863,-0.26156999999999997,nan,nan,0.5508,0.94634,1.2654,nan,1.4135,1.5079,1.3719,nan,nan,1.0573,0.8354799999999999,nan,nan,0.28355,nan,nan,nan,nan,-0.9393299999999999,nan,nan,nan,-0.28300000000000003,0.086574,nan,0.84839,nan,1.5321,1.4514,1.5098,1.4609999999999999,1.3167,nan,1.4065,nan,nan,nan,nan,0.85183,0.4361,0.037947,-0.22229000000000002,-0.60265,-0.84949,0.10086,0.048387,-0.19942000000000001,-0.38259,-0.6214,-0.9269,nan,nan,nan,-1.6247,-1.4277,-1.1327,nan,-0.5828,-0.35093,nan,nan,nan,-0.49818,-0.81914,nan,-1.4576,-1.6192,-1.7081,-1.4762,nan,nan,nan,-0.4273,nan
8.0,-0.46299999999999997,nan,nan,nan,0.21026999999999998,0.45778,0.70149,nan,1.1094,nan,1.3845,1.4147,1.3277,nan,nan,0.9933299999999999,0.77767,0.57411,0.31772,0.04063,-0.18729,-0.35829,nan,-0.42382,nan,-0.08268400000000001,0.1143,0.34631999999999996,0.58506,0.81966,1.0589,1.2748,1.3329,1.3667,1.3311,nan,1.3419,nan,nan,nan,1.3857,1.4224,nan,1.1442,0.8861399999999999,0.61223,0.34043,0.06258899999999999,nan,-0.33778,-1.0921,-1.0921,-1.0921,nan,nan,nan,nan,-1.0921,-1.0921,-1.0921,nan,-1.0921,nan,-1.0921,-1.0921,nan,nan,-1.0921,nan,-1.0921,nan,nan,-1.0921,-1.0921,-1.0921,nan,-1.0921,-1.0921,nan,-1.0921
5.0,-1.014,-0.92774,-0.66762,-0.37834,nan,nan,0.34429,0.49811000000000005,0.8114899999999999,1.1007,1.3516,1.4668,nan,nan,nan,1.3483,1.2372,1.0146,nan,0.45101,0.21159,nan,-0.2823,nan,nan,-0.96606,-1.048,nan,-0.58214,-0.28968,0.06018099999999999,0.38067,0.70644,nan,1.3955,nan,1.6063,nan,nan,1.5033,1.5659,1.6284,nan,1.3502,0.9768,0.556,0.21627,nan,-0.57012,-0.88775,-0.24543,-0.25314000000000003,nan,nan,-0.8479200000000001,-1.0981,-1.3695,nan,-1.4616,-1.2913,nan,-0.83293,-0.6090899999999999,nan,-0.23221999999999998,-0.089551,-0.25438,nan,nan,-0.9928,-1.2376,nan,nan,nan,nan,-0.9965200000000001,-0.75634,nan,-0.28336999999999996,-0.1566
5.0,-0.92745,-0.89545,-0.65042,nan,nan,0.13845,0.46628000000000003,nan,nan,1.2123,1.2787,nan,1.3099,1.2088,1.1426,0.9262299999999999,nan,0.43158,0.12639,-0.17377,-0.54345,nan,nan,-0.86674,-0.67642,-0.41398999999999997,-0.14128,nan,0.5311,0.83683,1.1847,1.3989,1.4211,1.4286,1.4443,nan,nan,1.3709,1.5348,1.5119,1.4794,nan,1.3751,0.9873700000000001,0.67456,0.31969000000000003,0.0066087,-0.35501,-0.60588,nan,0.072501,0.10137,nan,-0.47939,nan,-1.1409,-1.4096,nan,-1.8274,-1.6251,nan,-1.0759,-0.8192299999999999,-0.48118,nan,0.061636,0.044014,-0.073662,-0.45182,-0.76669,nan,-1.3714,nan,-1.6567,-1.4944,-1.226,-0.99669,-0.65599,-0.30015,nan
5.0,-0.99905,-0.9274100000000001,-0.6973,nan,nan,0.19016,0.5502,0.97424,1.1379,1.341,nan,nan,nan,1.2807,1.1034,0.8286399999999999,0.62231,0.45874,0.084241,-0.16299,-0.5111600000000001,-0.79135,-0.99608,-1.0338,nan,nan,nan,nan,nan,0.7155600000000001,1.0413,nan,nan,1.5988,nan,1.3153,1.4318,1.5255,1.5585,1.3953,nan,nan,1.3557,0.9547399999999999,0.5796600000000001,nan,-0.13618,nan,nan,nan,-0.027082,-0.019611,-0.20706999999999998,-0.62158,-0.96159,-1.1101,nan,nan,-1.4878,nan,nan,nan,-0.71219,nan,-0.017385,nan,-0.14365,nan,nan,-0.97796,-1.288,-1.4528,-1.5355,nan,nan,nan,nan,-0.60621,nan,-0.10211
5.0,-0.97111,-0.89517,-0.6783100000000001,-0.46735,nan,0.19305999999999998,nan,0.8434,1.0057,1.1627,1.3212,nan,nan,nan,1.3112,nan,nan,0.82196,0.60306,0.34904,0.035373,-0.28048,-0.63321,-0.86585,-0.97154,nan,nan,-0.42713999999999996,nan,0.21393,nan,0.8577,1.2035,nan,nan,1.4408,nan,nan,1.4483,nan,nan,nan,nan,nan,0.78865,nan,nan,-0.36075,nan,-0.87041,nan,0.019119999999999998,nan,-0.55603,-0.787,-1.0527,nan,-1.6076,nan,-1.4880000000000002,-1.2821,-0.99882,nan,nan,-0.17046,nan,nan,nan,-0.57271,nan,nan,-1.4077,-1.5415,nan,-1.4846,-1.2275,-0.94835,-0.6450899999999999,-0.3502,-0.12050999999999999
4.0,-0.86745,nan,nan,-0.22776999999999997,nan,0.37201999999999996,nan,nan,0.9509700000000001,1.2201,nan,nan,1.3876,nan,1.286,1.1675,1.008,nan,nan,nan,nan,-0.19924,-0.50622,nan,-0.9052100000000001,-0.9033,nan,nan,-0.07585399999999999,0.26465,0.6157,0.9248799999999999,1.2708,1.5047,nan,1.3694,1.4174,nan,1.3787,1.3235,nan,1.4192,1.3572,nan,0.8507399999999999,nan,nan,-0.21484,nan,-0.76884,nan,nan,nan,-0.35223000000000004,nan,-0.89145,nan,-1.3995,-1.6252,-1.8965,nan,-1.3944,-1.1397,nan,-0.7077399999999999,-0.44536000000000003,nan,nan,nan,-0.68029,-0.9720799999999999,-1.3251,nan,nan,-1.5430000000000001,nan,-1.0224,nan,nan,-0.057989
3.0,-0.8291200000000001,nan,nan,nan,0.068886,nan,0.6835600000000001,0.87865,nan,1.1803,1.3707,1.5048,nan,1.2537,nan,0.92917,0.7086899999999999,0.61655,0.47456000000000004,0.19927,-0.058138,-0.19618,nan,-0.77774,-0.80703,nan,-0.53458,nan,0.082868,0.41784,nan,nan,1.4304,1.5206,1.5630000000000002,nan,1.3499,nan,1.4552,1.5981,nan,1.6219999999999999,1.6144,nan,nan,nan,0.14987999999999999,nan,-0.54262,nan,nan,nan,-0.56129,-0.74892,-0.9279799999999999,-1.2403,nan,-1.5492,nan,nan,-1.1809,-0.9610299999999999,-0.69616,-0.57593,-0.41348999999999997,nan,-0.41803999999999997,-0.54955,nan,nan,nan,-1.3084,-1.4464,nan,-1.3959,-1.2384,nan,nan,-0.57257,-0.41158
7.0,-0.9432799999999999,-0.83975,-0.6453899999999999,-0.3605,-0.11535,0.21248000000000003,nan,0.8355799999999999,1.0411,1.2063,1.3454,nan,nan,1.4713,1.4076,1.1489,0.90433,0.74102,0.51755,0.27376,-0.067607,-0.3801,nan,-0.8977799999999999,nan,nan,-0.6816300000000001,nan,nan,nan,0.59009,0.93368,1.2590000000000001,nan,nan,1.4932,1.514,nan,1.6139,nan,1.5705,nan,1.2785,nan,0.55603,nan,nan,-0.45448,nan,-0.82199,nan,0.00017102,nan,nan,nan,-0.9952,nan,nan,-1.5914,-1.4548,-1.2077,-0.95144,nan,-0.51095,nan,-0.15911,-0.16445,nan,-0.5869800000000001,nan,-1.1572,-1.4077,nan,nan,-1.4076,-1.1693,nan,-0.67305,-0.40645,-0.18617999999999998
5.0,-0.7094699999999999,-0.5694,nan,-0.10513,nan,0.33351,0.58245,0.83135,nan,nan,nan,1.3166,nan,nan,1.2137,1.1255,0.92058,0.75784,0.60093,0.2824,0.11607,-0.18492999999999998,nan,-0.66175,-0.75146,nan,-0.49145,-0.17874,0.11893,0.46701000000000004,nan,nan,nan,1.3301,nan,1.3088,nan,1.3355,1.5019999999999998,1.5033,1.5405,nan,1.3952,0.998,0.67084,0.30179,-0.034592000000000005,-0.37551999999999996,nan,-0.77423,-0.21358000000000002,nan,nan,-0.094645,-0.45908999999999994,nan,-0.9868,-1.2691,-1.5478,-1.8594,-1.7996,nan,nan,-1.0292,nan,nan,-0.22041999999999998,-0.19267,-0.32326,-0.54445,-0.8647299999999999,-1.1835,-1.4455,nan,-1.7331,nan,-1.3307,-1.0014,-0.71545,nan
5.0,-0.7771100000000001,nan,nan,nan,nan,nan,0.5766600000000001,0.8383,nan,1.2406,1.2669,1.4257,1.3712,1.3065,1.1815,1.0266,0.83373,nan,0.5182100000000001,nan,nan,-0.23986,-0.42938000000000004,-0.67374,-0.8426100000000001,nan,-0.74574,nan,-0.20254,nan,0.47179,0.78882,1.1379,1.5014,nan,1.3129,nan,1.3586,nan,1.4934,1.5433,nan,1.518,nan,1.0007,0.6058,0.27138,-0.096881,-0.43462,nan,0.079693,nan,nan,nan,-0.69493,nan,-1.1977,nan,nan,-1.5768,nan,nan,-0.8946200000000001,-0.77313,-0.48356000000000005,nan,-0.46321,-0.58681,-0.76717,nan,-1.3578,nan,-1.6059999999999999,-1.61,nan,nan,nan,nan,-0.3153,nan
4.0,-0.9047,nan,-0.58735,-0.28010999999999997,nan,nan,0.7044699999999999,0.97331,nan,nan,1.4117,nan,nan,1.246,1.139,0.9899700000000001,nan,0.52835,nan,-0.074919,-0.49886,nan,-0.45332,nan,nan,nan,-0.56688,-0.26884,0.074975,nan,0.7481399999999999,1.1158,1.4765,1.5814,nan,nan,nan,1.4386,1.5862,nan,nan,1.5171,nan,1.1543,nan,0.43248000000000003,0.10677,-0.24516,nan,-0.80471,-0.042214999999999996,-0.098176,nan,-0.54598,nan,nan,nan,-1.5126,-1.5843,nan,-1.1695,nan,-0.5714199999999999,-0.35757,nan,nan,nan,nan,nan,nan,-1.3358,nan,-1.5642,nan,-1.3039,-1.1651,nan,nan,-0.44023999999999996,-0.21119000000000002
6.0,-1.0361,-0.95258,-0.70653,nan,-0.091052,0.14962999999999999,0.41946000000000006,nan,nan,nan,1.3023,nan,nan,nan,1.1876,nan,0.78246,0.64725,0.49391,0.18955999999999998,-0.19562000000000002,nan,-0.7933600000000001,-1.0048,nan,-0.76655,nan,-0.19927,nan,0.50298,nan,nan,1.4743,nan,1.6193,nan,1.3978,1.4028,1.4526,1.554,1.5123,1.4518,nan,1.0482,0.64075,0.26504,-0.085461,-0.49146999999999996,-0.73192,-0.9324399999999999,0.010606,0.1696,0.12961,nan,-0.58012,-0.92565,-1.2814,nan,nan,nan,-1.4232,-1.0604,-0.7299800000000001,-0.34035,nan,0.13491,nan,-0.29813,-0.63602,-0.9048299999999999,-1.1323,-1.3274,-1.4746,-1.4542,nan,nan,-1.0656,-0.81458,-0.50847,-0.19973
5.0,-0.95135,-0.84275,-0.62097,-0.33083,-0.047320999999999995,0.31175,0.58833,nan,1.0436,nan,1.3845,nan,1.3759,nan,1.1939,1.0629,0.87403,0.5189699999999999,0.23056,-0.11662,-0.43849,nan,nan,-0.85695,nan,nan,nan,nan,0.1586,0.50071,nan,nan,nan,nan,1.5162,1.4369999999999998,nan,1.4315,1.4938,1.5416,1.5755,1.5982,nan,nan,0.72724,0.3416,0.011647,nan,-0.62155,-0.87302,nan,-0.001347,-0.19897,-0.45018,-0.68234,-0.91069,-1.1936,nan,-1.6077,-1.6116,-1.4049,-1.1104,nan,-0.5424899999999999,-0.24604,nan,-0.16724,-0.37248000000000003,nan,-0.92917,-1.2181,nan,-1.5359,-1.5417,-1.431,-1.1634,-0.9126799999999999,nan,-0.35086999999999996,nan
5.0,-1.0069,nan,-0.6637,nan,-0.16462000000000002,0.13767000000000001,0.48286999999999997,0.82216,1.0377,nan,1.4401,1.5797,1.5537,1.412,nan,1.1061,0.92943,0.70873,0.52715,0.28364,-0.006962899999999999,nan,-0.67571,nan,-1.0011,nan,nan,-0.33148,-0.033116,0.31718,nan,0.94357,nan,1.4898,nan,nan,nan,1.5634,1.4695,nan,nan,1.5211,nan,1.1102,0.7429,0.40005,0.042419,-0.30708,nan,-0.87702,-0.025089,nan,-0.26525,-0.52736,-0.72573,nan,-1.3441,-1.473,-1.4998,-1.3984,-1.2208,-1.0234,-0.93511,-0.80324,-0.5071,nan,nan,nan,-0.58306,-0.8410299999999999,nan,-1.2976,-1.4655,nan,-1.4016,nan,-0.9385700000000001,-0.6291,nan,-0.15947
4.0,-0.77598,-0.7165600000000001,nan,-0.19727999999999998,0.02611,nan,0.44236000000000003,0.66514,0.91986,1.085,nan,1.3694,1.4824,1.3587,1.2129,nan,nan,0.69899,nan,nan,0.13326,-0.15145,-0.43462,nan,-0.8844200000000001,nan,nan,-0.30738000000000004,nan,nan,nan,0.9927299999999999,1.308,nan,1.6718,nan,1.3456,1.3617,1.4303,1.4667,1.5496,1.7178,nan,1.3585,0.9919899999999999,0.54109,nan,nan,-0.46571,nan,nan,nan,-0.48039,-0.59092,-0.8943700000000001,-1.1186,-1.1819,-1.4242,nan,nan,nan,-1.0517,-0.86346,-0.6727,nan,-0.38455,-0.52156,-0.71097,nan,-0.9843200000000001,nan,-1.2785,-1.4293,-1.4212,nan,nan,-1.0094,nan,-0.61064,-0.37349
4.0,-0.79411,-0.74455,nan,-0.23740999999999998,0.11802,0.42486,0.71262,nan,nan,1.2772,nan,1.4331,nan,1.2906,nan,0.76218,nan,0.31629,-0.036274,-0.29655,-0.61234,-0.63164,-0.84683,-0.8315899999999999,nan,-0.45113000000000003,nan,nan,nan,nan,1.1794,1.156,1.1641,1.4451,1.5401,1.4479,1.2866,1.2285,1.2119,1.4153,nan,nan,1.5783,1.2353,nan,nan,0.17661,nan,-0.47658,-0.72078,-0.22230999999999998,-0.29675999999999997,nan,-0.68638,-0.86913,nan,-1.3676,nan,-1.5018,nan,-1.1597,-0.8651399999999999,nan,-0.51985,-0.40911,nan,-0.4233,nan,-0.75364,nan,nan,-1.3927,-1.5009,-1.5808,nan,-1.2109999999999999,nan,nan,-0.54879,nan
7.0,-0.93727,nan,-0.6148100000000001,-0.28302,0.052006,0.32975,nan,nan,1.1191,1.3287,nan,nan,1.4685,nan,nan,nan,nan,nan,nan,nan,0.002879,-0.36958,nan,-0.93119,-0.94381,-0.92309,-0.78088,-0.46195,nan,0.24031,nan,nan,1.2649,nan,nan,nan,1.4076,nan,1.469,1.4999,1.6372,1.7586,1.5351,1.1495,nan,0.42243,nan,-0.26286,-0.63248,nan,-0.041335000000000004,nan,0.029924,nan,-0.46666,nan,-1.1541,nan,-1.6865,-1.6921,-1.4262,nan,nan,-0.56411,nan,-0.060936000000000004,nan,-0.18162999999999999,-0.49051999999999996,-0.7431399999999999,nan,-1.3073,-1.5548,-1.6517,nan,-1.2965,-1.1183,nan,-0.47776,nan
5.0,-0.7247899999999999,nan,-0.5241899999999999,-0.39292,-0.042877,0.24465,0.60812,0.8806,nan,1.2665,1.3292,nan,1.3189,1.1874,1.0733,0.9303100000000001,0.82439,0.51032,0.34457,nan,-0.1729,-0.4846,nan,-0.6792,nan,nan,-0.27033,nan,0.35044000000000003,0.67188,nan,1.3407,1.4307,1.4958,1.2939,nan,1.3584,nan,nan,1.4541,1.4696,1.5834,nan,1.0571,nan,nan,0.17801,-0.16947,-0.46998,-0.67295,nan,-0.41403,-0.59995,nan,nan,nan,nan,nan,nan,nan,-1.2704,nan,-0.71867,-0.34702,-0.16072,nan,nan,-0.34689000000000003,-0.65672,nan,nan,nan,nan,-1.5763,nan,-1.2797,-1.0944,-0.8204600000000001,nan,-0.35775999999999997
3.0,-0.6845100000000001,nan,nan,nan,nan,nan,nan,0.8789799999999999,nan,1.2076,nan,nan,nan,nan,0.68574,0.44678,0.18838,-0.16008,nan,nan,-0.56528,-0.54018,nan,nan,-0.38322,nan,0.27705,nan,0.82796,nan,nan,1.6952,1.6498,1.4691,nan,1.3419999999999999,1.2588,nan,1.5606,nan,1.797,1.7024,1.4776,1.1539,0.80801,0.41275,nan,-0.2079,-0.46848,nan,-0.46238999999999997,-0.53495,nan,-0.8718,nan,-1.1788,-1.3441,-1.483,-1.4251,nan,nan,nan,-0.8209299999999999,-0.70033,-0.56942,nan,-0.7209399999999999,-0.8562700000000001,-0.98072,-1.0877,-1.1671,nan,nan,-1.1835,nan,-1.0333,-0.9530700000000001,nan,nan,nan
3.0,-0.53999,-0.43371000000000004,-0.25535,nan,0.077722,nan,0.64735,nan,1.1287,1.1913,1.2812,nan,1.3493,nan,nan,nan,nan,nan,nan,nan,nan,nan,nan,-0.58397,nan,nan,nan,nan,0.1785,nan,0.73363,1.0739,nan,nan,1.5443,nan,1.3963,1.3053,1.2842,nan,1.4341,1.4729,1.6127,nan,nan,0.72924,nan,nan,-0.23103,-0.51072,-0.62593,nan,-0.64391,nan,nan,nan,nan,nan,-1.4238,-1.3478,nan,nan,nan,nan,-0.62969,nan,-0.7500600000000001,-0.89154,-1.0273,-1.1537,nan,-1.2963,nan,-1.3566,-1.2997,-1.2705,nan,nan,nan,-0.67848
3.0,-0.66502,-0.71858,-0.40738,nan,nan,nan,nan,0.23669,nan,0.99935,1.3664,nan,1.6807,nan,nan,nan,1.4534,1.4559,1.137,nan,nan,0.35555,nan,nan,-0.57867,-0.7297100000000001,nan,nan,-0.29695,nan,0.31016,0.61328,0.8352700000000001,0.9790000000000001,0.95335,1.1968,nan,1.3632,1.4223,nan,1.5529,nan,nan,1.2499,nan,0.52198,0.17069,-0.13139,-0.42772,nan,-0.46468000000000004,-0.51407,-0.65823,nan,nan,nan,nan,nan,-1.5131,-1.3356,-1.1363,-0.8697,-0.78727,nan,-0.60093,-0.5143300000000001,-0.66615,nan,-1.0294,nan,-1.2033,nan,-1.3538,-1.3063,nan,nan,-1.0633,nan,-0.7168399999999999,nan
4.0,-0.88892,-0.8583,-0.63045,-0.37978,-0.054676,0.28088,0.46218000000000004,0.83699,1.1858,1.3635,nan,1.5889,1.5439,1.385,1.1928,0.94237,nan,nan,-0.13632,nan,nan,-0.42657,nan,-0.8593799999999999,-0.89008,-0.70065,nan,nan,0.15434,0.47546000000000005,nan,1.1723,nan,1.5046,1.5419,1.5,1.3126,1.3523,nan,nan,1.7017,1.7376,nan,1.0531,nan,nan,0.09816699999999999,-0.30551,-0.57991,-0.81042,nan,-0.21623,nan,-0.6804,-0.84735,nan,-1.3788,-1.4145,-1.5499,-1.3433,-1.1604,nan,nan,-0.3475,-0.16462000000000002,-0.14777,-0.35414,nan,nan,nan,-1.1122,nan,nan,-1.4469,-1.3033,nan,-0.81225,nan,nan,nan
6.0,-1.0326,-1.0031,-0.78861,-0.40515,nan,0.2238,0.52582,nan,1.0646,1.3506,1.4826,1.5376,nan,1.3161,nan,nan,nan,0.528,0.24306999999999998,0.016316,nan,-0.60774,nan,nan,-0.9569200000000001,nan,-0.42718999999999996,-0.10450999999999999,nan,0.56345,nan,1.1855,1.3829,1.4345,nan,nan,1.5321,1.5106,1.5432,nan,nan,1.4404,nan,nan,0.54333,0.23535,nan,-0.41436000000000006,-0.71973,nan,nan,nan,-0.23146,nan,-0.75108,-1.0159,-1.2747,nan,nan,-1.4394,-1.2288,-0.86967,-0.66086,nan,-0.14432999999999999,-0.040585,-0.18782000000000001,-0.37992,-0.62397,-0.8255,nan,nan,-1.5576,nan,nan,-1.0655,-0.9056,-0.71851,nan,nan
5.0,-1.0095,-0.8454,nan,nan,nan,nan,0.064387,0.39766999999999997,nan,nan,1.1315,1.3306,1.4215,nan,nan,1.3048,1.1436,1.0173,0.77476,nan,0.47973999999999994,0.3628,nan,nan,-0.6835100000000001,nan,nan,-0.8388399999999999,nan,-0.25624,nan,nan,0.9004,1.2838,1.4953,1.5084,nan,nan,1.426,nan,nan,1.5283,1.5289,1.2526,0.84825,nan,nan,-0.32506999999999997,-0.67332,-0.94152,nan,0.08723600000000001,nan,-0.3767,-0.72472,-0.9978,-1.3623,-1.6611,-1.7192,-1.5591,-1.2238,-0.8841399999999999,nan,nan,0.23705,0.13430999999999998,0.068359,nan,nan,-0.82342,nan,nan,-1.6168,-1.5645,-1.4980000000000002,-1.2813,nan,-0.65168,-0.26447,-0.0060568
5.0,-0.98044,-0.8966799999999999,nan,-0.36833,nan,nan,0.22061,nan,0.82204,nan,1.2491,1.3974,1.4745,1.5273,1.4251,nan,nan,0.93819,0.6290399999999999,nan,0.14290999999999998,-0.18855999999999998,nan,-0.64558,-0.74529,-0.8951600000000001,-0.78854,nan,-0.25485,0.048960000000000004,nan,nan,nan,1.3817,1.6561,1.6227,nan,1.4904,1.4982,1.4913,nan,nan,1.4593,1.258,0.8762700000000001,nan,nan,nan,-0.5363399999999999,nan,nan,-0.31017,nan,nan,-0.95794,-1.1718,-1.3847,-1.5108,nan,nan,nan,nan,nan,nan,nan,nan,nan,-0.36233000000000004,nan,-0.84088,nan,-1.3541,nan,-1.4854,-1.3376,-1.1257,-1.0077,-0.7301300000000001,nan,-0.20656999999999998
4.0,-0.7732899999999999,-0.74363,-0.5230100000000001,-0.2412,nan,nan,0.49068999999999996,0.75921,0.97388,nan,nan,1.4005,nan,nan,1.196,nan,nan,nan,nan,nan,nan,-0.26306999999999997,-0.61088,-0.8570700000000001,-0.9448799999999999,nan,-0.64637,nan,nan,0.25104,0.58927,0.91924,nan,1.5079,1.4581,1.4183,1.2339,1.3701,1.3878,nan,1.4565,1.4935,1.5122,1.3638,nan,0.56297,0.21761,-0.13535999999999998,nan,-0.6868,nan,-0.23189,-0.39734,-0.70035,nan,nan,-1.347,nan,-1.6565,nan,-1.369,-1.0129,-0.68033,-0.34626,-0.12584,nan,-0.17612,-0.3637,-0.68205,nan,nan,nan,-1.5904,-1.6519,-1.4669,-1.2037,nan,-0.7157399999999999,-0.42700000000000005,nan
5.0,-0.9423799999999999,nan,nan,-0.33439,nan,0.29782,0.6285,0.89694,nan,1.2746,1.3341,1.4228,1.411,1.3433,nan,nan,0.90625,0.6974600000000001,0.51235,nan,0.038967,-0.19571,-0.51884,-0.7740100000000001,-0.9260200000000001,nan,-0.6215,nan,-0.03858,nan,0.64293,nan,1.3536,1.4299,1.4595,1.3966,1.355,1.4176,nan,nan,1.5733,1.5666,1.3239,1.0514,0.68325,nan,0.10687999999999999,-0.22688000000000003,-0.5566800000000001,nan,0.014293,nan,nan,nan,nan,-1.1651,-1.4424,nan,nan,-1.494,-1.2313,nan,-0.6855,nan,-0.18888,nan,nan,-0.50359,nan,-0.9940399999999999,-1.1897,-1.3767,nan,nan,nan,-1.2803,-0.99745,-0.6402899999999999,nan,-0.068927
3.0,-0.8395799999999999,-0.90317,-0.6207699999999999,-0.45108000000000004,-0.061959,nan,nan,0.79132,1.0794,nan,nan,nan,nan,nan,nan,nan,0.83896,0.7113,0.4468,nan,-0.19024000000000002,-0.5023,nan,nan,nan,-0.63276,nan,nan,0.1925,nan,0.8374799999999999,nan,nan,1.0988,1.3181,nan,nan,nan,1.4733,1.6048,nan,nan,1.5689,1.2208,nan,0.41948,nan,nan,nan,-0.92901,nan,0.01915,-0.14299,-0.3748,-0.60154,-0.82019,-1.1228,nan,nan,-1.5729,nan,-1.2483,nan,nan,nan,-0.49771000000000004,-0.65914,nan,-0.9444299999999999,-1.1428,-1.4164,-1.6178,-1.5523,-1.3874,nan,nan,-0.6795399999999999,nan,-0.21031999999999998,-0.10088
5.0,-0.98,-0.88945,-0.69384,-0.38871,nan,nan,0.59402,nan,0.98654,nan,1.334,1.4307,nan,nan,nan,nan,nan,nan,0.18357,-0.14225,-0.45251,-0.79009,nan,nan,-0.93221,nan,-0.38389,nan,nan,nan,0.8813200000000001,nan,1.5287,1.6482,nan,1.4571,1.3633,1.3859,1.4993,1.5465,nan,1.6982,1.3639,1.0378,nan,0.27365,nan,nan,nan,-0.8583,-0.078028,0.014491,-0.23865,nan,-0.78786,nan,nan,-1.4909,nan,-1.4459,nan,nan,nan,-0.3122,-0.094303,nan,nan,-0.35813,-0.66564,nan,-1.1462,-1.3346,nan,-1.5159,-1.3831,nan,-0.98031,-0.72447,-0.49626000000000003,-0.20704
5.0,-0.97251,-0.84964,-0.58398,nan,nan,nan,nan,0.89156,1.0622,nan,1.4121,1.5113,1.4778,1.4393,1.3492,1.1795,1.0347,nan,0.51725,nan,0.1615,nan,-0.48268,nan,-0.9829200000000001,nan,-0.79299,nan,-0.16541,0.17404,0.52181,0.85954,nan,1.4581,1.5215,1.3549,1.3624,nan,nan,1.5261,nan,1.6074,1.4353,1.0407,0.65053,0.26687,-0.091052,nan,-0.7520899999999999,-0.9973799999999999,-0.17794000000000001,nan,nan,-0.797,nan,nan,nan,-1.4299,-1.4326,-1.2163,-1.0053,nan,-0.70443,nan,-0.30625,-0.088768,nan,-0.16155,nan,nan,nan,nan,-1.4685,nan,-1.5644,nan,nan,-0.80457,-0.5041,nan
5.0,-0.94963,-0.9589200000000001,nan,-0.47668999999999995,-0.2632,nan,nan,0.64562,0.97564,1.2483,1.3992,nan,nan,1.412,1.337,1.1621,0.93925,0.66337,0.28213,0.049786000000000004,-0.30385,nan,-0.90599,nan,-0.9895,nan,nan,nan,-0.030188999999999997,nan,0.62355,0.97315,nan,1.5219,1.4884,1.4205,nan,1.4707,nan,1.5568,1.6587,1.5859,nan,nan,nan,0.36587,nan,-0.35391,nan,nan,0.011623999999999999,nan,-0.24285,nan,-0.78586,nan,-1.2855,-1.5473,-1.6314,nan,-1.179,nan,-0.7779,-0.4169,nan,0.0015024,-0.061825,nan,-0.58139,-0.88707,nan,-1.411,-1.4741,nan,-1.2952,nan,-0.81003,nan,nan,nan
5.0,-0.79481,-0.70601,-0.67962,-0.40565999999999997,nan,nan,nan,nan,0.8966200000000001,1.2082,1.3021,1.436,1.4092,1.3031,nan,0.9080600000000001,nan,nan,0.031521,-0.23076999999999998,-0.5162800000000001,nan,-0.73252,-0.8781,-0.76167,-0.57616,-0.32449,-0.014343999999999999,nan,nan,nan,1.2413,1.6025,nan,nan,1.4059,1.4266,nan,1.4724,nan,1.6888,1.7875,1.5545,nan,0.75868,0.44419,0.040554,nan,-0.61282,-0.67757,-0.36472,nan,nan,nan,-1.1262,-1.3822,-1.5226,nan,-1.3959,nan,nan,-0.65493,-0.37522,-0.13352,nan,0.23375,nan,nan,nan,-0.78191,-0.95704,-1.1135,-1.3159999999999998,-1.4723,-1.5158,-1.4133,nan,-0.9325200000000001,-0.66238,-0.38349
7.0,-0.90118,nan,-0.69501,-0.40223000000000003,-0.1145,0.20983000000000002,0.54727,0.88461,nan,1.3294,nan,1.511,nan,nan,1.3291,1.075,nan,0.6998300000000001,nan,0.22249000000000002,nan,nan,-0.61482,nan,-0.90843,-0.78855,nan,-0.32505,nan,nan,0.5334399999999999,nan,1.2507,1.5024,1.6055,1.5119,1.4118,nan,nan,nan,nan,nan,1.3149,0.9490299999999999,nan,0.25151999999999997,nan,-0.41898,-0.7037800000000001,nan,nan,-0.16018,-0.11134000000000001,-0.42117,-0.68328,-0.97285,-1.2726,-1.5221,nan,nan,nan,nan,nan,nan,nan,nan,nan,-0.40267,-0.6764100000000001,nan,nan,-1.3947,-1.4453,-1.4664,nan,-1.1373,nan,nan,nan,nan
4.0,-0.92614,-0.8387399999999999,-0.63134,-0.29425999999999997,0.016617,0.33678,nan,0.82526,1.0125,nan,nan,nan,nan,1.1577,0.96224,0.69484,0.35067,0.22198,0.1367,-0.21185,-0.59043,-0.8646299999999999,-1.0442,nan,-0.65685,nan,-0.0022516,0.31859,0.6534800000000001,nan,1.2304,1.6073,1.7845,1.7828,1.5282,nan,1.2574,1.3875,nan,nan,1.8996,nan,nan,nan,0.78465,0.48086,nan,nan,nan,nan,nan,-0.31456999999999996,-0.3991,-0.55843,nan,nan,nan,-1.0938,-1.2046,nan,-1.2602,-1.1306,nan,-0.8536100000000001,-0.5979,nan,-0.48975,-0.6642399999999999,nan,nan,-1.0643,-1.2244,-1.2797,nan,-1.1761,-1.1046,-1.0417,-0.92063,-0.7268899999999999,nan
7.0,-0.5273399999999999,-0.43831000000000003,-0.26453000000000004,-0.014385,nan,nan,0.76544,nan,1.19,1.3013,nan,nan,nan,nan,1.1343,1.0259,0.7839,0.50954,0.24103000000000002,-0.011507,nan,-0.39204,nan,-0.27774,nan,nan,nan,0.6106600000000001,0.7785,1.0583,nan,nan,1.4036,nan,1.3209,1.3614,1.3719999999999999,nan,1.3372,1.3826,nan,1.2396,1.0106,nan,0.6845100000000001,nan,0.18473,-0.049415,-0.27016999999999997,nan,-1.0933,nan,-1.0933,-1.0933,nan,nan,-1.0933,nan,-1.0933,nan,-1.0933,-1.0933,-1.0933,-1.0933,-1.0933,nan,nan,nan,nan,nan,-1.0933,nan,nan,-1.0933,-1.0933,nan,nan,nan,nan,nan
5.0,-0.98175,-0.8839799999999999,-0.67328,-0.68061,nan,nan,0.3736,nan,1.0553,1.2867,1.443,1.5575,nan,1.5198,1.3425,1.1325,0.82244,0.5946600000000001,nan,0.23554,nan,-0.47625,-0.72106,-0.8023,-1.0185,-0.9182,-0.7528100000000001,-0.46137,-0.1303,0.22011,0.57184,0.88692,1.2529,1.4608,1.4877,1.5491,nan,nan,1.5482,1.5745,1.6383,nan,1.5881,1.2509,0.8502200000000001,0.45919,0.062098,nan,-0.6499699999999999,-0.9656600000000001,-0.46407,-0.27111999999999997,-0.11294000000000001,-0.33125,nan,-0.7734800000000001,-0.9141799999999999,-1.2343,-1.3977,nan,-1.2466,-1.0203,-0.9244899999999999,nan,nan,-0.31906999999999996,-0.26605,-0.38795999999999997,nan,nan,-1.203,nan,nan,nan,nan,-1.024,nan,-0.53076,nan,nan
4.0,-0.66814,-0.6636,nan,-0.90436,-0.56457,nan,0.15435,nan,0.8441799999999999,nan,nan,1.4077,nan,1.4989,1.5235,1.3705,1.3583,1.1424,0.8828799999999999,0.72113,0.5675399999999999,0.22391999999999998,nan,-0.28598,-0.61795,-0.83031,-0.6875100000000001,-0.8023600000000001,nan,-0.31290999999999997,0.020615,nan,0.70613,0.9895200000000001,nan,1.473,1.4168,nan,1.4061,1.4196,nan,1.5082,nan,nan,1.1075,0.72745,nan,-0.028064999999999996,nan,-0.5746100000000001,-0.11775999999999999,-0.010256,-0.047494,-0.36704000000000003,-0.55237,-0.82616,-1.048,-1.2864,nan,-1.6598,-1.4759,nan,nan,-0.74175,-0.5184300000000001,-0.27881,-0.20815999999999998,nan,-0.55248,nan,-1.0115,-1.3188,nan,-1.5487,-1.4729,nan,nan,-0.84046,-0.58837,-0.26828
3.0,-0.7979999999999999,-0.7448600000000001,nan,-0.3197,-0.022809,nan,nan,0.93161,nan,1.2409,1.3836,1.4657,1.4304,nan,1.2522,1.0857,0.87454,0.66477,0.47831,0.32119000000000003,0.0046403,-0.33992,nan,-0.66209,-0.7636,nan,-0.46362,-0.19255999999999998,nan,0.41091000000000005,nan,1.0995,1.411,nan,1.5455,nan,1.4315,1.4469,nan,nan,1.4912,1.6312,nan,nan,nan,nan,0.14862999999999998,nan,-0.50764,-0.71986,-0.51431,-0.65472,-0.69333,nan,-0.9737899999999999,-1.1101,nan,-1.3731,-1.3461,-1.2915,-1.0884,nan,-0.75721,-0.58044,-0.47253999999999996,-0.48651000000000005,-0.6286,-0.75988,nan,-1.1340000000000001,-1.2258,-1.3348,-1.3638,-1.3523,nan,-1.053,nan,nan,nan,nan
5.0,-0.97459,-0.9093,-0.67923,-0.3806,-0.09414199999999999,0.22528,0.52431,nan,nan,nan,nan,nan,1.4506,nan,1.2435,1.1366,nan,nan,0.43223,nan,-0.12844,nan,-0.7459,-0.97745,nan,-0.83462,-0.61059,-0.30244,-0.0073443,0.33326999999999996,0.63065,0.96621,1.251,nan,1.5535,1.4489,nan,1.4856,1.6021,1.5245,1.5911,1.6151,1.4193,nan,0.73032,0.40741,0.025166,-0.30758,-0.6614800000000001,-0.90895,nan,nan,-0.28902,-0.50657,-0.81607,nan,nan,-1.5088,-1.6218,-1.4868,-1.2491,-1.0312,-0.76746,-0.50045,-0.2566,nan,nan,nan,-0.66166,-0.9232600000000001,nan,-1.3069,-1.4105,nan,-1.3273,nan,-0.91646,nan,nan,-0.17481
6.0,-0.95411,nan,nan,nan,nan,0.006910800000000001,0.35784,0.51961,0.78271,0.9936200000000001,nan,1.3219999999999998,1.3666,nan,nan,1.3579,1.3483,nan,1.0490000000000002,nan,0.67515,0.3405,0.17229,-0.10849,-0.45637,nan,-1.0378,nan,-0.71958,-0.43085,nan,0.28969,nan,1.0103,1.3746,1.3659999999999999,1.3532,1.3806,1.3806,nan,1.4129,1.5189,1.4999,1.3811,1.047,0.6252800000000001,nan,nan,-0.5069,nan,nan,nan,-0.0049851999999999995,-0.3935,-0.72075,-0.92048,nan,-1.5174,nan,-1.6184,-1.4143,nan,nan,nan,nan,0.0073,-0.12684,-0.40773000000000004,-0.62553,-0.95078,-1.1963,nan,-1.5576,-1.5371,-1.4569999999999999,-1.2062,-0.94183,-0.7439899999999999,nan,-0.1891
5.0,-0.75955,nan,-0.67582,nan,-0.1657,-0.22316,nan,nan,0.5272600000000001,0.76305,0.9889600000000001,1.1513,nan,1.3923,1.4124,1.2582,1.0644,0.9007799999999999,nan,nan,nan,-0.079714,nan,-0.69057,-0.95615,nan,-0.7534,nan,nan,0.14824,nan,nan,nan,1.5335,1.5529,1.5131,1.4253,1.321,1.4144,1.3374,1.454,nan,nan,1.4668,1.0638,0.68921,0.29959,-0.072866,-0.37056999999999995,-0.6424300000000001,nan,-0.2603,-0.54098,-0.81666,nan,-1.4199,-1.7056,-1.8099,-1.5046,-1.2137,nan,nan,-0.24893,-0.042722,0.032885000000000005,-0.31148000000000003,-0.5786100000000001,nan,-1.1599,nan,-1.6992,nan,-1.5465,-1.2614,-1.0132,nan,-0.37628,nan,0.20493000000000003,0.17386
4.0,-0.79913,-0.76159,nan,-0.27399999999999997,-0.25186,0.10692,nan,0.79108,1.2085,1.3966,1.4904,1.5314,1.465,nan,nan,nan,0.91776,0.62653,0.35731,nan,-0.1376,nan,-0.6709999999999999,-0.7620100000000001,-0.83121,nan,-0.56061,-0.32237,-0.014027000000000001,0.27638,0.6017600000000001,nan,1.2608,nan,1.4109,nan,1.2755,1.4242,1.4545,1.465,nan,1.6277,1.5030000000000001,nan,nan,0.43237,0.2089,-0.1496,nan,-0.6903199999999999,-0.29422,nan,nan,-0.75456,-0.9943200000000001,-1.263,-1.5024,-1.7152,nan,-1.3576,nan,nan,-0.52128,nan,-0.3728,-0.2829,nan,nan,-0.29801,nan,-0.9158700000000001,-1.0906,-1.3814,nan,nan,nan,-1.2146,-0.9303600000000001,-0.70916,-0.40116
5.0,-1.139,nan,nan,-0.39028,-0.13502999999999998,0.20659,0.56215,nan,1.0212,1.1366,nan,1.4068,1.511,1.3761,1.1989,1.1324,0.93173,0.57698,nan,0.13142,nan,nan,-0.67613,-0.95721,-1.0346,nan,-0.64859,-0.31312,0.051326,0.41065,nan,1.1605,1.5259,nan,1.5188,1.4141,nan,1.4488,nan,1.5493,nan,1.6628,nan,0.93173,nan,0.18342,-0.078927,nan,nan,-1.0121,-0.098608,nan,nan,nan,-0.82299,nan,-1.4319,-1.6030000000000002,nan,nan,-1.0942,nan,-0.81821,nan,nan,-0.14315999999999998,0.046747000000000004,nan,nan,nan,-0.8417899999999999,-1.2151,nan,-1.4865,-1.4477,nan,-0.9147,-0.71782,nan,-0.22483000000000003
3.0,-0.8011,-0.7125600000000001,-0.58648,-0.29239,nan,nan,0.5661,nan,0.89512,1.2355,nan,1.4262,1.3265,1.3485,nan,0.9984200000000001,0.81252,nan,nan,nan,-0.1968,nan,nan,nan,-0.70865,-0.55018,nan,-0.1178,0.19235,nan,nan,1.1797,1.5182,1.7501,nan,nan,nan,1.3093,1.3343,1.4008,nan,1.308,nan,nan,nan,0.54775,0.17432999999999998,-0.13451,-0.47978999999999994,-0.7610100000000001,nan,-0.15005,-0.3413,-0.46301000000000003,-0.7204,-0.92471,-1.1275,-1.3218,-1.4874,nan,-1.4093,-1.2883,-1.0877,-0.8842899999999999,nan,-0.47868,-0.44127,-0.58465,-0.78223,nan,-1.17,nan,-1.5683,-1.5238,-1.3948,-1.1611,-0.91086,-0.7049300000000001,-0.51446,nan
5.0,-0.81245,-0.7299100000000001,-0.48738000000000004,-0.19349,nan,0.39604,0.62816,0.8996799999999999,nan,nan,1.2809,1.3877,nan,1.4013,1.3482,1.2279,1.0784,0.8923700000000001,nan,nan,nan,0.097825,nan,-0.49936,-0.77032,-0.85275,nan,nan,-0.31348000000000004,-0.0050142,nan,nan,nan,nan,1.4395,nan,1.3301,1.4268,1.4498,1.3638,1.4380000000000002,1.5679,1.5118,1.2982,nan,nan,nan,-0.15795,-0.47317,-0.7121,-0.29516,-0.34993,-0.48423999999999995,nan,-0.96777,-1.1865,nan,nan,-1.63,nan,nan,-0.9581299999999999,-0.75738,-0.6019,nan,nan,nan,-0.34947,nan,nan,-1.1143,-1.3215,nan,nan,-1.5114,-1.3373,nan,-0.8848799999999999,nan,-0.37449
5.0,-0.86965,nan,nan,-0.26492,nan,0.29388000000000003,0.63807,0.92201,1.11,1.1832,1.2868,1.3298,nan,nan,nan,nan,nan,nan,0.36467,0.27002,-0.1034,nan,-0.76712,-0.7854800000000001,-0.8397,-0.8473200000000001,-0.66273,-0.42391999999999996,nan,0.26664,nan,0.9875,1.3306,1.5281,1.4512,1.4057,1.2634,1.3941,nan,1.3825,1.4836,1.5451,nan,nan,nan,nan,0.17715999999999998,-0.17213,-0.49305,-0.7703,0.14104,0.13295,-0.19505999999999998,-0.51904,-0.7709600000000001,nan,-1.4114,nan,nan,-1.6114,-1.3809,nan,nan,-0.45421000000000006,-0.072379,0.08298,nan,nan,-0.525,nan,nan,nan,-1.5672,-1.6232,nan,-1.3166,-0.9654299999999999,nan,-0.35294000000000003,0.036585
5.0,-0.88385,-0.8435,-0.56211,-0.2841,0.011958,0.34087,0.6508,1.0387,1.1794,1.2624,nan,1.4429,1.3433,1.219,1.054,0.83642,nan,0.44997,0.2234,-0.015849000000000002,nan,nan,nan,-0.9115200000000001,-0.8957299999999999,-0.65256,nan,nan,0.22266999999999998,0.5526399999999999,0.8830100000000001,1.2211,1.4699,1.5726,1.6131,1.4258,1.3093,1.3043,1.4153,1.3671,1.4968,1.6668,1.5755,1.1548,0.77218,nan,nan,-0.26598,-0.58819,nan,nan,nan,nan,-0.60126,-0.8497399999999999,-1.0833,-1.2315,-1.4796,nan,-1.4762,-1.2266,-0.93017,-0.72065,-0.40734000000000004,-0.2462,nan,-0.21023000000000003,-0.40886999999999996,nan,nan,-1.1805,nan,nan,-1.5697,-1.4741,-1.2278,-0.9936799999999999,nan,-0.4453,nan
4.0,-0.8804799999999999,nan,-0.50471,-0.18183,0.12886,0.36032,0.5078699999999999,nan,0.96915,1.0404,nan,nan,1.4312,1.4240000000000002,nan,1.1808,nan,0.8322799999999999,nan,0.49162,0.14053,nan,-0.4393,nan,-0.8492299999999999,-0.81234,-0.6774,nan,-0.042838,0.30738000000000004,0.70875,0.9891200000000001,nan,1.5168,nan,1.3275,1.3925,nan,1.5608,1.6306,nan,nan,1.5952,nan,nan,0.47616,0.10762999999999999,nan,-0.60496,-0.8165899999999999,nan,-0.41615,nan,-0.93209,-1.0926,-1.1802,-1.0996,-1.3492,-1.3703,-1.2033,-1.0395,-0.79503,-0.51553,nan,nan,nan,-1.0035,nan,-0.45156999999999997,-0.583,nan,-0.9529200000000001,-1.0599,nan,nan,-1.2806,-1.2162,nan,nan,-0.67004
6.0,-1.0029,nan,nan,nan,-0.36469,nan,nan,0.5260100000000001,0.93011,0.9766100000000001,nan,1.1932,nan,nan,1.2547,nan,1.0916,0.81255,0.5446,0.36008,0.21946,nan,-0.38827,-0.65473,nan,nan,-0.77773,-0.46742,nan,0.27698,0.66585,1.0597,nan,1.6168,1.5689,nan,nan,1.2871,nan,1.379,nan,nan,1.4002,nan,nan,nan,0.043807,-0.31897,nan,nan,0.16169,nan,-0.021416,nan,nan,nan,-1.3616,nan,-1.8198,-1.6617,nan,-1.0361,-0.65272,nan,nan,0.14899,nan,nan,-0.38256999999999997,-0.77507,-1.1666,nan,-1.7414,-1.7923,-1.6061,nan,nan,nan,nan,0.039403
5.0,-0.64918,-0.54352,nan,-0.41298999999999997,-0.43463,nan,nan,0.6172,0.98154,1.181,1.2968,1.4214,1.4469999999999998,1.5821,nan,1.3076,1.1840000000000002,0.97582,0.78394,0.52698,0.16485999999999998,-0.1153,-0.43818999999999997,-0.7892600000000001,nan,nan,-0.5151899999999999,-0.54401,-0.41618,-0.14562,0.19535,nan,0.87729,0.87907,1.2076,1.4825,1.3828,nan,1.4225,nan,1.4251,1.4207,nan,1.4887,nan,nan,nan,-0.083732,nan,-0.64481,nan,nan,-0.27583,nan,nan,-1.1168,-1.4802,-1.651,-1.6633,nan,nan,-1.0585,nan,-0.57088,nan,0.01291,0.039404,nan,nan,nan,-1.093,nan,nan,-1.6869,nan,nan,nan,nan,nan,-0.10683
3.0,-0.5483600000000001,-0.48391999999999996,nan,nan,0.093562,0.3528,0.75981,nan,1.0585,1.3046,1.3635,nan,1.3346,nan,nan,nan,0.59042,nan,0.24008000000000002,0.10727,-0.19985,-0.29564,-0.56953,nan,-0.64642,-0.46263000000000004,nan,nan,0.42008999999999996,nan,0.95865,1.247,nan,1.6677,1.4651,1.4036,1.3368,1.3906,1.5442,1.6479,1.6198,1.6104,nan,1.109,0.77491,nan,0.047313,-0.21028000000000002,nan,-0.50022,-0.47343,-0.61174,-0.72464,nan,nan,nan,nan,-1.1973,-1.2698,nan,-1.1063,-1.1043,-1.1358,-0.94515,-0.73001,-0.50066,-0.46508999999999995,nan,nan,nan,-1.1415,nan,-1.3528,-1.4529,nan,nan,nan,nan,nan,-0.6509699999999999
6.0,-0.9875299999999999,nan,nan,nan,nan,0.21615,nan,nan,nan,1.1703,nan,1.5002,1.5712,1.4485,1.2194,nan,0.8693799999999999,0.63216,0.34931999999999996,nan,-0.18320999999999998,-0.50864,nan,-1.0631,nan,-0.81582,nan,-0.25963,0.071485,0.40374,nan,nan,nan,1.5587,1.7118,1.5847,nan,nan,1.6032,nan,nan,nan,1.2254,0.88149,nan,nan,nan,nan,-0.74998,-0.94552,nan,-0.083838,-0.22416,nan,nan,-0.9596100000000001,-1.204,-1.4265,-1.5979,nan,-1.2514,-0.9858899999999999,-0.74152,nan,-0.2758,-0.16183,-0.28595,-0.43623,-0.6771,-0.9326399999999999,-1.188,-1.3123,nan,nan,-1.1998,-0.9789899999999999,nan,-0.57127,-0.40412,-0.18930999999999998
4.0,-0.80296,-0.6946399999999999,-0.50918,-0.34598,-0.40893,-0.077646,0.2317,nan,nan,1.0386,1.2837,nan,nan,nan,1.4615,1.3791,1.2141,nan,nan,0.71429,0.45238,nan,-0.22215,-0.52353,nan,-0.78341,-0.80929,-0.61224,-0.33226999999999995,nan,0.32526,0.68985,1.0149,1.3355,1.5021,1.5344,1.4874,1.4283,1.4636,1.4989,1.5343,1.6014,1.3988,nan,nan,0.53372,nan,-0.15866,nan,nan,nan,-0.31081,nan,-0.63647,nan,-1.0838,-1.3544,-1.5236,-1.5442,-1.3537,nan,nan,-0.66967,nan,-0.29615,-0.21056999999999998,-0.36983,-0.57384,nan,-0.95485,nan,-1.3106,-1.4498,-1.4587,-1.3776,-1.1624,nan,nan,-0.61028,nan
6.0,-0.89389,nan,nan,-0.37172,nan,0.23813,0.45083,0.75621,0.9315399999999999,nan,nan,1.3409,1.4432,1.4163,1.3801,1.2077,0.9966200000000001,nan,0.41691000000000006,nan,nan,-0.2395,-0.56298,nan,-0.9269,nan,nan,-0.41897,-0.085773,0.2634,nan,0.9742700000000001,nan,1.3763,1.4402,1.3991,1.4,nan,nan,1.507,nan,1.5977,1.5047,1.1009,0.7236199999999999,0.33251,nan,nan,-0.6882,-0.8583799999999999,nan,0.074375,nan,nan,-0.72838,-1.0139,-1.3730000000000002,-1.589,nan,-1.5243,nan,-0.93168,nan,nan,-0.086993,-0.039432,nan,-0.41376,-0.77589,-1.0116,-1.337,-1.5597,-1.6,nan,-1.2848,nan,nan,-0.64478,nan,-0.10552
6.0,-1.0054,-0.8938799999999999,-0.6454300000000001,nan,-0.076676,0.25809,nan,0.8315600000000001,nan,1.1798,1.2373,1.3739,nan,1.4139,nan,nan,nan,0.62708,nan,nan,nan,-0.44687,nan,-1.0088,-1.0575,-0.88534,nan,nan,nan,nan,0.83015,nan,nan,nan,1.4348,nan,1.3542,1.3448,1.4832,1.4602,1.6173,nan,1.337,1.0384,0.7014199999999999,0.3402,-0.02427,-0.33851,-0.66222,nan,-0.08177100000000001,-0.2273,-0.51408,nan,nan,-1.2412,nan,-1.6459,nan,-1.3605,nan,-0.73098,nan,-0.27451,nan,0.15395999999999999,0.050651999999999996,-0.18382,-0.47841000000000006,-0.76121,-1.0951,-1.296,nan,-1.6123,-1.5315,-1.2812,-0.99559,-0.72972,nan,-0.15805
4.0,-1.025,-0.87903,nan,-0.42808999999999997,-0.11425999999999999,0.26445,nan,0.76893,1.0536,1.3277,nan,nan,nan,1.2325,nan,0.82083,0.63961,nan,0.025529,-0.37965,nan,-0.72211,nan,nan,-0.83906,nan,-0.20154,0.12414000000000001,nan,nan,nan,1.4963,1.7229,nan,nan,1.4924,nan,1.4969,1.5805,nan,nan,1.4711,1.1745,nan,0.52698,nan,-0.056129,nan,-0.64478,-0.9041100000000001,-0.23692,-0.22801,nan,-0.62203,-0.8377700000000001,nan,nan,nan,-1.3884,nan,-1.1311,-0.96536,-0.75758,-0.50793,-0.27109,-0.2031,-0.2031,nan,-0.61148,-0.83967,nan,-1.253,nan,-1.3763,nan,-1.1412,nan,nan,nan,-0.31399
7.0,-0.9774700000000001,-0.8765299999999999,-0.76081,-0.43686,-0.10457000000000001,0.20867,0.5063,0.74446,1.1035,nan,1.1985,1.2083,1.1296,1.0003,0.8226399999999999,0.63013,nan,0.036779,-0.33458000000000004,nan,-0.72837,-0.91945,nan,-0.86036,nan,-0.27387,0.035945,nan,0.71855,1.0793,1.3501,nan,1.7624,nan,1.4634,nan,1.0586,1.2522,nan,1.7055,1.8129,nan,nan,1.1386,nan,0.29061,-0.030976999999999998,-0.31094,-0.6955600000000001,-0.9679700000000001,-0.053269000000000004,0.03474,nan,nan,nan,nan,nan,-1.3587,-1.5147,-1.5474,nan,-1.1317,-0.8672200000000001,-0.61455,nan,-0.15796,nan,nan,nan,-0.8317700000000001,nan,-1.2534,-1.4503,-1.4646,-1.3921,-1.2315,nan,-0.72397,-0.39738,-0.18438
7.0,-0.39714,nan,-0.18965,-0.0056245,0.19646,nan,0.64494,nan,1.0358,nan,1.2412,1.3458,1.3098,nan,1.1592,nan,nan,nan,0.56002,nan,0.21034,-0.023255,-0.23865999999999998,nan,nan,-0.22899,nan,0.19262,nan,0.60347,nan,0.9968899999999999,1.2534,1.4348,nan,1.2817,1.2685,1.296,nan,1.4231,nan,1.4615,nan,1.2657,nan,nan,nan,0.12022000000000001,-0.14824,-0.31651999999999997,-1.1128,-1.1128,-1.1128,-1.1128,-1.1128,-1.1128,-1.1128,-1.1128,-1.1128,-1.1128,-1.1128,-1.1128,-1.1128,-1.1128,-1.1128,nan,nan,nan,-1.1128,nan,-1.1128,-1.1128,-1.1128,-1.1128,nan,nan,nan,-1.1128,-1.1128,nan
3.0,-0.70349,-0.6144,nan,-0.26556,0.0405,nan,nan,0.5476,0.9138200000000001,1.0561,nan,1.3932,1.5056,1.4637,nan,1.0882,0.8389200000000001,nan,nan,nan,0.26502,nan,nan,nan,-0.76046,nan,nan,-0.018747,nan,0.65044,nan,1.0381,nan,1.4266,1.4495,nan,nan,1.3754,1.2666,1.4614,nan,nan,nan,nan,0.87031,nan,0.098381,-0.10275,-0.41045,nan,-0.52193,-0.53103,-0.71623,-0.8945200000000001,-1.0616,-1.2094,-1.2487,nan,nan,-1.4434,-1.2971,-1.0848,-0.8447399999999999,-0.59192,nan,-0.37423,-0.56807,-0.67091,nan,nan,-1.1647,-1.2828,-1.3506,-1.4586,nan,nan,-1.1186,-1.0035,nan,nan
3.0,-0.75475,nan,nan,nan,0.15245,0.53005,0.76881,nan,1.1766,nan,1.3957,1.4739,nan,nan,1.2675,1.0385,0.79702,0.57134,0.34410999999999997,nan,-0.24101,-0.29677,-0.34919,-0.63627,nan,-0.66693,nan,-0.12080999999999999,nan,nan,nan,1.1487,1.4765,nan,nan,1.4162,1.47,1.3138,nan,nan,nan,1.6207,1.4142,1.034,nan,0.3751,0.08483099999999999,nan,nan,-0.64232,-0.7904800000000001,-0.81926,-0.8537399999999999,-0.93271,nan,nan,-1.2265,nan,nan,-1.2389,-1.1011,nan,nan,-0.83099,-0.6680699999999999,nan,-0.6581,-0.79915,nan,nan,nan,-1.0989,-1.1463,-1.2216,-1.2691,-1.1059,nan,nan,nan,nan
