2.0,-1.801,nan,-1.7784,nan,nan,-1.6718,nan,nan,-1.5348,nan,nan,nan,-1.2729,nan,-1.1502,nan,nan,nan,-0.7760699999999999,-0.66591,nan,-0.43149,-0.2956,-0.24858000000000002,-0.11062000000000001,0.0017826,0.10845999999999999,nan,0.26466999999999996,0.37171,0.45202,nan,nan,nan,0.66615,0.75039,0.79287,nan,0.9094899999999999,0.95619,1.0173,1.055,1.0901,nan,nan,nan,1.2075,nan,1.2117,1.1898,nan,nan,1.2409,1.2409,1.2022,nan,nan,1.2351,1.2335,nan,1.2306,nan,nan,1.1708,1.17,1.1475,nan,1.0868,nan,nan,1.014,0.9889,0.9637,0.9000799999999999,0.84751,0.8206899999999999,0.7749699999999999,0.7663300000000001,0.7293,0.73893,nan,0.60506,0.5755600000000001,0.50269,0.46103999999999995,nan,0.34225,0.31135,0.26892,nan,nan,0.051539999999999996,nan,-0.0083019,-0.10737999999999999,nan,nan,-0.2883,-0.36243000000000003,nan,-0.49225,-0.53737,-0.60353,-0.68883,-0.75298,nan,-0.82214,-0.8659,-0.9323799999999999,-0.95736,-0.98172,nan,-1.0409,-1.0968,-1.1193,nan,-1.1558,-1.1638,nan,-1.206,nan,-1.2373,nan,nan,-1.2671,nan,-1.2652,nan,nan,-1.2271,-1.2132,nan,nan,nan,-1.1485,-1.1126,-1.1068,-1.0706,nan,-0.98362,nan,nan,-0.9052,-0.85535,-0.78693,-0.7215199999999999,-0.67884,-0.65052,-0.5851,nan,nan,-0.45335,-0.40594,-0.34493,-0.273,-0.24549,-0.19889,-0.12412000000000001,-0.06755599999999999,-0.021279,0.0077063999999999995,0.064733,0.14071,nan,nan,0.26709,0.34101,0.38085,nan,nan,0.53805,nan,nan,0.65701,0.69248,nan,0.7813399999999999,nan,nan,0.91999,nan,nan,nan,nan,nan,1.0721,nan,1.1517,1.1526,1.1537,1.1729,1.1742,nan,nan,1.2351,nan,1.3108,nan,nan,nan,1.3527,1.318,nan,1.3222,nan,1.2581,1.2456,1.1959,nan,1.1461,nan,nan,nan,0.94881,nan,0.87874,nan,nan,nan,nan,0.52227,nan,nan,0.16860999999999998,0.13815999999999998,nan,nan,-0.23013000000000003,nan,nan,-0.55096,-0.66591,nan,-0.88646,nan,-1.0314,nan,-1.2284,-1.3162,-1.3399,-1.4173,nan,-1.5515,-1.5926,nan,nan,-1.7172,nan,nan,nan,-1.801
0.0,-1.963,nan,nan,-1.9383,-1.8967,nan,nan,-1.8123,-1.7364,-1.6733,-1.6231,nan,-1.5438,nan,-1.3787,nan,-1.217,nan,nan,-0.8316,-0.7603,nan,-0.46626000000000006,-0.30638000000000004,-0.22685,nan,0.041375999999999996,0.23204,0.38729,nan,nan,0.62615,nan,0.75345,0.7800199999999999,0.8384,nan,0.9198200000000001,nan,0.98346,1.0496,nan,nan,nan,1.2977,nan,nan,nan,nan,nan,1.4449,1.4635,nan,1.4425,nan,1.5222,nan,nan,nan,1.474,1.4479,nan,1.2686,1.2195,nan,1.0849,nan,nan,nan,0.8034399999999999,0.7340300000000001,0.67427,nan,0.49093000000000003,nan,0.34117,0.29674,nan,0.24301999999999999,0.25132,0.26469000000000004,0.28407,nan,nan,nan,0.0968,nan,-0.16731,-0.28021999999999997,nan,nan,nan,nan,-0.59042,-0.57229,nan,-0.65118,-0.67648,-0.67853,-0.72291,-0.8068,-0.8262700000000001,nan,-0.84298,nan,-0.84485,-0.8225600000000001,-0.84186,nan,nan,-0.6837,nan,nan,-0.6411,-0.5726100000000001,-0.53138,nan,nan,-0.44576000000000005,-0.37146999999999997,nan,-0.31019,-0.40186,nan,-0.53822,nan,-0.67971,-0.65051,nan,-0.5513600000000001,-0.50034,-0.45871999999999996,-0.46733,-0.46493,-0.50021,nan,-0.47755,nan,-0.50958,-0.53227,nan,-0.6139,-0.6525,nan,-0.6727,-0.70216,-0.72965,nan,nan,-0.7004199999999999,nan,-0.67374,-0.63002,-0.57931,-0.57552,-0.60944,-0.54779,-0.5120600000000001,-0.48197,-0.44331000000000004,-0.4249,-0.38035,-0.32426,nan,nan,nan,nan,0.04272,nan,0.42362,nan,0.5609,0.57436,nan,nan,0.49451000000000006,nan,nan,nan,nan,0.76694,nan,nan,0.9263899999999999,0.94545,nan,1.1178,nan,1.1856,nan,1.2903,1.3202,1.3473,nan,1.4368,1.4192,nan,1.4417,nan,1.469,nan,1.474,1.474,1.4398,nan,nan,nan,1.3597,nan,1.1856,1.161,1.0884,1.0313,nan,nan,nan,0.67662,0.66052,nan,0.59248,0.5674399999999999,nan,0.43993000000000004,0.41276999999999997,0.2533,nan,-0.009039799999999999,nan,-0.1743,nan,nan,-0.61859,-0.68387,-0.81899,nan,-1.0827,nan,-1.2536,nan,-1.4456,nan,nan,-1.6553,-1.7192,-1.7509,-1.7963,nan,-1.8843,nan,-1.9239,-1.9092
1.0,-1.7746,nan,-1.7766,-1.7307,nan,-1.6574,nan,-1.6098,-1.5434,nan,-1.4556,-1.3918,nan,-1.2597,nan,nan,nan,-0.9482299999999999,nan,-0.7859,-0.68385,-0.57293,-0.4967,-0.38616,-0.25841,nan,-0.095278,nan,nan,0.20265,nan,0.36048,nan,0.52666,0.5807899999999999,0.63373,0.71462,0.73761,0.76459,0.83141,nan,nan,0.96786,1.0521,1.0985,nan,1.1705,nan,1.1626,nan,nan,nan,nan,1.2406,nan,1.2557,1.2889,nan,1.2536,1.288,nan,nan,1.321,1.2859,1.2854,nan,1.2482,1.2257,1.1626,nan,1.0953,nan,nan,0.9888399999999999,nan,0.87716,nan,nan,0.72775,0.66181,0.5975600000000001,nan,nan,0.50966,0.44018999999999997,nan,nan,0.30330999999999997,nan,nan,nan,nan,0.076166,nan,0.032005,-0.046298,nan,-0.16019,-0.24635,nan,-0.4122,-0.45779,nan,-0.62305,-0.65151,-0.7620899999999999,-0.8477299999999999,nan,nan,nan,-1.0929,nan,-1.1662,nan,-1.1546,-1.1726,-1.1813,-1.1943,-1.1663,-1.1551,-1.1359,-1.1202,-1.1283,nan,-1.1093,-1.0922,-1.0638,-1.089,-1.0868,-1.126,-1.117,-1.1061,nan,nan,nan,nan,-1.1079,nan,-1.1178,-1.0989,nan,nan,-1.0109,-0.93624,-0.89276,nan,-0.7268899999999999,nan,-0.60617,nan,-0.44238999999999995,-0.37698000000000004,-0.30894,-0.21688000000000002,-0.12497,nan,nan,0.08672,0.12895,nan,0.17255,nan,0.26256999999999997,0.29481,nan,nan,0.42336999999999997,0.44035,0.50903,nan,0.57626,nan,0.66328,0.74236,0.78897,0.83093,0.89144,nan,0.9590299999999999,nan,1.0276,nan,1.1355,nan,1.2042,1.2452,1.3019,1.3194,nan,nan,1.3376,1.3205,1.3035,nan,nan,1.3048,1.2713,1.2713,nan,1.2381,1.2217,1.1891,1.173,nan,1.1923,1.1353,nan,1.1275,nan,0.9999600000000001,0.96509,0.8916200000000001,0.88277,nan,nan,nan,nan,0.56274,nan,nan,0.35558,0.24436,0.18035,0.10311,-0.0040113,nan,nan,nan,-0.4034,nan,-0.59018,-0.71153,-0.8284100000000001,-0.9333299999999999,nan,nan,nan,nan,-1.2775,nan,-1.4076,nan,-1.4847,-1.54,-1.5902,-1.6357,-1.64,-1.6787,nan,-1.7757,-1.7893
2.0,-1.8659999999999999,-1.8419999999999999,nan,-1.8119,nan,nan,nan,-1.5826,-1.5315,-1.4936,-1.4153,nan,-1.2629,-1.1506,-1.0464,nan,-0.89875,-0.77256,-0.67161,nan,-0.42277,-0.35821,nan,-0.14184000000000002,-0.037354000000000005,nan,0.2009,nan,0.36817,nan,0.61607,nan,0.80943,0.82867,0.92148,0.98785,1.0296,nan,1.1942,1.225,nan,nan,nan,1.3389,1.3536,nan,1.4251,1.4088,1.4275,nan,nan,1.385,1.4015,nan,1.3545,1.3525,nan,1.3293,1.2653,nan,1.2212,nan,1.1359,1.1114,nan,1.0226,0.9758700000000001,nan,0.92115,0.9007,0.8730399999999999,nan,nan,nan,0.67013,0.6403800000000001,0.5522600000000001,0.51227,nan,nan,0.3675,nan,nan,0.19377,0.13101,0.10999,nan,nan,0.013085,-0.06722,nan,-0.17455,-0.21291999999999997,nan,-0.34005,-0.36675,nan,nan,-0.48827,-0.5097,-0.5565100000000001,nan,-0.6673899999999999,nan,-0.7378,-0.76085,-0.80985,nan,nan,nan,-0.9132,nan,nan,-0.9896299999999999,nan,nan,nan,nan,nan,-1.0952,-1.08,nan,nan,-1.0861,nan,nan,-1.0539,nan,-1.0517,-1.0508,nan,nan,-1.0269,-0.9949899999999999,nan,nan,-0.9599700000000001,nan,nan,-0.8974700000000001,-0.8808299999999999,-0.87941,nan,-0.8239700000000001,-0.77742,-0.75474,-0.6894100000000001,-0.6673899999999999,-0.5776,nan,-0.48100000000000004,-0.43604,nan,-0.35933000000000004,-0.30969,-0.28144,-0.20165999999999998,-0.17337,-0.092397,-0.08265800000000001,nan,0.08139199999999999,0.089111,0.1492,nan,nan,nan,0.35179,nan,nan,0.4612,0.49213,0.53279,0.63252,0.63207,nan,0.70827,0.73706,nan,0.8325899999999999,nan,0.9279200000000001,0.9955200000000001,nan,1.0276,1.0896,1.1559,1.1977,nan,nan,nan,1.2457,1.2476,1.2903,nan,nan,1.2971,1.2997,1.3024,1.3265,1.3691,1.3507,nan,1.3097,nan,1.2723,nan,1.2289,1.1728,1.1042,1.0717,0.9982,nan,nan,0.91235,0.86455,nan,0.69568,0.59285,0.53194,0.45686000000000004,0.37511,nan,nan,0.015738,-0.044183,-0.16671,-0.2717,-0.39825,nan,-0.63458,-0.69734,-0.78851,-0.90875,-1.0157,-1.1061,nan,-1.2699,-1.3427,-1.4291,nan,-1.5841,-1.6523,-1.6846,nan,nan,-1.8291,-1.8758,-1.8625,-1.8634,-1.8465
0.0,-2.0738,-2.0733,-2.0446,-2.0383,-1.959,nan,-1.8056,-1.7309999999999999,-1.7127,-1.6280000000000001,-1.558,nan,-1.3616,-1.3062,nan,nan,nan,nan,-0.8176399999999999,nan,nan,-0.40404,-0.32737,-0.19952999999999999,nan,0.018063,0.10095,nan,0.15057,nan,nan,nan,nan,nan,0.6088899999999999,0.7269800000000001,0.88807,0.97536,1.0852,1.1548,1.2192,1.2984,nan,nan,nan,1.4496,1.4327,1.5121,1.5532,nan,nan,nan,1.5316,nan,nan,1.393,1.3331,1.3115,1.206,1.176,1.1122,1.0617,0.99669,nan,nan,0.7369100000000001,nan,nan,0.44758000000000003,0.36179,0.36091,0.29504,0.33785,nan,nan,nan,0.4395,0.33074000000000003,0.23033,0.031435000000000005,nan,-0.25311999999999996,-0.3746,-0.46653,-0.60463,-0.61846,nan,-0.6944,-0.70344,-0.77513,nan,nan,nan,-0.91755,nan,nan,-1.0045,-0.9491,nan,nan,nan,-0.7580100000000001,nan,-0.5302600000000001,nan,-0.40560999999999997,-0.33757,-0.29963,nan,-0.28091,-0.20817,nan,-0.047785,nan,nan,0.08843,0.09241100000000001,nan,-0.080294,nan,-0.19524,-0.09489,0.0021605,0.041698,nan,0.18045999999999998,0.093261,-0.092713,-0.06831,0.041947000000000005,nan,nan,nan,0.036598,nan,nan,-0.007501000000000001,nan,-0.08205599999999999,-0.13136,-0.25645999999999997,nan,-0.43123999999999996,nan,-0.53515,-0.56455,nan,-0.7698699999999999,nan,nan,nan,-1.0014,nan,nan,nan,nan,nan,nan,-0.7297899999999999,-0.73131,-0.68982,-0.57649,-0.5371199999999999,nan,nan,-0.21108000000000002,-0.15433,-0.056139999999999995,0.11497,nan,nan,0.63502,0.7379,0.7159,nan,0.6203,nan,nan,0.61687,0.5464,0.63062,nan,0.7508600000000001,nan,0.9933299999999999,nan,nan,1.2214,1.2847,1.3198,nan,1.3894,1.4423,nan,1.6109,nan,1.6562,nan,nan,1.5883,1.544,nan,nan,nan,1.6308,nan,1.5054,nan,1.3825,1.3218,1.2422,1.0762,0.92948,nan,0.65162,nan,nan,0.40662,nan,0.32316,0.29125,0.23271,0.14178,0.083143,-0.004183699999999999,nan,-0.17007,nan,-0.39416999999999996,-0.57,-0.64499,-0.76294,-0.88116,-0.98501,-1.068,-1.1205,-1.2351,-1.3461,-1.4579,-1.5292,-1.6076,-1.6789,nan,nan,-1.8581,-1.8861,-1.9512,-2.0129,nan,-2.0734,-2.0753
1.0,-1.7463,-1.7413,-1.7227,nan,-1.6772,nan,nan,-1.5512,-1.474,nan,nan,-1.3371,nan,nan,-1.1225,nan,nan,-0.9301799999999999,-0.8502799999999999,nan,nan,-0.57796,-0.51454,-0.40571,-0.27575,nan,-0.12209,nan,nan,nan,nan,nan,nan,nan,0.55048,nan,0.67715,nan,0.84626,0.91361,nan,nan,nan,nan,1.2231,1.2238,nan,1.3454,1.3806,1.4126,1.4365,1.4497,nan,1.4723,nan,nan,1.5266,1.505,nan,nan,1.4048,nan,nan,1.3304,nan,nan,1.1993,nan,nan,nan,0.943,nan,nan,nan,0.6996600000000001,nan,nan,nan,nan,nan,0.39545,nan,0.397,0.36351,nan,0.31411,0.27646,nan,nan,nan,0.15112,nan,0.050584,-0.031945999999999995,nan,nan,-0.2697,nan,-0.42201000000000005,-0.45185,-0.53595,nan,-0.66977,-0.7709199999999999,-0.81571,-0.8981299999999999,-0.98031,-1.0153,-1.016,-1.0266,-1.0099,nan,-0.98283,-1.0139,nan,-0.9642,nan,-0.9198700000000001,-0.89681,-0.87045,-0.83734,-0.8436299999999999,-0.8462200000000001,-0.81124,nan,nan,nan,nan,-0.82314,nan,-0.87729,-0.93122,-0.92571,-0.97844,-0.99493,nan,nan,nan,-1.0776,nan,nan,-1.0617,-1.0153,-0.9681299999999999,nan,-0.83524,-0.75061,-0.64946,-0.5983,-0.51563,nan,nan,-0.25906,nan,nan,nan,nan,nan,0.12130999999999999,0.18892,0.18288,0.19465,0.2765,nan,0.32227,0.3411,0.38065,0.4138,0.45503999999999994,nan,nan,0.58023,nan,0.66895,0.71603,0.8043,nan,nan,nan,1.062,nan,1.1326,1.1923,nan,nan,1.3126,nan,1.3864,1.4435,nan,1.4594,1.4819,1.486,1.4485,1.4688,1.452,1.4337,1.3975,nan,nan,nan,nan,1.2204,nan,nan,1.1088,1.0434,0.9997799999999999,nan,nan,0.85655,0.75205,0.69485,nan,0.57811,0.50993,0.39952,nan,0.2316,0.2092,nan,nan,-0.049623,nan,nan,-0.35602,nan,nan,-0.61785,-0.7419,nan,-0.8898799999999999,-0.94678,nan,nan,nan,-1.234,-1.2774,nan,-1.4468,-1.4815,-1.5471,-1.6071,-1.6351,nan,-1.6913,-1.7169,-1.7407,-1.7434,-1.7627,nan
2.0,-1.9828,-1.9789,nan,-1.8914,-1.8409,-1.7853,nan,-1.692,-1.6046,-1.5488,-1.4856,-1.3993,nan,-1.2314,-1.1241,-1.0301,nan,nan,-0.74271,nan,nan,nan,nan,nan,-0.072404,nan,0.20575,nan,nan,0.43133,nan,nan,nan,nan,0.8052,nan,nan,nan,nan,1.1167,1.1331,1.1658,nan,nan,1.2662,1.2634,nan,1.1956,1.1508,1.1248,1.081,nan,1.0422,1.0388,1.058,nan,1.0744,1.094,1.0717,nan,nan,1.156,nan,1.1985,nan,1.196,nan,1.1069,nan,1.023,nan,0.9562200000000001,0.91575,nan,nan,nan,0.67389,0.6055699999999999,0.48005,0.42891999999999997,0.39716,0.36106,nan,0.29046,0.21616999999999997,nan,0.08898500000000001,0.052212,0.071655,nan,nan,nan,0.22116,0.24538000000000001,0.26947,0.20567,0.1303,nan,nan,-0.13513,-0.22876999999999997,-0.36325999999999997,nan,-0.57017,-0.64483,-0.7701,-0.87851,-0.9595,nan,-1.0936,-1.138,nan,nan,-1.185,-1.2005,-1.2407,nan,-1.2278,-1.1823,-1.114,nan,nan,-0.9436100000000001,nan,-0.9287,-0.9263299999999999,nan,nan,-0.91961,nan,nan,nan,nan,-1.1563,nan,nan,-1.2695,-1.229,-1.2104,nan,-1.1442,-1.0689,nan,nan,nan,-0.67795,-0.55223,-0.42541999999999996,-0.37054000000000004,-0.26702,nan,nan,0.027502999999999996,nan,0.17147,0.22478,0.30212,nan,0.42778999999999995,0.42712,0.40174,0.35505,0.2894,nan,0.28501,0.30199000000000004,0.27671999999999997,0.34861,nan,0.47081000000000006,0.50617,0.57624,nan,0.73444,0.7803,nan,nan,0.9706899999999999,1.0297,nan,1.1156,1.1222,1.1704,1.1936,nan,1.2192,nan,1.1769,1.1348,nan,1.1129,1.0929,1.0731,1.0534,nan,1.0362,1.0169,1.0583,nan,1.0006,nan,1.0539,nan,nan,1.0933,nan,nan,nan,nan,1.0711,1.0518,nan,0.94935,nan,0.85372,nan,0.7158100000000001,0.58926,0.51661,nan,0.3496,0.27446,nan,nan,0.0012887,nan,nan,-0.30243000000000003,nan,-0.5424100000000001,nan,nan,-0.89461,-0.9925799999999999,nan,nan,nan,-1.3272,nan,nan,-1.5891,-1.6435,-1.7118,nan,nan,-1.8669,-1.8735,-1.9197,nan,nan,-1.9838
0.0,-2.083,nan,nan,nan,nan,-1.8758,nan,-1.7911,-1.7189,-1.6319,-1.5466,-1.4817,-1.4201,-1.319,nan,nan,-1.0196,nan,-0.75741,-0.65167,-0.48906000000000005,-0.43525,nan,-0.22446999999999998,nan,0.010131,nan,nan,nan,0.17588,nan,nan,0.3517,0.41931999999999997,0.47989,0.5291600000000001,nan,0.67356,0.77615,0.87079,nan,1.1517,1.2056,1.2825,nan,1.3863,1.4093,1.4594,1.4848,nan,nan,nan,nan,nan,nan,nan,1.0434,0.9466600000000001,0.9241299999999999,0.83199,0.75354,0.58521,0.49898000000000003,0.35941,0.27844,nan,nan,0.085911,0.055046000000000005,nan,0.10195,nan,nan,0.26466999999999996,0.36009,nan,0.45996000000000004,0.52936,0.506,0.50298,0.42496000000000006,nan,nan,0.09548999999999999,nan,-0.16787,-0.29585,-0.41600000000000004,nan,-0.5283,-0.56498,-0.60188,-0.66683,-0.66427,-0.62638,-0.5854199999999999,nan,nan,-0.38282,nan,-0.21941,-0.12591,-0.029155,0.020419,0.13977,nan,0.26607,nan,0.39397,0.49261000000000005,0.53177,nan,0.52646,0.5952,0.575,nan,nan,0.36978,0.34071,0.1695,nan,0.043669,nan,nan,-0.20806,nan,-0.17665,-0.19077,-0.22931999999999997,-0.31548000000000004,nan,-0.43781000000000003,-0.5471699999999999,-0.6708,nan,-0.6631199999999999,-0.65349,nan,-0.59419,nan,-0.51695,nan,-0.58015,nan,nan,nan,-0.9706600000000001,-1.048,nan,-1.1567,nan,nan,-1.15,-1.1165,-1.1146,nan,-1.0038,-1.034,-0.9936200000000001,-0.94457,-0.8912100000000001,-0.78771,-0.76049,-0.7804800000000001,-0.6761199999999999,-0.5707800000000001,nan,-0.40574,-0.27054,-0.093795,nan,0.24364,0.32027,0.51646,nan,0.9743,nan,nan,1.4801,1.4675,nan,nan,nan,nan,1.1709,1.1305,1.0629,1.0759,1.1743,1.2482,1.2558,nan,nan,1.4219,1.4352,nan,1.5558,nan,nan,1.5829,nan,1.5962,1.6449,nan,nan,1.6295,1.5351,1.555,1.5533,nan,nan,nan,nan,nan,1.0251,nan,0.7298,0.6644100000000001,0.49862,nan,0.21226,0.11179000000000001,0.0073637,-0.14439000000000002,nan,-0.19805,nan,-0.33523000000000003,nan,-0.49873999999999996,nan,nan,-0.74708,nan,nan,-1.0165,nan,nan,-1.3259,-1.4169,nan,-1.5946,nan,-1.7508,-1.8102,-1.8711,nan,nan,-2.0307,-2.0331,nan
1.0,-1.6336,nan,-1.6137,-1.5989,-1.5668,nan,nan,-1.4155,-1.3957,-1.3384,-1.2847,nan,nan,-1.1309,-1.0457,-0.9788,-0.8734,-0.79092,nan,nan,-0.58192,-0.48163999999999996,-0.44283999999999996,-0.34621999999999997,-0.28368000000000004,nan,-0.092903,-0.035392,0.039436,0.10485,0.22482,0.24191999999999997,nan,0.46552,0.465,nan,nan,0.6975100000000001,0.75375,nan,0.8818799999999999,0.9545600000000001,nan,1.0548,1.1251,1.1599,1.2056,nan,1.285,1.3257,nan,1.4612,1.4485,1.4766,1.483,1.4841,1.4787,1.4680000000000002,1.4655,nan,nan,1.4425,nan,1.4012,1.3702,1.2771,1.1848,1.0707,nan,1.0194,0.9685600000000001,nan,nan,nan,0.72459,0.67257,0.5926899999999999,nan,0.52488,nan,nan,0.45736000000000004,0.46378,nan,nan,nan,nan,nan,nan,0.26546,nan,nan,-0.052503999999999995,nan,-0.20801999999999998,-0.27061,nan,nan,-0.56516,-0.66266,-0.70687,-0.8280299999999999,-0.8871,-1.0017,-1.0571,-1.1309,-1.187,-1.2005,nan,nan,-1.1293,-1.1327,nan,-1.0393,-0.98924,-0.9511200000000001,-0.91456,nan,-0.78451,nan,nan,nan,-0.7368,-0.73395,nan,-0.77645,nan,-0.76273,nan,-0.80642,-0.8352299999999999,-0.8378700000000001,nan,nan,-0.94355,nan,nan,-1.0121,-1.0182,nan,-0.98959,-0.9450200000000001,-0.84293,nan,-0.68061,nan,-0.5224300000000001,nan,nan,-0.20478,-0.16472,-0.06336599999999999,nan,nan,0.2315,nan,0.36001,nan,0.50574,0.5210600000000001,0.5392899999999999,0.5392899999999999,0.5493100000000001,nan,0.56124,nan,nan,nan,0.63525,0.6602899999999999,nan,nan,nan,nan,nan,0.95781,1.082,nan,1.1782,1.2627,1.2466,nan,1.3614,nan,nan,nan,1.4811,nan,1.474,1.4737,1.4735,1.4779,1.4654,nan,1.3928,1.3612,1.3282,nan,nan,nan,1.1392,1.1548,1.1273,1.0543,0.94589,nan,0.7934100000000001,nan,0.6772,nan,nan,0.4066,nan,nan,0.2055,0.10511,nan,-0.048728,nan,nan,-0.34224,-0.40406,-0.5270100000000001,nan,nan,-0.69876,-0.79304,nan,-0.94884,-1.046,-1.0883,nan,-1.1966,-1.2839,nan,nan,-1.4337,-1.4684,-1.5113,-1.5198,nan,-1.5437,nan,-1.5887,-1.5923,-1.5975,nan,-1.6236,-1.6465,-1.643,nan
2.0,-1.7169999999999999,nan,-1.6833,nan,-1.6468,-1.5915,-1.5638,-1.5561,nan,-1.4455,nan,-1.3469,-1.2891,-1.2073,-1.1178,-1.0861,nan,nan,-0.73821,nan,nan,nan,-0.31737,nan,-0.10305,0.0060165,nan,0.21913000000000002,nan,0.35295,0.47501000000000004,0.5738800000000001,nan,nan,0.74632,0.80293,0.8711,nan,nan,nan,1.0441,nan,nan,1.1967,nan,1.2286,nan,1.2567,1.272,1.2875,1.3186,1.2856,1.3013,nan,nan,nan,nan,1.3152,1.3152,1.3147,1.2976,1.2315,1.2309999999999999,1.1813,1.1157,1.0992,nan,1.0638,1.0279,0.9590000000000001,0.93842,0.91738,0.8960799999999999,0.8745299999999999,0.82988,0.80706,nan,0.68876,nan,0.63263,nan,0.51802,0.48378000000000004,0.45826000000000006,nan,nan,nan,nan,0.12767,nan,0.011545999999999999,nan,-0.07058400000000001,-0.12055999999999999,nan,nan,-0.28134000000000003,-0.36301,-0.41573999999999994,-0.4935,-0.53293,nan,-0.64967,-0.72433,nan,nan,-0.8533299999999999,-0.8876200000000001,-0.9175700000000001,-0.92763,-0.9815799999999999,nan,-1.0607,nan,-1.1044,-1.1369,-1.1621,-1.1742,-1.1847,nan,nan,-1.2255,-1.2467,-1.2504,nan,-1.237,nan,-1.2338,-1.2456,nan,nan,nan,nan,-1.1447,nan,-1.1098,-1.0705,-1.0558,nan,-1.0492,nan,-0.9798100000000001,-0.93145,-0.8786200000000001,-0.8216899999999999,nan,-0.70353,nan,-0.60761,-0.55132,-0.48932,-0.40771,nan,-0.30305,-0.23379,-0.14704,-0.10349000000000001,-0.075847,-0.0062816,0.06296399999999999,nan,0.15886,nan,nan,0.2882,nan,0.37794,0.4561,0.50734,0.53265,0.58257,0.63146,0.66318,nan,0.76477,nan,nan,0.86905,0.9063700000000001,nan,0.94778,0.96421,1.0299,1.0821,nan,1.2153,nan,1.2819,1.2659,1.2666,1.2507,1.2515,1.2524,1.2690000000000001,1.2690000000000001,nan,1.2865,1.271,1.2555,1.2567,nan,1.2579,1.2707,nan,1.2459,nan,1.1602,1.1534,nan,1.0924,1.023,1.0029,nan,nan,0.83924,nan,nan,0.65946,nan,0.47998999999999997,0.43422,0.3523,0.24572,0.12074000000000001,0.086627,nan,-0.15302000000000002,-0.30172,nan,-0.51607,-0.66862,-0.7984600000000001,-0.84562,-0.95152,nan,nan,nan,-1.2425,-1.3185,-1.3673,nan,-1.4566,nan,-1.5394,nan,nan,-1.6515,-1.6988,nan,-1.732,-1.7176
0.0,-2.2453,-2.2239,nan,-2.0926,-2.0647,-1.9969999999999999,-1.9271,-1.874,-1.7653,nan,-1.5519,nan,-1.4297,-1.3312,nan,nan,-0.8769299999999999,-0.74416,nan,nan,nan,-0.22755999999999998,-0.082845,nan,0.22059,0.35304,0.42712,0.48765,0.5916399999999999,0.67114,0.723,0.74922,0.82434,0.8473700000000001,nan,0.79235,nan,0.78563,nan,nan,nan,1.2156,1.228,1.3934,nan,nan,nan,nan,nan,1.4596,1.4596,1.4508,1.4211,1.3825,nan,1.3953,1.3056,1.2341,nan,1.0473,0.9951399999999999,nan,0.8374,0.70452,0.6558,0.59296,0.44025,0.35695,nan,nan,0.14562999999999998,0.10708,nan,0.10989000000000002,0.14285,0.1244,0.19580999999999998,0.26966,nan,0.27101,0.20485,0.0067036000000000005,-0.16349,-0.29522,-0.44075,-0.5958899999999999,-0.66988,-0.7721600000000001,-0.8495799999999999,-0.93237,-0.9749200000000001,nan,nan,-1.0828,-1.1125,nan,-1.1094,nan,nan,-1.1477,-1.0023,-0.8779600000000001,nan,-0.71107,nan,-0.45702,nan,nan,nan,nan,0.092253,0.16921,nan,0.25451999999999997,0.28347,nan,0.33385,0.29425999999999997,nan,0.24365,nan,0.13573,nan,0.2272,0.19938,nan,nan,nan,nan,0.11474000000000001,nan,0.20396,0.25205,0.32233,0.32492,nan,0.36369,0.36695,nan,0.22883,0.13785999999999998,nan,0.054808,nan,-0.33218000000000003,-0.45702,-0.54064,nan,-0.78433,-0.81511,-0.88365,-0.9477399999999999,-0.9824,-0.9900399999999999,nan,-0.9988799999999999,-1.0003,-0.9732700000000001,nan,-0.9343299999999999,nan,nan,-0.74043,nan,nan,nan,-0.33971999999999997,nan,0.0023476,nan,0.34929,nan,nan,0.44647,0.4244,0.37535999999999997,0.30074,nan,0.24502,nan,nan,nan,nan,nan,0.58463,nan,nan,0.9222600000000001,1.0209,1.081,1.1435,1.1995,1.1929,nan,1.2943,1.3548,1.393,1.4841,1.4841,nan,nan,1.5305,nan,1.5305,1.4784,1.4869999999999999,1.4655,nan,nan,1.2429,nan,1.0618,0.9746799999999999,0.83691,0.79601,0.8301799999999999,0.7570899999999999,0.71668,0.70292,0.67415,0.63656,0.5668300000000001,0.5057699999999999,nan,0.27664,0.2373,0.076525,nan,-0.2147,nan,-0.55599,-0.6975,-0.77863,-0.91356,-1.0291,-1.1256,nan,-1.3593,nan,-1.5686,-1.6406,nan,nan,nan,-1.9055,nan,nan,nan,nan,-2.2027,nan
1.0,-1.8442,-1.8399,-1.8257,-1.7927,nan,-1.6979,-1.6677,-1.6327,-1.5597,nan,-1.4432,nan,-1.2988,-1.2083,nan,nan,nan,-0.85193,nan,nan,nan,-0.37037,nan,nan,-0.038364999999999996,0.080786,0.17847000000000002,0.25108,nan,0.40433,0.43733999999999995,0.51341,0.58349,nan,0.70707,0.76135,0.81119,nan,0.89164,0.88638,0.92801,0.9520000000000001,0.97173,1.0185,nan,1.0163,nan,1.0638,1.0795,1.0631,nan,1.0946,nan,1.1105,nan,nan,nan,1.1097,1.1258,nan,1.093,nan,nan,nan,1.0928,1.1415,nan,1.1088,1.1251,1.1251,1.1251,1.1414,1.1052,nan,1.0073,0.961,0.9162799999999999,0.85836,0.8247,0.75727,0.74503,0.67637,nan,nan,0.47439,0.4742,0.40758,nan,0.29036999999999996,0.24176,nan,0.16496,0.10279,0.059649,0.018040999999999998,nan,-0.052388,-0.11079000000000001,-0.15727,-0.24264000000000002,nan,-0.37408,-0.46008000000000004,nan,nan,-0.71034,nan,-0.90494,-0.96401,-1.0486,-1.1297,-1.1997,-1.2577,-1.2792,-1.2674,-1.2691,-1.2522,-1.2458,-1.2373,-1.2264,-1.2129,-1.1905,-1.1972,-1.1948,-1.158,-1.1575,-1.2017,-1.1972,-1.2163,-1.2324,nan,nan,-1.2828,-1.2666,-1.2707,-1.2558,-1.2572,-1.2476,-1.2233,-1.1633,-1.0843,-1.0185,nan,-0.84667,nan,nan,nan,nan,-0.41851000000000005,-0.32746,-0.24456,nan,-0.070927,nan,0.016295,nan,nan,0.087655,nan,nan,nan,0.25756999999999997,0.29123000000000004,nan,0.39396,0.42525,nan,0.56596,nan,nan,0.74402,0.78808,0.8797299999999999,0.9319200000000001,nan,0.9920100000000001,1.0184,1.0563,1.0763,nan,1.1579,nan,nan,nan,nan,1.1745,1.1583,1.1583,nan,1.1261,1.1261,nan,nan,nan,nan,1.0624,nan,1.0795,1.0959,nan,1.1123,nan,1.0656,1.0502,1.0665,1.0524,1.0373,1.0025,nan,0.95767,0.9366899999999999,0.89386,0.87418,nan,0.74557,0.69072,nan,nan,0.5455300000000001,nan,0.42058999999999996,0.33142,0.26757,nan,0.09906799999999999,nan,-0.12912,-0.25426,-0.35423000000000004,nan,-0.59142,-0.7037100000000001,nan,-0.9390200000000001,nan,-1.1396,nan,nan,-1.3517,-1.4282,-1.4987,-1.5597,nan,-1.6701,-1.6997,nan,-1.7942,nan,-1.8289,-1.844,nan
2.0,-1.8337,-1.8277,-1.7764,nan,-1.7168,nan,-1.6217,nan,-1.5546,nan,-1.4256,nan,nan,nan,-1.1274,-1.0165,-0.95621,nan,-0.68077,-0.55547,-0.46475,-0.31653000000000003,-0.16277,-0.006701100000000001,nan,nan,0.31718,0.42712,0.56126,nan,0.73854,0.84788,0.93021,0.9865200000000001,1.0378,1.083,1.1411,1.1737,1.1969,nan,1.2966,nan,nan,1.3594,1.3539,nan,1.4102,1.3737,nan,1.3722,nan,1.3355,1.334,1.3326,1.2786,1.2246,1.2061,nan,1.1676,nan,nan,1.111,nan,1.02,1.0192,nan,nan,nan,0.7992,0.78205,0.7591899999999999,nan,nan,nan,nan,0.5648,nan,0.43777,0.41166,0.34369,nan,0.27412,nan,0.22293000000000002,0.16859000000000002,0.13196,nan,0.038532,nan,-0.0084488,nan,-0.089214,-0.13251,-0.22216,-0.29285,-0.31237,nan,-0.42617,-0.46971,-0.51342,-0.53396,-0.57557,-0.61726,-0.6765899999999999,-0.69868,-0.76097,-0.80583,-0.8563799999999999,-0.88259,-0.91154,nan,-0.9723700000000001,-1.0099,nan,-1.0532,nan,-1.0828,-1.087,nan,nan,-1.1133,nan,-1.1418,nan,nan,-1.1276,-1.128,-1.1474,nan,-1.1415,nan,-1.1122,-1.0843,-1.067,nan,nan,nan,-0.98611,-0.9325100000000001,-0.9060600000000001,-0.86044,nan,nan,-0.79998,-0.77941,-0.7541100000000001,-0.7125100000000001,nan,-0.64959,-0.6079,-0.52718,nan,-0.42075,-0.35088,nan,-0.2142,-0.18703,-0.14187,nan,0.0026743,nan,nan,nan,nan,nan,nan,nan,nan,nan,0.48123999999999995,0.49773999999999996,nan,0.5637300000000001,0.59815,0.62368,0.65649,0.69823,nan,nan,nan,0.80556,0.8514200000000001,nan,nan,0.9249700000000001,nan,1.0003,1.0398,1.0417,1.1154,1.1541,nan,1.2448,1.2633,1.3003,nan,1.3187,1.3019999999999998,1.3204,1.3222,1.3241,nan,1.3442,nan,1.2941,1.2707,nan,1.261,1.193,1.172,1.1512,1.0888,nan,1.0208,nan,0.9282799999999999,0.89544,0.8153199999999999,0.8102699999999999,0.69936,nan,0.48763,0.3994,0.33445,0.1863,0.061015,-0.087273,nan,-0.31453000000000003,nan,nan,-0.7106899999999999,-0.7781399999999999,-0.88876,nan,nan,-1.2002,-1.3088,-1.3912,nan,-1.4988,nan,nan,-1.6704,nan,nan,-1.7944,-1.8134,nan,nan,-1.8169
0.0,-2.1056,-2.1215,nan,-2.0026,nan,-1.8515,-1.7442,-1.6991,-1.6404,-1.5624,-1.4798,nan,nan,-1.2208,-1.0679,nan,nan,nan,nan,-0.49713,nan,-0.29812,-0.18272,-0.089962,0.006900399999999999,0.03733,0.10099,0.12437999999999999,nan,nan,0.23153,0.31943,nan,0.6724100000000001,nan,nan,nan,1.0856,nan,1.2293,1.3019999999999998,1.4257,1.5465,nan,nan,1.5958,1.6197,nan,1.6,1.5673,1.5019,1.4366,1.3729,nan,nan,1.2335,1.1778,1.1184,1.031,nan,0.8441200000000001,0.7764800000000001,nan,0.6210899999999999,nan,nan,0.33258000000000004,nan,0.37851,0.41627,0.49154,0.5150899999999999,nan,0.7096899999999999,nan,nan,0.6963699999999999,nan,0.21143,0.0099682,-0.065081,nan,-0.3443,nan,-0.60725,nan,-0.7705,-0.88534,nan,-0.92371,nan,-0.96021,-0.9621700000000001,nan,nan,-0.94988,-0.9134,-0.9001600000000001,-0.82734,nan,-0.7189800000000001,-0.61129,nan,nan,-0.28612,-0.20501,nan,-0.06968200000000001,0.0025919,nan,0.16234,nan,0.1731,nan,0.14351,0.095664,0.0043965,-0.038620999999999996,nan,nan,-0.22953,nan,nan,nan,nan,-0.051816999999999995,nan,-0.20449,nan,nan,nan,-0.19115,nan,-0.063073,nan,nan,0.018269,0.028758999999999996,nan,nan,nan,nan,nan,-0.23442,-0.25567,-0.38815,-0.54813,nan,-0.8056,-0.84221,-0.9164,nan,nan,nan,-0.93632,-0.9717600000000001,nan,nan,-0.83111,-0.7873100000000001,-0.74255,nan,-0.5868800000000001,nan,-0.44753999999999994,-0.28484,-0.10799,-0.035169,0.089168,nan,0.48941,0.73248,nan,nan,1.0705,nan,nan,0.96998,0.8582200000000001,0.7824399999999999,0.73732,nan,0.6937300000000001,0.68365,0.6869,nan,nan,nan,0.99005,1.0395,1.0956,nan,nan,1.4093,nan,1.5483,nan,1.6275,nan,nan,1.7064,nan,1.5919999999999999,nan,1.5557,1.5401,1.5011,nan,nan,1.3288,nan,nan,0.8972399999999999,0.8502200000000001,nan,0.59006,0.42841,0.31943,0.21833000000000002,nan,0.097311,0.02939,-0.024906,-0.052426,-0.1332,nan,-0.24691999999999997,-0.37546999999999997,-0.46491000000000005,-0.56042,nan,-0.76989,nan,nan,nan,-1.2031,-1.2834,-1.3795,-1.5322,nan,nan,nan,nan,-1.8925,-1.9451,-1.9808,-1.9961,-2.0304,-2.084,-2.0851,-2.0851
1.0,-1.9005,-1.8827,-1.8685,-1.8184,-1.7953,-1.7538,-1.7082,-1.6737,-1.618,-1.5586,-1.4762,nan,nan,nan,-1.2143,-1.1259,nan,-0.96435,nan,-0.73816,-0.63699,nan,-0.4446,-0.32842,-0.24425,-0.13212000000000002,nan,0.07270700000000001,0.16092,nan,nan,nan,0.44916000000000006,0.52674,0.56543,0.64879,0.72752,nan,0.83711,nan,nan,1.0331,1.0115,nan,1.0415,1.079,nan,nan,1.1611,nan,nan,1.1762,1.1932,nan,nan,1.1926,nan,1.2097,1.262,nan,1.2443,nan,nan,nan,nan,1.2964,nan,nan,1.2432,1.2079,1.1867,1.1461,nan,1.0555,nan,0.99167,0.93376,nan,nan,nan,0.66452,0.58265,nan,0.43983,0.34701,0.2881,nan,nan,nan,0.071537,0.021897,-0.025870999999999998,nan,-0.048329000000000004,-0.091514,-0.10231,-0.10528,-0.16409,nan,-0.29409,-0.36722,-0.43555,nan,nan,-0.6883699999999999,-0.7552399999999999,nan,nan,nan,-1.0445,-1.1029,-1.119,nan,-1.1520000000000001,-1.1341,-1.1238,nan,-1.0909,-1.046,-1.0126,-0.9889700000000001,-0.96259,-0.93345,nan,nan,-0.8690200000000001,nan,nan,nan,nan,-0.9798899999999999,nan,nan,-1.09,nan,-1.1196,nan,nan,nan,nan,nan,nan,nan,nan,-0.8732200000000001,nan,-0.71978,nan,-0.5689,nan,-0.3951,-0.3014,-0.24645,-0.20714000000000002,nan,-0.13560999999999998,-0.094323,-0.083427,nan,nan,nan,0.032862999999999996,0.083646,0.13638,0.19104000000000002,nan,0.32525,nan,0.47866000000000003,0.52884,0.61361,nan,0.75184,0.82286,nan,0.95755,nan,nan,1.0805,nan,1.1661,nan,1.2255,1.2608,nan,1.2432,nan,1.2434,nan,1.2436,nan,nan,nan,nan,1.2266,nan,1.2097,nan,1.1926,1.1755,1.1585,1.1593,1.177,1.1602,nan,nan,nan,1.0292,0.9976,nan,nan,nan,0.89431,nan,0.76764,0.69363,0.61506,nan,0.50912,0.41596000000000005,nan,0.28325,0.23933000000000001,nan,0.055127999999999996,-0.050442,nan,nan,-0.32842,-0.42013,nan,nan,-0.74854,-0.84734,-0.94906,nan,-1.1431,nan,nan,nan,-1.4575,nan,-1.5573,-1.6349,nan,-1.7243,nan,-1.7953,-1.8327,-1.8661,nan
2.0,-2.1888,nan,-2.1765,-2.0964,nan,nan,-1.9039,nan,-1.7942,nan,-1.6521,-1.5281,nan,-1.3253,nan,-1.167,-1.0559,nan,nan,-0.66065,-0.51888,-0.39763000000000004,-0.28192,-0.14891,nan,nan,nan,nan,nan,0.49581000000000003,0.59637,nan,0.76253,0.82694,0.81833,0.88639,nan,0.9485399999999999,0.95219,0.98126,1.004,1.0081,1.0064,0.94475,nan,0.77679,0.78496,0.78496,0.77244,0.76042,0.81389,0.8699399999999999,nan,nan,nan,nan,nan,nan,0.99687,nan,1.0444,1.0444,1.0108,1.0348,1.0016,0.98467,0.85216,0.79999,0.72331,0.5998100000000001,0.5524100000000001,0.45603,0.38232,nan,0.30675,nan,nan,0.22953,0.32706,nan,nan,nan,0.53874,0.5947600000000001,0.71655,0.87023,1.0083,1.125,nan,nan,nan,nan,0.76932,nan,0.53361,0.44535,0.33452,nan,nan,0.0038141,-0.12607000000000002,-0.25893,-0.39544,nan,-0.62871,-0.7606,-0.8569100000000001,-0.89535,nan,-0.98666,-0.9991899999999999,nan,-1.0197,nan,nan,-1.1306,-1.135,-1.1371,nan,nan,-0.9575,nan,nan,nan,-0.89891,nan,-0.9244899999999999,nan,-1.078,-1.155,-1.214,-1.193,nan,-1.1336,nan,nan,-1.1304,nan,-1.0985,nan,nan,-0.79357,nan,nan,nan,nan,-0.22757,-0.1288,0.0020329000000000002,nan,0.28361,0.40126,nan,nan,0.67825,nan,nan,0.9957600000000001,1.0998,1.2388,1.2108,nan,0.87489,0.8322299999999999,nan,0.63249,0.53981,0.42644,nan,0.32449,nan,nan,0.33297,0.38477,0.46237,nan,0.56906,0.66927,0.7672,0.83755,nan,nan,nan,nan,nan,nan,nan,nan,0.94895,nan,0.98288,0.9585799999999999,0.9344399999999999,0.8794,nan,0.8794,0.83175,0.8660700000000001,nan,nan,0.81912,0.7729199999999999,0.70506,nan,0.8852899999999999,nan,0.9989399999999999,nan,nan,1.0973,1.0904,1.1076,1.0553,1.0683,0.98087,0.88792,nan,0.79385,0.72395,0.6543,0.5303100000000001,nan,0.33159,0.21635,nan,-0.061944000000000006,nan,-0.35091,nan,-0.5430699999999999,-0.66388,nan,-0.93673,nan,nan,-1.2268,-1.3378,-1.4701,-1.5028,nan,-1.6826,nan,nan,nan,nan,-2.0148,-2.0986,-2.1292,-2.1599,-2.1877,nan
0.0,-2.1645,-2.1785,nan,-2.0461,-1.9791,-1.8481,-1.7501,-1.7209999999999999,-1.639,-1.5723,-1.5151,nan,-1.3163,-1.1141,nan,-0.9373100000000001,-0.80272,-0.66427,-0.55198,-0.49891,nan,-0.32023,-0.27755,-0.29327,-0.28456,-0.21511,nan,nan,-0.0078033,0.0011732000000000001,0.042791,0.12987,0.26578,0.46953,nan,nan,nan,0.97651,1.2212,1.3026,1.376,1.4751,nan,nan,nan,1.5041,1.6392,nan,nan,1.5963,nan,1.5259,nan,1.4726,nan,nan,nan,1.2843,1.0418,nan,nan,nan,nan,nan,nan,0.29495,0.21519000000000002,nan,nan,0.552,0.5845100000000001,0.65794,0.65484,0.7721600000000001,0.8547799999999999,nan,nan,0.6030300000000001,nan,nan,nan,nan,-0.34994000000000003,nan,-0.7116,-0.77473,nan,-0.92625,nan,nan,nan,nan,nan,nan,-1.0042,nan,nan,-0.9829200000000001,nan,-0.82899,-0.72033,-0.6141800000000001,-0.50317,-0.39854,-0.12961,0.00020605,nan,0.20177,0.40608,nan,0.72159,0.7914800000000001,0.74843,0.6993,0.61332,0.60582,nan,0.54909,nan,0.38344,0.46002,0.39339,0.53976,0.5572699999999999,nan,0.6351600000000001,0.82035,nan,0.74965,0.66042,nan,0.35788000000000003,0.31845999999999997,0.32959,0.381,0.46881999999999996,0.47625,0.45308000000000004,0.42761000000000005,0.44378999999999996,0.30541,0.27092,0.251,nan,0.019096000000000002,0.00041762,nan,-0.25999,nan,-0.47328000000000003,nan,nan,-0.85734,nan,-1.071,nan,nan,nan,-0.9876299999999999,-0.9847899999999999,-0.9743,-1.0084,-0.9663200000000001,-0.9073,-0.8437600000000001,-0.7783,-0.7225699999999999,nan,nan,-0.46648,nan,-0.26824000000000003,nan,0.090545,0.20390999999999998,0.48443,nan,1.0079,nan,0.9284399999999999,nan,0.6864899999999999,nan,0.6006199999999999,0.59705,0.60345,0.74488,nan,nan,0.83916,nan,0.8491799999999999,0.9279299999999999,0.9862200000000001,nan,nan,1.2683,1.3107,nan,nan,1.4669,1.3769,1.3469,1.3678,nan,nan,1.3259,1.3152,1.2441,1.1624,1.0751,nan,0.8625200000000001,0.7623800000000001,0.71667,nan,0.49755,nan,nan,0.036988,-0.095634,-0.29838000000000003,-0.50562,nan,nan,-0.62785,nan,nan,nan,-0.76098,nan,-0.94181,nan,nan,-1.2131,nan,-1.3126,nan,nan,-1.5092,nan,-1.6703,-1.7837,-1.8633,-1.9639,-2.0125,nan,nan,nan,nan,-2.1318
1.0,-2.0537,-2.0369,-2.033,nan,-1.9433,-1.916,nan,-1.7890000000000001,nan,-1.6734,-1.5395,nan,nan,nan,-1.0521,-0.95026,nan,nan,-0.52956,-0.42367,-0.28611,-0.18432,-0.060178999999999996,0.014478999999999999,0.11212000000000001,0.18845,0.27359,nan,0.38703000000000004,nan,nan,nan,0.65995,0.6909,0.7257899999999999,0.7649100000000001,0.77977,nan,nan,nan,nan,0.87031,nan,0.83754,nan,nan,0.90075,0.90075,0.9485399999999999,0.9485399999999999,0.93243,0.96446,0.94835,nan,0.94835,0.96431,nan,0.93205,0.9481799999999999,nan,0.99635,nan,0.99635,nan,nan,0.9802200000000001,0.9802200000000001,nan,0.9640799999999999,0.98015,nan,1.0124,0.98015,nan,0.98015,nan,1.0285,nan,nan,nan,nan,nan,nan,0.79686,0.7613300000000001,nan,0.67119,0.59841,nan,0.5109100000000001,nan,nan,nan,0.18262,nan,0.075816,0.013309999999999999,-0.046393000000000004,-0.10324000000000001,-0.11589,nan,-0.23525,nan,nan,nan,nan,-0.71138,-0.80283,-0.9023200000000001,-0.9804,-1.0653,-1.1427,nan,nan,-1.3466,-1.3652,-1.3916,-1.4132,nan,-1.403,nan,-1.3969,nan,-1.3432,-1.3457,-1.3546,nan,-1.3566,-1.3759,nan,nan,nan,-1.4604,-1.4644,nan,-1.3719,nan,nan,nan,nan,nan,-0.9618700000000001,-0.87676,-0.79897,-0.6842699999999999,nan,-0.51769,nan,-0.36022,-0.30709000000000003,-0.21499000000000001,nan,-0.16115,-0.10272,-0.043738,0.00036941,0.090415,nan,0.2598,nan,0.32153000000000004,0.40626999999999996,0.46583,nan,0.60819,nan,nan,nan,nan,nan,0.8836299999999999,0.9156700000000001,0.9156700000000001,0.93173,0.9800700000000001,0.96393,0.96393,0.98006,0.98006,0.96393,0.96396,nan,0.96393,0.96396,nan,0.96401,0.94794,0.94794,0.93191,nan,nan,0.8997700000000001,0.9641799999999999,0.9641799999999999,0.98031,0.96431,0.96431,0.93222,nan,nan,0.9163100000000001,0.9163100000000001,0.90044,nan,0.8846200000000001,0.86887,0.86887,0.86887,0.86887,nan,0.83754,nan,0.82263,0.8233299999999999,nan,0.77763,0.74328,0.72468,0.6844100000000001,nan,0.6189600000000001,0.5509,0.51848,0.42982,nan,0.27931999999999996,0.19000999999999998,nan,nan,-0.044177999999999995,nan,-0.31783,-0.46818000000000004,nan,-0.73727,nan,-0.9908399999999999,-1.0854,-1.2422,nan,nan,-1.5548,nan,nan,-1.8001,nan,-1.9057,nan,nan,-2.0356,-2.0529
2.0,-1.6537,-1.651,nan,-1.6127,nan,-1.5603,nan,-1.5022,nan,-1.3876,-1.3228,-1.2899,-1.2326,-1.1557,-1.0873,nan,-0.98264,nan,-0.81452,nan,-0.67566,-0.58039,-0.4835,nan,nan,nan,-0.16689,nan,nan,nan,0.14767,nan,nan,0.31728,0.38827,nan,0.5342100000000001,0.5803699999999999,0.59901,0.68289,0.7083699999999999,0.78325,0.7494,0.80913,0.8478600000000001,0.92785,0.91886,0.93953,0.94383,nan,0.9765299999999999,nan,nan,1.0237,nan,1.0582,nan,nan,1.0742,1.092,1.0916,nan,1.1457,nan,nan,1.1641,1.1644,1.1828,nan,1.1841,1.1626,nan,1.1541,nan,1.0765,1.0448,nan,nan,0.9870399999999999,0.9687,0.93073,nan,0.8434299999999999,nan,0.77856,nan,nan,0.73214,0.66885,0.63717,0.6076600000000001,0.50873,0.45285,nan,nan,nan,0.16155,0.063421,nan,nan,-0.18302000000000002,-0.27623000000000003,-0.33269,-0.42841999999999997,nan,nan,-0.74322,-0.78575,-0.9084200000000001,-0.9974,nan,nan,nan,nan,-1.3578,-1.3754,-1.3957,nan,-1.4709,nan,nan,-1.4865,-1.5139,nan,-1.5223,-1.506,-1.5058,nan,nan,nan,nan,-1.4892,nan,-1.4839,-1.4667,-1.445,-1.3821,nan,nan,-1.2142,nan,-1.0739,-0.98545,-0.8932399999999999,nan,nan,-0.6375,nan,nan,nan,nan,nan,nan,0.035552,0.085963,0.16417,0.26782,0.32209,0.36263,nan,0.5176,nan,nan,0.69643,0.7058399999999999,0.75036,0.79419,nan,nan,0.8900899999999999,nan,nan,0.9774799999999999,nan,1.0671,1.1189,nan,1.1187,1.1665,1.194,nan,1.2013,1.219,1.2188,nan,1.1821,nan,nan,1.146,nan,nan,1.1286,1.1116,1.1116,1.0941,nan,nan,nan,nan,1.0116,0.99726,nan,0.94883,0.9516100000000001,0.94747,0.91976,nan,0.84826,0.7901699999999999,nan,0.77047,0.74441,0.67909,nan,0.556,0.54345,0.46129,0.39303,0.32006,0.2792,0.19301,0.13831,0.058936,nan,-0.11381,nan,-0.27546,nan,nan,nan,-0.59709,-0.69496,-0.74322,-0.8386100000000001,nan,-1.0015,-1.042,-1.1134,-1.1929,nan,nan,-1.3377,-1.4005,nan,-1.495,-1.5198,nan,-1.5928,nan,nan,-1.6517
0.0,-2.1138,nan,-2.0488,nan,nan,-1.9380000000000002,-1.8775,nan,-1.7594,-1.7012,-1.6362,-1.5446,nan,-1.36,-1.2869,nan,nan,nan,-0.79961,-0.68885,-0.56211,-0.43363999999999997,-0.25884,-0.20451,-0.06917999999999999,0.023919,0.14040999999999998,0.20467,0.26396,0.35379,0.39350999999999997,0.4666,0.44653000000000004,nan,0.53175,0.5866399999999999,0.726,0.8598399999999999,nan,nan,1.3348,1.3562,nan,1.3729,1.3741,1.4026,1.422,1.4417,1.4338,nan,1.3981,1.4461,nan,1.4312,1.4239,1.4447,nan,nan,1.2643,1.2327,1.1364,nan,1.0272,0.96862,nan,nan,nan,nan,0.6339,0.59035,0.5947600000000001,0.65625,0.68345,0.7267600000000001,nan,0.7772399999999999,0.7996300000000001,0.6758,0.51682,0.2846,0.098647,-0.070497,-0.20589000000000002,-0.33293,-0.42333999999999994,nan,nan,-0.61539,-0.66022,nan,nan,-0.77167,-0.80704,nan,nan,-0.9470200000000001,nan,nan,nan,-0.98357,-0.92033,-0.8346399999999999,-0.73835,-0.66785,-0.63113,nan,-0.45056999999999997,nan,-0.23135,nan,nan,nan,nan,nan,-0.07107999999999999,nan,-0.18797,nan,-0.24885,nan,-0.09729299999999999,nan,nan,0.061885,0.02768,0.0019936,nan,-0.024332,-0.078188,nan,nan,-0.26587,-0.40408,nan,-0.52817,-0.48045,-0.38173,-0.32954,-0.27857,nan,-0.23684000000000002,-0.24325,-0.24739,nan,-0.49073,nan,-0.63156,nan,nan,nan,-0.90623,-0.98944,-1.0304,-1.0635,-1.0123,-0.9899100000000001,-0.95965,-0.9054,nan,-0.84634,nan,nan,-0.70209,-0.65771,-0.59867,-0.46481999999999996,-0.37968,-0.25527,nan,0.079467,nan,nan,0.5594,0.75834,nan,1.054,1.0824,nan,nan,1.0134,nan,0.89733,nan,nan,0.80984,0.82863,nan,0.9763299999999999,nan,1.0729,nan,nan,1.2479,1.258,1.3461,nan,1.454,nan,nan,nan,1.4129,1.4613,1.4324,nan,1.4992,nan,1.4893,nan,nan,nan,1.1724,1.1138,1.0154,0.9323100000000001,nan,nan,0.6381899999999999,0.56309,0.5342600000000001,0.47855,0.45548,nan,0.34328000000000003,nan,0.19515,0.12821,nan,-0.040805,-0.16593,-0.21905,-0.36916,-0.48013,-0.5897399999999999,-0.72556,-0.83805,nan,nan,-1.2208,-1.295,nan,-1.4829,nan,nan,-1.7201,-1.7719,nan,-1.9386,-1.9868,nan,nan,nan
1.0,-1.8822,-1.8806,nan,nan,nan,nan,nan,-1.6627,-1.6274,nan,-1.4765,-1.4054,-1.3294,nan,nan,-1.0621,nan,nan,-0.7680899999999999,-0.67201,-0.55913,-0.4471,-0.33153,-0.24783000000000002,nan,nan,nan,0.16913,0.21270999999999998,0.29464,0.40275,0.4745,0.54102,nan,0.6432899999999999,0.74269,nan,0.86462,nan,0.92243,nan,nan,0.99687,nan,nan,1.0415,1.0569,nan,1.1197,1.1036,nan,1.1031,1.0869,1.1027,1.1027,nan,1.1186,nan,1.1504,1.1504,1.1342,nan,nan,1.1340000000000001,1.1340000000000001,nan,1.15,1.1499,nan,1.1176,nan,nan,nan,1.0688,1.0190000000000001,nan,0.9249799999999999,0.90044,0.8700600000000001,0.81512,nan,nan,0.63679,nan,0.49949,0.43732,0.34412,0.2786,nan,nan,0.14572000000000002,0.09715599999999999,0.050656,-0.025259,-0.06803,nan,nan,nan,-0.22354000000000002,nan,nan,-0.37540999999999997,nan,-0.53694,nan,-0.69512,-0.75743,nan,-0.8960899999999999,nan,-1.0559,-1.1181,-1.1706,-1.205,nan,nan,-1.2296,nan,-1.19,nan,nan,-1.1116,nan,-1.0821,-1.0849,nan,-1.1038,-1.0828,-1.0789,-1.1011,-1.1399,-1.1568,-1.147,nan,nan,nan,nan,nan,nan,nan,nan,nan,-1.001,nan,nan,-0.77367,-0.71281,-0.65235,-0.55695,-0.49833,-0.41989,-0.33509,-0.26682,nan,-0.19498,-0.14003,-0.1011,-0.07821399999999999,-0.036336,-0.025308,nan,nan,0.17819000000000002,nan,nan,0.39004,nan,nan,0.55086,0.65298,0.71555,0.7677,0.82352,nan,0.9241799999999999,0.96946,nan,1.0511,1.1173,nan,1.1659,nan,1.166,nan,1.2146,1.2147,1.2471,nan,nan,1.2147,1.2147,nan,1.2309,nan,1.2309999999999999,1.1826,1.1826,1.1666,1.215,nan,1.1348,1.1348,1.1189,1.1351,1.1031,nan,1.0879,nan,nan,0.97957,0.93473,nan,nan,0.81904,nan,nan,0.67878,0.59482,nan,0.4609,0.39444,nan,nan,nan,nan,nan,nan,-0.18561,nan,nan,-0.51139,-0.6073,-0.72018,-0.83221,-0.9156299999999999,nan,nan,-1.2222,nan,-1.361,nan,-1.4932,nan,-1.6585,nan,-1.7398,nan,nan,-1.867,-1.8959,nan
2.0,-1.9226,nan,-1.8801,nan,-1.7961,nan,-1.7527,nan,-1.6777,nan,-1.5885,nan,-1.4596,nan,nan,-1.1658,nan,-0.9338799999999999,nan,-0.60883,-0.47284,-0.31219,-0.15635,0.033929,0.15325,0.2859,0.37474,0.44936000000000004,nan,0.60327,0.70245,0.79328,nan,0.94278,0.97524,1.0381,1.0954,1.1624,nan,nan,nan,1.3288,1.3991,nan,1.3846,nan,nan,1.3554,1.3259999999999998,1.3407,1.3111,1.3258,1.3406,nan,1.3256,nan,nan,nan,nan,nan,1.0637,nan,1.0608,nan,nan,0.87698,0.85706,nan,nan,0.75012,0.67729,0.65947,nan,nan,0.42383999999999994,0.38194,nan,0.26271,nan,0.13715,nan,nan,-0.06779400000000001,-0.13329000000000002,nan,-0.25952,-0.29514,-0.32999,-0.36396999999999996,-0.42703,nan,nan,nan,-0.5563600000000001,-0.6146199999999999,-0.65587,-0.69628,-0.70092,nan,-0.68948,nan,-0.68982,nan,-0.67698,nan,-0.6916899999999999,-0.67277,nan,-0.66476,-0.65974,-0.65474,-0.64467,nan,-0.6492899999999999,nan,nan,nan,-0.61242,-0.59914,nan,nan,-0.6108100000000001,nan,-0.57973,-0.55338,nan,nan,-0.5634100000000001,-0.59829,-0.6041,-0.6262800000000001,nan,nan,-0.65527,nan,nan,nan,-0.7095199999999999,nan,nan,-0.73343,nan,nan,-0.73377,nan,-0.8048,-0.80661,nan,nan,-0.81777,-0.7849,nan,nan,nan,nan,-0.68811,-0.6462100000000001,-0.61864,-0.5523600000000001,nan,-0.4606,nan,-0.37637,-0.30108,nan,-0.21115,nan,-0.10594,nan,nan,0.11900000000000001,nan,nan,0.28885,0.35965,0.44466000000000006,nan,nan,0.67156,0.69812,nan,0.76815,nan,nan,0.9344299999999999,0.98535,1.0525,1.1352,nan,nan,nan,1.2928,1.3242,1.371,nan,1.4017,1.4476,nan,1.4312,1.4615,1.4769,1.4621,1.4466,nan,1.4917,1.446,nan,1.4455,nan,1.3864,1.3769999999999998,1.3002,nan,1.2323,nan,nan,1.157,nan,nan,0.9489700000000001,0.87385,0.8200299999999999,0.74036,0.6631100000000001,nan,nan,0.29395,nan,-0.06167,nan,-0.41884,-0.5746600000000001,-0.71983,nan,nan,-1.0634,nan,-1.2442,nan,-1.4180000000000001,nan,-1.5723,nan,nan,nan,nan,-1.8151,nan,nan,-1.9072,nan
0.0,-1.9888,-2.0247,nan,nan,-1.8132,nan,nan,-1.6339,nan,-1.5353,nan,nan,-1.3354,nan,nan,-1.0635,nan,nan,-0.82365,-0.71124,nan,-0.59015,nan,nan,nan,-0.32985,-0.27779,-0.23836999999999997,nan,-0.13369,nan,0.026962,0.20145,0.26827,0.36641,0.44293999999999994,nan,0.74339,nan,0.9390799999999999,nan,nan,nan,1.3138,1.3804,nan,1.5311,nan,nan,1.48,1.4928,1.3981,nan,nan,1.2789,1.2503,1.195,1.1125,1.0731,nan,0.99624,nan,nan,0.88497,0.80629,0.7447699999999999,0.77963,nan,0.8971,1.0005,nan,1.1378,nan,1.1841,1.1933,1.1049,0.9233600000000001,0.86379,0.77471,nan,nan,nan,nan,-0.031477,nan,nan,nan,-0.45905,-0.53262,nan,nan,-0.73514,nan,nan,nan,nan,nan,nan,nan,nan,-0.55688,nan,-0.39579000000000003,nan,-0.30977,-0.29133000000000003,-0.28449,nan,-0.19691,-0.15377000000000002,-0.18006,nan,-0.2824,nan,nan,-0.4719,-0.57648,-0.64753,-0.71831,nan,-0.6511100000000001,nan,-0.67151,-0.6756,-0.65699,nan,nan,-0.72722,-0.7315,nan,-0.71236,nan,-0.61627,-0.57987,-0.49068999999999996,-0.42303,-0.35824,nan,-0.2849,-0.34448,-0.36086,-0.41163999999999995,-0.39782,nan,-0.5616399999999999,-0.68053,-0.7257,nan,-0.8733299999999999,nan,-0.9103700000000001,nan,-0.89613,-0.9071100000000001,-0.8789399999999999,-0.7469100000000001,-0.7127,nan,-0.5767100000000001,-0.53514,nan,-0.34801,-0.19951,nan,nan,0.24731999999999998,nan,nan,nan,nan,1.0026,1.1163,1.2948,nan,nan,nan,1.4457,1.344,1.2453,1.2202,1.1721,1.0691,nan,0.9378799999999999,0.9864200000000001,nan,nan,1.1026,nan,1.2198,1.2889,1.2881,1.3422,1.413,1.4928,1.5286,1.5404,1.5524,1.6422,nan,1.5984,nan,nan,1.4722,1.4615,1.449,nan,nan,1.149,0.9799399999999999,nan,0.6371899999999999,0.54916,nan,0.35872,0.28911,nan,nan,nan,nan,nan,-0.10082,nan,nan,-0.25084,-0.31464000000000003,nan,-0.34025,-0.41083000000000003,nan,nan,-0.64887,nan,-0.88556,-1.0059,nan,-1.1078,nan,nan,-1.4024,nan,-1.5247,-1.6105,-1.7345,-1.7878,nan,nan,nan,-1.9169,nan,-1.9865
1.0,-1.7545,-1.7779,-1.7514,nan,nan,-1.6159999999999999,nan,-1.551,-1.4796,-1.4415,nan,nan,-1.2954,-1.2221,nan,-1.1172,nan,nan,-0.93695,-0.8295899999999999,-0.75942,-0.69682,nan,-0.49596,nan,-0.29724,-0.22146999999999997,-0.07384,-0.014171000000000001,0.069113,0.20873000000000003,0.29613,0.35274,0.48945,0.58028,0.65977,nan,nan,nan,1.0327,nan,1.1952,1.2751,nan,nan,1.4028,1.4465,1.4791,nan,1.4961,1.5274,1.499,1.5213,nan,1.4889,1.5013,nan,nan,1.4015,1.4351,nan,1.3177,1.2907,nan,1.1306,nan,nan,nan,0.9574600000000001,0.92732,0.84244,0.8406399999999999,nan,nan,0.73443,nan,0.7070000000000001,nan,0.63594,0.61629,nan,0.55343,0.5363399999999999,0.5162100000000001,0.45153999999999994,nan,0.38956999999999997,0.26902,nan,0.095805,0.023549,nan,nan,nan,nan,nan,-0.37732,nan,nan,-0.61735,-0.68311,-0.8123,-0.8574299999999999,nan,-0.9734299999999999,-0.98819,nan,-1.0041,nan,nan,-0.9793,nan,-0.9483,nan,-0.9117700000000001,nan,-0.89743,nan,-0.8190000000000001,-0.82314,-0.7860699999999999,nan,-0.7116899999999999,-0.68512,nan,-0.68237,-0.67728,-0.67388,-0.66994,nan,nan,nan,nan,-0.79196,-0.86939,nan,nan,-0.86556,nan,-0.87936,nan,nan,-0.8988200000000001,nan,-0.88441,-0.8703200000000001,nan,-0.7580899999999999,nan,-0.5857,nan,-0.44691000000000003,nan,-0.31061,-0.20033,nan,nan,nan,nan,0.09301,nan,0.2944,nan,nan,0.45328999999999997,nan,nan,nan,0.5958100000000001,0.61564,0.66267,0.70228,0.67895,nan,nan,0.76622,nan,0.7904,0.8416100000000001,0.8401799999999999,nan,nan,0.9481200000000001,1.0002,nan,nan,1.1327,nan,1.2116,nan,1.325,1.3673,1.3452,1.4564,1.4705,nan,nan,nan,nan,1.3817,nan,1.3546,1.3632,1.3254,1.2854,nan,1.2422,nan,nan,1.0195,0.9358,nan,0.75939,nan,0.5348,0.49777,nan,nan,0.25167,0.077497,-0.008798299999999998,nan,nan,-0.26496,nan,-0.48506000000000005,nan,nan,nan,nan,-0.9166700000000001,nan,-0.99584,-1.113,nan,-1.1939,-1.2983,nan,nan,nan,-1.4783,nan,nan,nan,-1.641,-1.6473,-1.6754,nan,nan,nan,-1.7559
2.0,-2.1597,nan,-2.1656,-2.101,nan,nan,nan,nan,nan,-1.82,nan,-1.751,-1.6942,-1.5696,-1.4396,nan,-1.2745,-1.1677,-1.1082,-1.011,nan,-0.9171299999999999,nan,-0.80362,-0.75171,nan,nan,-0.5777100000000001,-0.59165,-0.52387,-0.47003,nan,nan,nan,nan,-0.47135,-0.5340600000000001,-0.45158000000000004,nan,-0.30789,-0.2334,-0.039883999999999996,nan,nan,0.2677,nan,nan,nan,0.56035,nan,0.6403300000000001,nan,0.64482,0.67188,0.60441,nan,0.6419699999999999,nan,0.49218,nan,0.32658000000000004,nan,nan,nan,0.013741999999999999,nan,-0.025573,-0.084375,-0.08973500000000001,-0.1244,-0.08049400000000001,0.015907,nan,0.29141,nan,nan,nan,1.0219,1.1207,1.2207,nan,nan,1.8162,1.9815,1.9326,1.9187,nan,nan,nan,nan,nan,nan,0.88656,nan,0.62058,0.39483,nan,0.087594,-0.031778,-0.15714,nan,-0.3203,nan,nan,-0.7246199999999999,-0.76512,nan,nan,-0.72797,-0.73587,-0.69547,nan,nan,nan,nan,-0.2137,nan,0.021611000000000002,0.069191,0.061771000000000006,-0.026418,nan,nan,nan,-0.28243,nan,-0.20551999999999998,nan,-0.29785,-0.33326,-0.42665,-0.35663,-0.29241,-0.30316,-0.16689,nan,-0.080019,nan,nan,0.18792999999999999,0.36653,nan,nan,0.74169,0.9126299999999999,0.9348200000000001,1.103,1.2768,1.294,1.48,1.67,1.766,1.9793,nan,2.2476,nan,nan,2.431,nan,nan,nan,2.1029,1.8201,nan,nan,nan,0.76183,0.6531899999999999,0.55698,0.60646,0.65594,0.6571100000000001,0.48249,0.30828,0.27644,nan,0.057362,nan,nan,-0.083504,-0.057469000000000006,-0.093564,-0.031778,nan,0.0080126,0.0028902,0.1409,0.14262,0.073864,nan,nan,nan,0.07423400000000001,0.047777,0.047777,0.086591,0.060740999999999996,0.035156,nan,0.0098873,nan,-0.08028300000000001,-0.10452,-0.077642,-0.22683000000000003,-0.10727,-0.11374000000000001,nan,0.15112,nan,0.41608999999999996,0.56397,nan,0.69208,nan,nan,nan,nan,0.47095,0.33384,0.2142,nan,nan,nan,0.001834,-0.074791,-0.19033,-0.27376999999999996,nan,nan,-0.50708,-0.56738,-0.66965,nan,-0.885,-0.9427200000000001,-1.0945,nan,-1.2432,nan,nan,-1.4652,-1.5956,-1.6959,nan,-1.885,nan,nan,nan,-2.1211,nan
0.0,-2.1448,-2.1654,-2.1562,nan,nan,nan,-1.8389,-1.8199,-1.7316,-1.6151,nan,-1.4888,-1.4119,nan,-1.207,-1.1655,nan,nan,nan,nan,nan,-0.37516,nan,-0.10107999999999999,-0.045754,nan,nan,nan,nan,0.28192,nan,nan,nan,nan,0.6139899999999999,0.7502300000000001,0.85288,0.90009,0.99097,1.1572,nan,1.2913,nan,nan,nan,1.4592,1.5306,1.5262,1.4988,1.4988,nan,1.4593,1.4202,nan,1.2811,nan,1.2216,1.1988,nan,1.1011,1.0345,nan,0.85421,nan,nan,0.5122899999999999,0.36872,nan,0.19555999999999998,0.13444,0.074892,0.06397,0.10803,nan,nan,nan,nan,0.3746,nan,0.27663000000000004,nan,-0.12232,nan,nan,-0.40931,nan,nan,nan,nan,-0.70643,nan,-0.81442,nan,nan,-0.88002,nan,-0.9082600000000001,nan,-0.84409,-0.7502800000000001,-0.6479199999999999,-0.53884,-0.42348,-0.41607,-0.32424000000000003,nan,nan,nan,-0.087501,-0.01105,nan,0.17305,0.21871999999999997,nan,nan,nan,nan,nan,nan,nan,nan,0.16035,nan,-0.083714,-0.09579,nan,-0.039612,nan,-0.0075399,-0.023495,-0.04079,nan,0.036493,nan,0.16587000000000002,nan,0.15813,0.10611,nan,nan,-0.093135,-0.11796,-0.24754,nan,nan,-0.5514899999999999,nan,nan,-0.88321,-0.8881,nan,-0.96688,-1.0074,nan,nan,-1.0154,nan,-0.98136,-0.91135,-0.90851,-0.89755,-0.91625,-0.87589,nan,-0.60728,-0.45563000000000003,-0.35867,nan,0.0067529,0.2029,0.32704,0.45519,0.53622,nan,nan,nan,nan,nan,nan,0.43754,0.44161000000000006,0.45078999999999997,nan,0.55372,nan,nan,0.88375,0.9378700000000001,nan,nan,nan,nan,1.4308,1.4483,nan,1.5061,nan,1.6157,nan,1.7804,nan,1.7657,nan,1.7167,1.7590000000000001,1.743,1.7255,nan,1.6767,1.5029,1.3191,nan,1.0793,0.9624299999999999,nan,0.6096,0.53678,0.40754,0.3343,nan,0.28276999999999997,0.28208,0.17836,0.10987000000000001,nan,nan,-0.11130999999999999,nan,-0.2743,nan,nan,-0.7016,nan,-0.9173100000000001,nan,nan,-1.2569,nan,-1.4347,nan,-1.5864,nan,nan,-1.78,nan,-1.9278,nan,nan,nan,-2.0468,nan
1.0,-1.632,nan,-1.6075,nan,-1.5762,-1.5718,-1.5191,nan,-1.4612,nan,nan,-1.2919999999999998,nan,-1.1698,nan,-1.099,-1.0042,nan,-0.87024,-0.81293,-0.73647,nan,-0.61011,nan,-0.42605,nan,-0.24356,-0.14926,-0.078193,nan,0.10209,0.17590999999999998,nan,nan,0.42423,0.52377,0.5817899999999999,nan,0.7169300000000001,nan,0.8816799999999999,nan,1.0091,nan,1.1632,1.1981,1.2813,1.3317,1.3807,1.4098,1.3904,nan,1.3902,1.3977,1.4001,nan,1.4308,nan,nan,nan,1.3216,1.306,nan,nan,1.2259,1.1881,nan,nan,nan,nan,nan,0.93711,0.87184,0.87108,0.8067,0.7859999999999999,0.80766,0.7673800000000001,0.7257,0.68801,nan,nan,0.59655,0.60295,0.56302,nan,0.44766999999999996,nan,nan,nan,0.19808,0.10817,nan,nan,-0.078458,-0.13962,nan,nan,nan,nan,-0.60219,nan,nan,-0.80779,-0.86211,nan,nan,-0.9824,-0.97409,-0.98805,nan,nan,nan,-0.99029,nan,-0.96072,nan,nan,-0.9305899999999999,-0.92217,nan,nan,-0.9657399999999999,nan,nan,-0.9393,-0.91196,nan,-0.93958,-0.96921,nan,nan,-1.0301,-1.0693,-1.06,-1.0687,-1.0859,-1.0746,-1.078,-1.092,-1.0806,nan,-1.0134,-0.9737399999999999,-0.9563299999999999,-0.86211,nan,-0.69588,nan,nan,nan,nan,-0.2807,nan,-0.14227,nan,nan,0.072778,0.1377,nan,nan,0.36864,0.43196999999999997,nan,0.52599,nan,nan,0.5806,0.63862,0.68056,0.67694,0.73917,nan,nan,nan,nan,0.895,nan,nan,nan,1.103,1.1468,1.1639,1.1998,1.2407,1.2911,1.3087,1.3523,1.3768,nan,1.4636,nan,1.4921,nan,1.4954,nan,nan,nan,1.4646,nan,nan,1.3604,1.3115,nan,nan,1.1214,nan,nan,nan,0.8021,nan,nan,0.67014,0.54543,nan,0.41231999999999996,0.3499,0.22058000000000003,0.14667,nan,nan,-0.10222,-0.19645,-0.24564,nan,-0.44788999999999995,-0.49987,nan,nan,-0.8015800000000001,nan,nan,nan,nan,nan,nan,-1.2696,nan,-1.3303,nan,nan,-1.4812,nan,-1.5461,nan,-1.5762,-1.6238,-1.625,-1.6302,nan,nan
2.0,-2.2551,nan,-2.2292,nan,-2.1699,-2.0941,-2.0532,-1.9863,-1.9101,-1.8264,-1.7359,nan,-1.5066,-1.3876,-1.2582,nan,-1.0121,nan,-0.6911,-0.52246,nan,-0.195,-0.043124,0.10790999999999999,0.27143,nan,nan,0.6884600000000001,0.8537,nan,1.0682,nan,1.2254,1.3138,1.3572,nan,nan,1.4232,1.4565,1.4869999999999999,nan,nan,1.4764,nan,nan,1.4197,nan,1.3230000000000002,nan,1.2448,nan,nan,1.0308,1.0308,nan,nan,nan,nan,1.1047,1.125,1.1651,1.1651,1.2448,nan,1.1047,nan,0.79096,0.6028899999999999,0.48203,0.309,nan,nan,nan,nan,nan,nan,-0.30072,-0.31294,-0.30646,-0.29266,-0.26375,-0.21049,nan,nan,nan,nan,0.027675,0.10338,0.24220999999999998,nan,nan,0.63636,0.63054,nan,0.45143,nan,0.19539,nan,-0.058929999999999996,nan,-0.31195,nan,-0.46798,-0.5504,nan,-0.55123,-0.48062,nan,nan,nan,-0.24831999999999999,-0.19043,nan,-0.12115,-0.12550999999999998,-0.1343,nan,-0.16696,-0.20731,-0.28103,-0.37528,-0.47467,-0.5603199999999999,nan,nan,nan,-0.55474,nan,nan,-0.57795,nan,nan,nan,-0.80333,-0.7383,-0.67502,nan,-0.54681,nan,-0.5318,nan,nan,-0.57763,-0.62162,-0.6429699999999999,-0.68806,nan,-0.73885,nan,-0.64875,-0.63817,-0.59713,nan,-0.60064,nan,-0.46381000000000006,-0.34243,-0.23165,-0.12775,nan,0.11847,0.21441999999999997,nan,0.37213,0.30556,0.22118000000000002,0.061725999999999996,-0.089023,nan,-0.17307,-0.18552000000000002,nan,-0.18584,-0.22368000000000002,nan,nan,-0.20961999999999997,nan,nan,-0.11062000000000001,nan,nan,0.19497,nan,0.43062,0.59434,0.73346,0.8454,0.93071,0.93937,nan,nan,1.0765,nan,1.1453,1.1253,nan,1.1453,1.1453,nan,1.0068,1.0563,1.0563,nan,1.0859,1.1767,1.2168,1.3197,1.3574,nan,1.3364,1.3174,nan,1.308,1.2999,1.2689,nan,nan,1.1759,1.1175,nan,0.91456,nan,0.6754899999999999,nan,nan,nan,0.0029158,-0.14770999999999998,-0.33653,-0.48043,-0.6438,-0.79568,nan,-1.131,-1.2258,-1.27,-1.4114,-1.5233,nan,nan,nan,nan,nan,-2.0416,-2.1209,-2.1368,-2.2045,nan,nan,nan
0.0,-1.8289,-1.8415,nan,-1.8032,-1.781,-1.7556,-1.7272,-1.6952,-1.6688,-1.6126,nan,nan,-1.4064,-1.3661,nan,-1.2185,nan,-1.0955,-0.95094,-0.83878,-0.69801,nan,-0.50668,nan,-0.25158,-0.11147,0.00012804,0.0742,0.19387000000000001,nan,0.38894,0.49771000000000004,nan,nan,nan,0.7403,nan,0.8097,0.86046,0.88471,0.882,0.8633799999999999,0.86698,0.83599,0.8645299999999999,0.95285,0.9965700000000001,1.04,1.1243,1.2034,1.285,1.3244,1.3867,1.444,1.4041,nan,1.3366,1.3366,1.3366,nan,1.3492,1.3893,1.3668,1.3268,nan,1.1919,1.1658,1.1525,1.1131,1.0286,0.9971899999999999,0.94983,0.8717,nan,0.68577,0.64671,0.58313,0.50325,nan,nan,0.39469,nan,0.42266000000000004,0.45906,nan,0.5371199999999999,nan,0.61965,0.6605800000000001,nan,nan,0.31151,0.19074000000000002,nan,nan,-0.069409,-0.16913,nan,-0.32926,-0.35513,-0.41989,nan,-0.54418,-0.6300100000000001,-0.65049,-0.7361,-0.8432700000000001,-0.88159,nan,-0.9251799999999999,nan,nan,-0.98954,nan,nan,-0.8979299999999999,nan,-0.8585200000000001,-0.9121100000000001,-0.91759,nan,nan,nan,-0.80316,nan,nan,nan,nan,-0.8261299999999999,-0.9113899999999999,-0.99484,-1.0759999999999998,-1.1324,-1.1477,nan,nan,-1.0177,-1.0051,-1.0378,nan,-1.0742,-1.0519,nan,-1.0207,-0.99398,-0.9139200000000001,nan,nan,nan,-0.67889,-0.6159899999999999,-0.5542100000000001,nan,-0.42608,nan,nan,nan,-0.17854,nan,-0.0056871000000000005,0.086247,nan,0.23713,nan,0.52291,0.6000300000000001,nan,nan,nan,0.49115,0.47686000000000006,nan,0.46503,nan,nan,0.66456,nan,nan,0.82365,0.89594,0.94739,nan,1.0270000000000001,1.1724,1.2458,1.2808,nan,nan,nan,nan,1.3918,nan,nan,1.4193,1.4417,1.4245,1.4639,1.4467,1.4127,nan,1.3568,nan,nan,1.1926,1.1065,nan,0.97836,0.92771,0.83145,nan,nan,nan,0.72646,0.70094,0.7033699999999999,nan,0.65213,0.58799,0.5341199999999999,0.48951000000000006,0.48134,0.40818000000000004,0.29456,0.21907,0.09212000000000001,0.059993,-0.066689,nan,-0.3697,nan,nan,nan,nan,nan,nan,-1.0922,nan,-1.2776,-1.3652,-1.4241,nan,-1.5885,nan,nan,-1.7162,-1.764,nan,-1.8455,-1.8358,-1.8388,nan
1.0,-2.0043,nan,-1.9533,nan,-1.8935,-1.8323,-1.8001,-1.7445,nan,-1.618,-1.5625,nan,-1.3823,-1.2890000000000001,-1.1932,-1.1042,-1.0003,-0.9017,-0.73533,-0.61434,nan,-0.39181,-0.26838,-0.17249,-0.053177999999999996,nan,0.096032,nan,0.31396999999999997,0.38781,0.49088000000000004,0.51893,nan,0.64427,0.69018,nan,0.82068,nan,0.94263,0.95455,0.9654200000000001,0.98535,1.0178,1.0507,1.0325,nan,nan,nan,1.0997,1.1167,nan,nan,1.1148,1.114,nan,1.1671,nan,1.1666,nan,1.1842,1.202,nan,nan,nan,1.2195,1.2195,1.2374,1.2013,1.1832,nan,1.1829,1.1431,1.1195,1.0728,1.0407,0.9818399999999999,nan,0.8672799999999999,0.80634,0.74288,nan,0.6269100000000001,0.5091899999999999,0.40051,0.30459,0.21075,0.091428,nan,-0.012015999999999999,nan,nan,nan,-0.092711,-0.13744,nan,nan,-0.19055999999999998,nan,-0.25425,nan,nan,-0.41691000000000006,-0.5162899999999999,-0.6090899999999999,-0.70067,-0.78999,-0.8794799999999999,nan,-1.0419,-1.1033,nan,nan,nan,-1.1747,-1.1286,-1.0874,-1.052,-0.9998,-0.9524600000000001,nan,nan,-0.75062,nan,-0.60238,-0.57906,-0.52327,-0.5706,-0.66713,-0.71304,-0.7744,-0.85201,-0.9119700000000001,nan,-1.0199,-1.06,-1.0952,nan,-1.1164,-1.1249,-1.1321,-1.0896,-1.0491,nan,-0.88026,nan,nan,-0.6281100000000001,-0.5546399999999999,nan,nan,-0.32274,-0.26244,-0.2224,nan,-0.20644,-0.18505,-0.17381,-0.15018,-0.16837,-0.15592999999999999,-0.12971,-0.10156,-0.027874,0.024353,0.069388,nan,nan,0.40776999999999997,0.53001,nan,0.68361,nan,0.81525,0.89241,nan,nan,nan,nan,1.0845,1.1266,nan,1.2009,1.1648,nan,1.1829,nan,1.1649,nan,nan,1.1651,nan,1.2011,1.1832,1.2013,1.2195,nan,1.1661,nan,1.1666,1.1489,nan,1.114,1.0794,1.0975,1.1157,1.0815,nan,nan,1.016,1.0178,0.97946,0.9344600000000001,0.8882399999999999,0.833,nan,0.74802,nan,0.66061,0.5916899999999999,0.51717,0.4368,0.36846,0.31046999999999997,0.2112,nan,0.013972,-0.10697000000000001,nan,nan,-0.44042,-0.56477,-0.6678,nan,-0.9081,-1.062,-1.1571,-1.2514,-1.3452,nan,nan,nan,-1.6524,-1.7013,nan,nan,nan,-1.8933,-1.9335,-1.9695,-2.0178,-2.004
2.0,-1.8293,nan,-1.8226,nan,-1.7941,nan,nan,-1.7480000000000002,nan,-1.6499,-1.6202,-1.5864,-1.5094,-1.425,-1.3863,-1.3108,-1.2386,nan,nan,nan,-0.79833,nan,nan,nan,-0.31277,-0.19418,-0.062328999999999996,0.07447000000000001,0.17737999999999998,0.31471,0.42918,0.49878,0.55448,0.64655,0.69692,0.75583,nan,0.87303,nan,1.0014,nan,nan,1.0090000000000001,nan,1.1114,1.1529,nan,1.255,1.2899,nan,nan,nan,1.3243,1.3243,1.3086,1.3241,nan,1.2772,nan,nan,1.3081,1.3081,1.3078,1.26,1.228,1.2275,nan,1.1468,1.1303,1.0971,nan,1.0094,nan,0.88623,nan,nan,nan,0.71523,nan,0.59249,nan,nan,0.39382,nan,0.34221,nan,0.19282,0.132,0.041453,-0.030424,nan,nan,nan,nan,nan,-0.33387,-0.36632,-0.39869,nan,-0.47446000000000005,nan,-0.5604100000000001,-0.6168399999999999,nan,-0.7056899999999999,nan,nan,-0.8057,-0.8416399999999999,-0.84535,-0.86515,-0.89831,nan,-0.9032399999999999,-0.8859299999999999,-0.90899,-0.9154700000000001,-0.9097799999999999,-0.92237,nan,-0.9101,-0.91389,-0.92729,-0.86262,-0.8780399999999999,nan,-0.91169,-0.90245,-0.8758,-0.87579,-0.8754200000000001,nan,-0.8727,-0.8708,-0.9006,-0.8974799999999999,nan,-0.89955,nan,nan,-0.90805,-0.9193399999999999,-0.9297799999999999,-0.9052899999999999,-0.9152100000000001,-0.8922399999999999,-0.85495,-0.82226,-0.82175,-0.7721399999999999,nan,-0.66824,-0.6314,nan,nan,nan,nan,nan,nan,-0.40173000000000003,nan,-0.24856,-0.19693,-0.13392,nan,nan,nan,0.057134000000000004,0.14636,nan,nan,nan,0.40838,nan,0.5352600000000001,0.56315,0.63642,0.6964100000000001,0.73088,nan,nan,0.89164,nan,nan,nan,nan,nan,nan,1.1791,1.2114,nan,nan,nan,nan,1.3235,nan,1.3864,nan,nan,nan,1.4017,nan,1.3708,nan,nan,1.3243,nan,nan,nan,1.255,1.1944,1.1579,1.1093,nan,1.0275,0.9714799999999999,0.9197700000000001,nan,0.8189,0.76944,0.77676,nan,0.5996199999999999,nan,nan,nan,0.24677,0.11873,nan,-0.04224,-0.18762,-0.32842,nan,-0.61431,-0.74436,-0.87269,nan,-1.1029,-1.1552,-1.2697,nan,-1.4174,-1.4717,nan,nan,-1.6597,-1.7041,-1.726,nan,nan,nan
0.0,-2.131,-2.1095,nan,nan,-2.0298,-1.9769,nan,nan,nan,-1.6846,-1.641,-1.5476,-1.4663,nan,-1.2594,-1.1368,-1.0774,-0.9404299999999999,-0.78456,nan,nan,-0.35851,-0.30358,-0.14689000000000002,nan,nan,0.26219000000000003,0.37529,nan,0.50021,nan,0.7133,0.76475,0.8052699999999999,nan,nan,0.8854799999999999,nan,0.90885,0.88582,nan,1.0242,1.1218,1.1421,nan,1.3109,1.3873,1.4347,1.4347,1.4069,1.4266,nan,1.4869999999999999,1.4312,nan,nan,1.4372,1.3812,1.3742,1.3607,nan,1.2683,1.122,nan,nan,0.9224600000000001,nan,0.80481,nan,nan,0.54905,0.47006000000000003,nan,0.35938000000000003,nan,0.17117000000000002,nan,0.14647000000000002,0.18729,0.20856999999999998,0.24934,nan,0.34154,0.38782,nan,0.12780999999999998,nan,nan,-0.20514000000000002,-0.36382,-0.48739,nan,-0.54545,-0.61138,-0.6745800000000001,-0.73505,nan,-0.73706,nan,-0.78722,nan,nan,nan,-0.8335600000000001,-0.8261299999999999,-0.78293,nan,-0.71349,-0.66299,-0.60559,nan,nan,nan,nan,nan,-0.39328,-0.36708,-0.37256999999999996,-0.36044,-0.32659,nan,-0.5068199999999999,-0.59606,-0.59606,nan,-0.56587,-0.53489,nan,-0.29513,-0.22468000000000002,nan,-0.21318,-0.2444,nan,-0.38099,nan,-0.4678,-0.50337,nan,nan,-0.60714,nan,nan,-0.6754600000000001,-0.6998,-0.7212,nan,-0.75185,-0.72701,-0.70745,nan,-0.63197,-0.62929,-0.56465,nan,-0.5218,-0.48486,-0.37719,nan,-0.12099000000000001,-0.010094,nan,0.17101,0.3348,0.49668999999999996,nan,0.55942,0.5040899999999999,0.42377,nan,nan,nan,nan,0.19799,0.21051999999999998,0.298,0.3852,0.52532,nan,0.73834,0.8402700000000001,nan,nan,1.033,1.0952,nan,1.2458,1.2925,1.3414,1.3864,1.4778,nan,nan,1.4428,1.4513,nan,nan,1.4182,nan,1.4479,1.4273,1.3473,1.2684,nan,nan,nan,1.1134,1.0008,0.9415100000000001,nan,0.98374,0.96598,0.9917799999999999,nan,1.0617,0.94311,nan,nan,0.75964,nan,nan,0.46786000000000005,0.34428000000000003,nan,0.11528,-0.025302,-0.12725999999999998,nan,nan,-0.5442899999999999,nan,-0.74915,-0.8830600000000001,nan,nan,nan,-1.268,nan,nan,nan,-1.6613,-1.7257,nan,nan,-1.9085,-1.9507,-2.0277,nan,-2.1041,nan,nan
1.0,-1.8976,-1.8961,-1.8432,-1.8201,nan,nan,-1.7279,-1.6999,-1.6229,-1.5579,-1.486,-1.4435,-1.3767,nan,nan,-1.0986,-1.0087,-0.9134,-0.79501,nan,nan,-0.52503,-0.42326,-0.32276,-0.19908,nan,-0.014797,nan,nan,nan,nan,0.3919,0.47946000000000005,nan,0.61735,0.64562,0.69604,nan,0.80215,0.83904,nan,nan,0.9419200000000001,nan,0.97951,1.0199,1.0174,nan,nan,nan,1.1025,1.0831,nan,nan,nan,1.1736,nan,nan,1.1719,nan,nan,nan,1.2087,nan,1.2083,nan,1.2463,1.2271,nan,nan,1.1891,1.1635,1.136,1.0824,nan,1.0168,0.9648200000000001,0.9449299999999999,0.8713,nan,nan,0.6309,0.53584,nan,nan,0.37261,0.29116,nan,nan,nan,nan,0.12324,0.07199,nan,nan,nan,nan,-0.10319,-0.1182,-0.2019,-0.30582,nan,-0.47267,-0.5684899999999999,-0.66525,nan,-0.7932100000000001,-0.89051,-0.9813200000000001,nan,-1.1388,-1.2066,-1.2508,-1.2589,-1.2512,-1.2419,nan,nan,nan,-1.1281,-1.1046,-1.0436,nan,nan,-0.9052399999999999,nan,nan,nan,-0.9599,-0.9878899999999999,-1.0175,-1.0103,-1.0834,nan,nan,nan,nan,-1.1895,-1.1988,nan,-1.1475,nan,-1.0608,nan,-0.87787,-0.78149,nan,-0.6349199999999999,-0.51775,-0.44459,nan,-0.26655,-0.14915,-0.042658,0.040969,nan,nan,nan,0.19183,0.17249,0.14862999999999998,nan,nan,nan,nan,nan,nan,0.47566,nan,nan,0.6271,nan,0.80051,0.86087,0.8972399999999999,0.9372299999999999,1.0312,1.0991,1.137,1.113,1.1409,nan,nan,1.2654,nan,nan,1.2848,1.2658,1.2658,1.2468,nan,1.2092,1.1905,nan,nan,nan,1.1166,1.1359,nan,1.0984,nan,1.1025,1.1042,1.1042,nan,nan,1.0562,nan,nan,nan,0.95726,0.89812,nan,0.78085,nan,0.70681,0.67133,nan,nan,nan,nan,nan,0.27303,nan,0.049196,-0.087451,nan,-0.27678,nan,nan,-0.60598,-0.64909,-0.7531800000000001,nan,-0.9709700000000001,nan,nan,-1.2264,-1.3203,-1.411,-1.4699,-1.5423,nan,-1.6716,-1.7286,nan,-1.7874,-1.8161,-1.874,nan,-1.8971
2.0,-1.6737,-1.6715,nan,-1.6349,-1.6061,nan,-1.5562,nan,-1.4901,nan,-1.4177,-1.3624,-1.298,nan,nan,-1.1413,-1.0663,nan,nan,-0.7924399999999999,nan,-0.61,nan,-0.36016,nan,-0.14826,-0.028210000000000002,0.09653400000000001,nan,nan,0.31272,nan,nan,nan,0.59648,0.6762699999999999,0.67079,nan,nan,0.8086300000000001,nan,0.88203,0.9440000000000001,nan,0.9666,1.013,nan,nan,1.0634,1.0926,1.0917,nan,nan,nan,nan,1.0898,nan,1.0589,1.0739,nan,1.0737,1.0583,nan,1.0735,nan,nan,1.0734,nan,1.0583,1.0583,1.0586,1.0435,1.0439,1.0411,1.0035,0.96459,nan,0.9656299999999999,0.9233399999999999,nan,0.87292,0.8273299999999999,0.79611,0.77927,nan,nan,nan,nan,0.5723,nan,nan,nan,0.34236,0.3029,nan,0.18531,0.11450999999999999,0.021887,-0.019686000000000002,-0.096679,nan,-0.29578000000000004,-0.33553,-0.4464,-0.54098,-0.63908,-0.6854100000000001,-0.7801100000000001,nan,-0.9234899999999999,-1.0109,-1.0898,-1.1646,-1.1987,nan,nan,-1.3473,-1.3725,-1.4188,-1.4624,nan,nan,-1.5047,nan,nan,-1.5163,-1.5005,-1.4979,-1.4956,-1.5047,-1.4956,-1.4841,nan,-1.4488,-1.4024,-1.3776,-1.3394,nan,-1.2177,-1.1966,-1.1248,-1.0449,nan,-0.9284,-0.8552299999999999,-0.76271,-0.71038,-0.6029,nan,nan,nan,-0.2597,nan,-0.064479,nan,0.06329800000000001,0.15074,0.19195,nan,nan,0.38858000000000004,nan,0.46013999999999994,0.5263399999999999,nan,0.62351,0.6584899999999999,0.70812,0.73256,nan,nan,0.8421200000000001,0.8332,0.8614200000000001,0.90371,0.9292299999999999,0.94916,nan,1.0067,1.0432,1.043,nan,1.0735,nan,1.1042,nan,1.0894,nan,1.0898,1.0898,nan,1.1208,1.1059,nan,1.1065,1.0917,nan,1.1229,1.1082,nan,1.0946,1.0957,nan,1.0671,1.0341,nan,1.0213,nan,nan,0.9132100000000001,nan,0.8457,0.82168,nan,nan,nan,0.67145,0.59202,nan,0.5088699999999999,0.46658,nan,nan,0.17499,0.10274000000000001,0.002517,-0.11765,-0.2583,nan,nan,nan,-0.64648,nan,nan,-0.9857799999999999,-1.0192,-1.1139,nan,nan,nan,nan,-1.4081,nan,nan,nan,nan,-1.5768,-1.6097,-1.6362,nan,-1.6625
0.0,-2.1308,-2.1044,-2.0748,-2.0254,-1.9449,nan,nan,nan,-1.6573,-1.6165,nan,-1.4708,nan,nan,-1.1926,nan,nan,nan,nan,nan,nan,-0.43299,nan,-0.21141999999999997,-0.055229999999999994,nan,nan,0.16724,0.23836,nan,nan,nan,0.42496000000000006,nan,0.77481,0.84493,nan,nan,nan,nan,nan,nan,nan,1.6816,nan,1.7422,1.7633,nan,1.6580000000000001,1.5728,1.4869,1.5081,1.4935,nan,nan,1.3494,1.3046,1.2697,nan,1.0777,1.0187,nan,nan,nan,0.7388,nan,0.61011,nan,0.47753,0.37077,0.34010999999999997,0.38271,nan,0.47483000000000003,0.5234,0.54681,0.45513000000000003,0.28446,nan,-0.030873,nan,-0.26954,nan,nan,-0.60848,nan,-0.76794,nan,-0.90633,nan,-0.9426700000000001,-1.0032,-1.0318,nan,-0.9721,-0.96764,nan,-0.9547200000000001,-0.89545,nan,nan,nan,nan,-0.43478999999999995,-0.3531,-0.31081,nan,nan,-0.055169,nan,0.01457,0.061322,0.10764000000000001,nan,nan,0.16446,0.096416,0.051628,0.0044670000000000005,nan,0.021646000000000002,0.039275,0.10717,nan,nan,nan,nan,nan,-0.0013412,nan,-0.109,nan,-0.057235,0.009273,0.042834,nan,0.2162,nan,0.082039,0.02862,nan,-0.14151,-0.19039,nan,-0.44503000000000004,-0.56304,-0.64253,-0.68069,-0.81465,-0.91294,nan,-1.0642,nan,nan,nan,-1.0242,-0.9656600000000001,-0.90422,nan,nan,nan,nan,-0.71278,-0.67443,-0.59541,-0.54175,nan,nan,-0.19033,nan,0.020869,0.1934,0.39455999999999997,0.48917,nan,0.55169,0.50151,nan,nan,nan,0.27998,nan,0.40031,0.50659,0.6210100000000001,0.6490199999999999,nan,nan,nan,nan,1.1696,1.2021,nan,1.3647,1.4576,1.4873,1.5526,1.5678,nan,nan,1.5339,nan,nan,1.5507,1.4999,1.5461,1.5148,nan,1.3997,1.3559999999999999,1.2704,nan,nan,nan,0.84441,0.76265,0.64695,nan,0.53766,nan,0.44968,0.38199,0.32564,nan,0.19679000000000002,0.10404000000000001,nan,nan,nan,-0.31782,nan,-0.5954699999999999,nan,nan,-0.95676,nan,-1.1705,-1.2655,-1.3171,nan,nan,nan,nan,nan,nan,-1.8596,nan,nan,-2.0341,-2.08,nan
1.0,-1.8803,-1.8627,-1.8497,nan,nan,nan,-1.6948,nan,nan,-1.5776,-1.5117,nan,-1.4179,nan,nan,nan,-1.0937,nan,-0.86997,-0.8182,nan,-0.5845899999999999,-0.46743,nan,nan,nan,-0.050126,0.080082,0.10749,0.22941999999999999,nan,0.4225,0.46647,0.53041,0.58692,0.6723399999999999,nan,0.74435,nan,0.88015,0.9012899999999999,nan,nan,1.06,nan,nan,1.1483,1.1866,1.2193,1.2359,nan,1.2343,1.2511,1.268,nan,1.3022,nan,1.3194,nan,nan,nan,1.3534,nan,1.3134,1.271,nan,1.2324,1.2156,nan,nan,1.1076,0.9830200000000001,0.92,nan,nan,0.73315,nan,0.58091,0.55608,0.44835,nan,0.31356999999999996,0.27036,0.22737,nan,0.1214,nan,0.10955999999999999,0.095276,0.081454,0.068084,nan,0.048701,nan,0.025537999999999998,-0.007872,-0.054826,-0.16333,nan,-0.30565,-0.40436,-0.5052300000000001,-0.60733,nan,-0.75845,nan,nan,-0.97205,-1.0207,nan,nan,-0.99439,nan,-0.93445,-0.91501,-0.8547600000000001,-0.8277100000000001,nan,nan,nan,nan,nan,-0.72964,-0.73782,nan,-0.70467,nan,nan,-0.80318,nan,nan,nan,-0.91286,-0.9589,-1.0082,-1.0412,-1.0605,-1.0863,-1.1085,nan,-1.1271,-1.1144,nan,nan,-0.88731,nan,-0.73837,-0.63677,-0.5344300000000001,-0.48327,nan,nan,nan,nan,-0.084426,-0.042318,-0.069218,-0.059322,-0.049076,nan,nan,-0.010251,0.002491,0.03971,nan,nan,0.20705,nan,0.36466,0.50084,nan,nan,0.67389,nan,nan,nan,0.9855200000000001,1.0548,nan,1.1373,1.1871,nan,1.2659,1.2835,nan,1.3264,1.3672,nan,1.4053,nan,nan,1.3695,1.3517,nan,nan,1.3345,1.3169,1.2994,nan,1.2647,1.2475,1.2486,1.2498,nan,1.1994,nan,nan,1.0736,1.0771,1.01,0.9556600000000001,0.89651,0.87403,nan,0.77046,0.67269,nan,0.56811,nan,nan,0.33852,0.25737,0.13489,0.007672399999999999,nan,-0.15813,nan,-0.40619,-0.45353999999999994,-0.58682,nan,nan,-0.94132,-1.0009,nan,-1.1843,nan,-1.3259,-1.395,-1.4724,-1.5259,nan,-1.6208,nan,nan,-1.7328,-1.7759,-1.8145,-1.8485,-1.864,-1.8799
