4.0,-0.12557000000000001,-0.09245700000000001,nan,-0.05966900000000001,-0.05966900000000001,-0.05966900000000001,-0.05966900000000001,-0.05966900000000001,-0.05966900000000001,nan,-0.05966900000000001,-0.05966900000000001,-0.05966900000000001,-0.05966900000000001,-0.05966900000000001,-0.05966900000000001,-0.060987,-0.077546,-0.094104,-0.11066,-0.13052,-0.18019000000000002,nan,-0.26116999999999996,-0.29429,-0.32741,nan,-0.44974,-0.52792,-0.5775899999999999,nan,-0.67695,-0.72926,nan,-0.87013,-0.9860399999999999,-1.093,-1.1593,-1.2224,nan,-1.3283,-1.4111,-1.4801,-1.4966,-1.5168,-1.5499,-1.5755,-1.5755,-1.5715,-1.555,-1.5384,-1.5218,-1.4924,-1.4262,-1.3644,-1.3147,nan,-1.2154,-1.1418,-1.0094,-0.89665,-0.83042,-0.75908,-0.67629,-0.56713,-0.40155,nan,-0.18036,-0.091962,0.0073884,0.13557,0.31772,0.4702,nan,nan,0.7456,0.82839,0.9111799999999999,1.0197,1.1687,1.2782,nan,nan,1.4738,1.5359,1.569,1.595,1.6116,nan,1.6447,1.6464,1.6299,nan,1.5968,1.5725,1.5393,1.5062,1.4731,1.44,1.4069,1.3737,nan,1.2739,1.1746,1.0923,nan,0.9598700000000001,0.89364,0.7740199999999999,0.60844,0.48816000000000004,0.40537,0.31335,0.214,nan,-0.1404,-0.28176999999999996,-0.38111999999999996,-0.47075,-0.5535399999999999,-0.68576,nan,-0.94658,-0.99625,-1.0561,-1.1224,nan,-1.2818,-1.3224,-1.339,-1.3662,-1.3993,-1.4325,-1.4656,-1.4877,-1.5042,-1.5096,-1.5096,-1.4982,-1.4816,-1.4766,-1.4766,-1.4415,-1.3918,-1.354,-1.3209,-1.2878,-1.2547,-1.1728,-1.0734,nan,nan,nan,-0.83306,-0.71608,-0.5836100000000001,-0.48968999999999996,-0.4069,nan,nan,-0.09262100000000001,0.072963,0.18517,0.28452,0.37035999999999997,0.45315,0.60432,0.7699,0.86629,nan,1.0179,nan,1.1928,nan,1.3673,nan,1.4522,nan,1.5331,1.5827,1.6176,1.6507,1.6688,1.6854,1.702,nan,1.7197,1.7197,1.7043,nan,1.6711,1.6546,1.6064,1.5567,1.5230000000000001,1.4899,1.4083,1.3256,1.2754,nan,1.176,1.1259,0.9934799999999999,0.862,0.79577,0.72748,0.57845,0.43173,0.34894000000000003,0.26689,0.20065,0.12989,-0.019138,-0.16388,-0.24666999999999997,nan,-0.46563999999999994,-0.59111,-0.64078,-0.69672,nan,-0.91989,-0.953,-0.9861200000000001,-1.0192,-1.0565,-1.1227,-1.1823,nan,-1.2202,-1.2698,-1.3144,-1.331,-1.3475,nan,-1.3806,-1.3972,-1.4107,-1.4107,-1.4075,nan,-1.3778,-1.3778,-1.3742,-1.3577,nan,-1.3043,-1.2712,-1.238,nan,-1.1718,-1.1303,nan,-1.0022,-0.9525100000000001,-0.88471,nan,-0.66698,-0.6007399999999999,nan,-0.48968999999999996,-0.41489,-0.28243,-0.17072,-0.10447999999999999,-0.03825,0.027982999999999997,0.11077999999999999,0.22669,0.31986,0.36953,0.4426,nan,0.65037,0.70004,0.76825,0.8676,0.94158,0.9747,1.0078,1.0409,1.0874,1.1536,nan,1.2159,1.2395,1.2726,1.3057,1.3388,1.3573,nan,1.3723,1.4054,1.4232,1.4232,1.4232,1.4232,1.4312,1.4477,1.4480000000000002,nan,nan,1.4232,1.4147,1.3981,1.3816,1.365,1.3485,nan,1.2974,1.2477,1.2163,1.1998,1.1739,1.1408,nan,0.99645,0.9232899999999999,0.85706,0.8006300000000001,nan,0.6913100000000001,0.62508,0.56898,nan,0.46962,0.41995,nan,0.26655999999999996,0.21565,0.18253,nan,0.034244,-0.015678,nan,-0.081912,-0.11503,-0.15943,-0.20911,-0.23588,-0.25244,-0.26899999999999996,-0.28556,-0.30211,-0.31867,-0.33523000000000003,-0.35179,-0.35624,-0.35624,-0.36851,-0.38506999999999997,nan,nan,-0.38919000000000004,-0.38919000000000004,-0.38919000000000004,-0.38919000000000004,-0.38919000000000004,-0.38919000000000004,-0.38919000000000004,-0.38919000000000004,-0.40245,nan,-0.42213999999999996,-0.42213999999999996,nan,-0.42213999999999996,nan,-0.42213999999999996,-0.42213999999999996,-0.42213999999999996,-0.43623,-0.45278999999999997,nan,nan,-0.4551,-0.4551,-0.46968000000000004,nan,-0.48805,-0.48805,-0.48805,-0.48805,-0.48805,-0.48805,-0.48805,-0.48805,nan,-0.48805,nan,-0.48805,-0.48805,-0.48805,-0.48805,nan,nan,nan,-0.5042800000000001
2.0,-2.2454,-1.9926,-1.9462,-1.9229,-1.8919,-1.8589,-1.8259,-1.7930000000000001,-1.76,-1.7269999999999999,-1.694,-1.6653,-1.6397,-1.6097,-1.5877,-1.5657,-1.5437,-1.5219999999999998,-1.511,-1.4894,nan,-1.4664,-1.4554,-1.4523,nan,-1.4588,-1.4639,-1.4744,-1.4918,-1.5106,-1.5403,-1.5598,-1.5708,nan,-1.5928,-1.6038,-1.6147,nan,-1.6156,-1.6156,-1.6156,-1.6081,-1.5971,-1.5861,-1.5751,-1.5593,-1.5414,-1.527,-1.5022,-1.4713,-1.4494,nan,nan,-1.3606,-1.3276,nan,-1.2708,-1.2404,nan,nan,nan,-1.1084,nan,-1.0425,nan,-0.97957,nan,-0.9239299999999999,-0.90195,nan,-0.8579700000000001,-0.8466899999999999,-0.8256600000000001,nan,-0.79038,nan,-0.7610399999999999,-0.74573,-0.73474,nan,-0.71275,-0.70176,nan,-0.67977,-0.67076,-0.66945,-0.6591,-0.6591,-0.64813,-0.6474300000000001,-0.63781,-0.63577,nan,nan,-0.63577,-0.63577,-0.64137,-0.6474300000000001,nan,-0.6510199999999999,-0.6591,nan,-0.6723399999999999,-0.68333,nan,-0.69409,-0.70465,-0.7156399999999999,-0.72663,-0.73763,-0.74862,-0.75961,-0.77061,-0.7816,-0.8133600000000001,-0.85929,-0.8845700000000001,-0.89238,-0.89238,nan,-0.89238,-0.89189,nan,-0.8807200000000001,-0.8705700000000001,nan,-0.86025,-0.85739,-0.8499200000000001,-0.83893,nan,-0.79589,-0.74285,-0.7208600000000001,nan,-0.67689,-0.6549,-0.6329100000000001,-0.61092,nan,-0.56695,-0.53455,-0.51131,-0.48932,nan,-0.43762,-0.4117,-0.38971,-0.36772,-0.34574,-0.32375,-0.30176,-0.27978000000000003,-0.25779,-0.2358,-0.21381999999999998,-0.19183,-0.16984000000000002,nan,-0.13587,nan,-0.093557,nan,-0.056902,-0.03926,nan,nan,-0.0012632,0.009730299999999999,0.024019,0.043382,nan,0.064086,0.064698,nan,nan,nan,nan,0.099078,0.099078,nan,nan,0.099078,0.09350900000000001,0.08741399999999999,0.083186,0.07575,0.07575,0.073534,0.064086,0.064086,nan,0.052888,0.052421,0.052421,0.043236000000000004,0.040757,nan,0.021919,0.017429,0.011597,0.00060307,-0.01039,-0.021384,nan,nan,-0.059789,-0.10149,-0.12394000000000001,-0.15692,-0.16832,-0.17932,-0.18086,nan,-0.18086,-0.17343,-0.16243,nan,-0.14587,-0.14112,nan,-0.11913,-0.10814000000000001,nan,-0.074486,-0.059118,nan,0.039533,0.061520000000000005,0.093217,nan,0.14751,0.18049,0.21348000000000003,0.2401,0.26777,nan,0.33373,0.36671,0.3997,nan,0.47731999999999997,0.5103,0.54296,0.56495,0.59758,0.62059,0.65188,0.67623,0.69821,0.71291,0.73052,0.74656,0.75755,0.76394,0.76788,0.77887,0.78727,0.78919,0.79893,nan,0.79893,0.80984,0.8106,nan,nan,0.79893,0.79893,0.79205,0.78727,0.78173,0.77074,0.76394,0.75688,0.73775,0.7267600000000001,0.71577,0.70477,0.6937800000000001,0.68279,0.6613,0.6491399999999999,nan,nan,0.60449,nan,0.57603,0.55985,0.54372,0.5261899999999999,0.51141,0.49254,0.48155,0.47056000000000003,0.45956,nan,0.43758,0.43733999999999995,0.43733999999999995,0.44676000000000005,nan,0.45708000000000004,0.46808,0.47907,0.49006000000000005,0.5010600000000001,0.51205,0.5271,nan,0.5683600000000001,0.57935,0.59172,0.61301,0.62403,0.6460199999999999,nan,0.76546,nan,0.81894,0.8376,0.85959,0.8815700000000001,nan,0.93721,0.96352,0.99285,nan,1.0485,1.0705,1.0925,1.1142,1.1252,1.1468,1.1687,1.1815,nan,1.2229999999999999,1.2378,1.2554,1.2714,1.2824,1.2934,nan,1.3154,nan,1.3355,1.3367,1.3472,1.3472,nan,1.3588,1.3588,nan,1.3588,1.3588,1.3657,1.3705,1.3705,1.3753,1.3821,nan,1.385,1.3938,nan,1.4055,1.4056,1.4166,1.4276,1.4386,nan,1.4606,1.4794,1.4942,1.5117,1.5337,1.5505,1.5659999999999998,1.588,1.6099,nan,1.6539,1.6759,1.6979,nan,1.7419,nan,1.7648,1.7758,1.7707,nan,1.742,1.7381,nan,1.7765,1.8025,1.8354,1.8684,1.9034
1.0,-1.8573,-1.7971,-1.7830000000000001,-1.7689,-1.7547,nan,-1.7265,nan,-1.689,-1.6678,-1.6516,-1.6298,-1.6108,-1.5908,-1.5728,-1.5533,-1.5392,nan,-1.5017,-1.4784,nan,nan,nan,-1.4109,-1.3893,-1.3752,-1.3611,-1.3469,-1.3328,-1.3187,-1.3046,-1.2905,-1.2852,-1.2852,-1.2854,-1.2944,-1.2944,-1.2944,nan,nan,-1.2926,-1.2852,-1.2852,-1.2852,-1.276,-1.2681,-1.2668,-1.2584,nan,-1.2483,-1.2391,-1.2388,-1.2298,-1.2206,nan,nan,-1.2022,-1.1929,-1.1861,-1.1812,-1.1745,-1.1652,-1.1573,nan,-1.1468,-1.1376,-1.1376,-1.1329,-1.1283,-1.1283,-1.1283,-1.1225,nan,-1.1191,-1.1099,-1.1099,-1.1073,-1.1007,-1.1007,-1.0926,-1.0914,-1.0914,-1.0872,-1.0822,-1.0822,-1.073,-1.073,-1.0637,nan,nan,-1.0545,-1.0453,-1.0383,-1.0334,-1.0193,-1.0144,-1.0084,-0.99536,-0.98124,-0.9671200000000001,-0.9622299999999999,-0.94811,-0.93399,nan,-0.90576,-0.89164,nan,-0.8634,nan,-0.84439,-0.8302700000000001,-0.81615,nan,-0.78791,-0.77379,-0.75968,-0.74556,-0.72221,nan,-0.69397,-0.67985,-0.66573,-0.65162,-0.6375,nan,-0.60926,nan,-0.59025,nan,-0.56543,-0.55712,nan,-0.53774,nan,-0.5191,nan,-0.50083,-0.4952,-0.4916,nan,-0.4916,-0.4916,nan,-0.4916,nan,-0.48236999999999997,-0.47886999999999996,-0.47315,-0.46392,-0.46392,-0.45469,-0.44546,-0.44546,-0.43623,-0.43623,nan,-0.42701000000000006,-0.41778000000000004,-0.41095,-0.39932,nan,-0.38705,-0.38087,-0.37164,-0.36315,-0.35318,-0.34414,-0.34395,-0.33473,-0.32947,-0.3255,-0.31968,-0.31479,-0.30704000000000004,-0.30501,-0.29780999999999996,-0.29523,-0.28859,nan,-0.27936,-0.27936,-0.27936,-0.27936,-0.27936,-0.27455999999999997,nan,-0.2609,-0.25066,-0.23654,-0.22399000000000002,nan,-0.20553000000000002,-0.19852,-0.1844,-0.17785,-0.16539,-0.15127000000000002,-0.13715,-0.12303,-0.10892,-0.094797,-0.080678,-0.06655900000000001,-0.052440999999999995,-0.029094,-0.014975,nan,0.022491,0.036610000000000004,0.057834,nan,nan,0.10231,nan,0.13055,0.15344000000000002,0.16802,0.18214,nan,0.21036999999999997,0.23003,nan,0.26195999999999997,nan,nan,0.30430999999999997,0.31843,0.33255,0.33892,0.35156,0.35738000000000003,nan,0.37546,nan,0.39429000000000003,0.39936,0.40352,0.40352,nan,0.40352,nan,0.41273999999999994,0.42196999999999996,0.42926000000000003,0.43415,nan,nan,0.46728000000000003,nan,0.48628999999999994,nan,0.51453,0.53382,0.55199,0.56611,0.58023,0.59435,nan,0.62259,0.63671,0.64344,0.65572,0.66984,0.67473,0.68885,0.6937399999999999,0.69881,0.70804,0.70804,0.7133,0.71727,0.7230800000000001,nan,0.7357199999999999,0.74698,0.7611,nan,0.7801100000000001,nan,0.7991199999999999,0.80401,0.81813,0.8230200000000001,nan,0.84203,0.85569,0.8610399999999999,nan,0.88005,nan,nan,0.91106,nan,nan,0.9370799999999999,nan,0.95609,0.9664200000000001,0.9751,nan,0.99411,nan,1.0131,1.0218,1.0321,1.0402,1.0495,1.056,1.0609,1.0679,nan,1.0848,1.0897,1.0956,1.1048,nan,1.1185,1.1234,1.1325,1.1418,nan,1.143,1.151,nan,nan,1.1602,1.1602,nan,1.1602,1.1602,1.1602,1.1694,1.1694,nan,1.1696,1.1787,1.1794,1.1879,1.1892,1.1971,1.2064,1.2064,1.2156,1.2156,1.2248,1.2248,1.2283,1.234,1.234,1.234,1.2387,1.2433,1.2433,1.2433,1.2433,1.2446,1.2525,1.2525,1.2593,1.2617,1.2617,1.2617,1.2617,1.2617,nan,1.2659,1.28,nan,1.3079,1.3131,1.3272,1.3414,1.3555,nan,1.3837,nan,1.4145,1.4353,1.4526,1.4728,1.4906,1.5102,1.5286,1.5477,1.5666,1.5856,nan,nan,nan,1.6601,1.6807,1.6976,1.7117,1.7258,1.7399,1.754,1.7682,1.7823
1.0,-2.1146,-1.9039,-1.8742,-1.8444,nan,-1.7897,-1.7692,nan,-1.7097,-1.68,-1.6503,-1.6205,-1.6021,-1.575,nan,-1.5157,-1.4997,-1.4721,-1.4572,nan,-1.4275,-1.4126,-1.4045,-1.4045,-1.4045,-1.4045,-1.4045,-1.3931,-1.3906,-1.3906,nan,-1.3767,-1.3767,-1.3735,-1.3627,-1.3627,-1.3567,-1.3488,nan,nan,nan,-1.321,-1.3093,-1.307,-1.2935,-1.2926,-1.2792,-1.2768,-1.2619,nan,-1.2461,-1.2374,-1.2303,-1.2235,-1.2235,-1.2136,-1.2096,nan,nan,-1.1959,-1.1956,-1.1956,-1.1956,-1.1921,-1.1817,-1.1763,-1.1678,-1.1678,-1.1678,-1.1586,-1.1539,-1.1539,-1.1539,-1.141,-1.1399,-1.1391,-1.126,-1.1233,-1.1121,-1.1075,-1.0982,nan,-1.0768,-1.0703,-1.061,-1.0461,-1.0313,nan,-1.0146,nan,-0.9857299999999999,-0.9708700000000001,-0.956,nan,-0.92627,-0.91141,-0.89654,-0.8816799999999999,-0.86682,-0.86146,-0.85101,-0.83615,-0.8212799999999999,-0.81968,-0.80548,-0.79183,-0.78968,-0.77791,-0.77791,-0.77293,-0.76398,-0.76398,-0.7561899999999999,-0.7500600000000001,-0.74038,-0.73614,-0.73614,-0.72364,-0.72221,-0.70829,-0.70829,nan,-0.6943600000000001,-0.69015,nan,-0.66651,-0.6594800000000001,-0.64462,-0.62975,-0.62474,-0.61395,-0.59909,-0.5968899999999999,-0.58328,-0.58234,-0.56748,-0.55261,-0.53775,-0.52727,-0.52194,nan,nan,-0.47735,-0.46248999999999996,-0.44761999999999996,nan,nan,nan,-0.40209,nan,nan,nan,-0.36018,-0.35562,-0.34075,-0.33233,-0.32495,-0.31840999999999997,nan,-0.30448000000000003,nan,-0.2924,-0.29056,-0.29052,-0.27663000000000004,nan,-0.27378,-0.26271,-0.26271,nan,-0.24878000000000003,-0.24123000000000003,-0.23485999999999999,-0.23485999999999999,nan,-0.22355,-0.22094,-0.22094,nan,-0.20701,nan,-0.19309,-0.18912,-0.17915999999999999,-0.17331,-0.16524,-0.15750999999999998,-0.14265,-0.13739,-0.12684,nan,-0.097113,-0.082249,-0.081309,-0.066445,nan,-0.036716000000000006,-0.025994,-0.020912,nan,0.008816500000000001,0.023681,0.038544999999999996,nan,0.057552,0.069213,0.084078,0.098942,nan,nan,0.12961,0.14447000000000002,0.15502,0.16028,0.16895,0.16895,0.17702,0.18287,nan,0.1968,0.1968,0.20956999999999998,0.22444,0.23856999999999998,nan,0.2551,0.26997,nan,0.28576999999999997,nan,0.3155,0.32211,0.3313,0.34617,0.36103,0.3759,0.39076,nan,nan,nan,0.43628999999999996,0.44743,0.4521,0.46696000000000004,0.48183000000000004,0.48921000000000003,0.49763,nan,nan,0.5283,nan,0.5441,nan,0.54598,nan,nan,0.57275,0.5775899999999999,0.58668,nan,0.6006,0.6092,0.6240600000000001,nan,nan,0.64237,0.65567,nan,0.67148,0.68415,0.68415,0.6882199999999999,nan,0.70402,nan,0.71983,0.72592,0.73563,nan,0.75144,0.74124,0.7398399999999999,0.7398399999999999,0.7398399999999999,0.7398399999999999,nan,0.7440899999999999,0.7537699999999999,0.7537699999999999,0.7537699999999999,0.76178,0.76769,0.76769,0.77852,0.78162,nan,0.7955399999999999,0.81013,0.82339,0.8259299999999999,0.8373200000000001,0.8417399999999999,nan,0.85754,0.86516,0.87334,nan,nan,0.9040100000000001,0.9188799999999999,0.92086,0.93468,0.9356200000000001,nan,0.9514299999999999,0.9626299999999999,0.9626299999999999,0.9681700000000001,0.97656,0.97656,0.97656,0.97656,0.98679,0.9904799999999999,0.9904799999999999,0.9904799999999999,0.9904799999999999,0.99149,nan,nan,1.0082,nan,1.0183,1.025,1.0323,nan,1.0462,nan,1.0715,nan,1.0873,1.1021,1.117,1.1318,1.1467,1.1576,1.1625,1.1715,1.1715,1.1793,nan,1.1854,1.1854,1.1969,1.1993,1.1993,nan,nan,1.2272,1.2304,1.2411,1.2462,1.2611,1.276,nan,nan,nan,1.3354,1.3619999999999999,1.3791,nan,1.4233,1.4515,1.4689,nan,nan,1.5441,1.5676,1.5896,1.6194,1.6491,1.6688,1.6946,1.7244,1.7669,1.7977,1.8275,1.8572,1.8896,1.9306,1.9603,1.99,2.0198,2.0495,2.0792,2.0997,nan,2.1295
1.0,-2.1583,-1.9635,-1.9257,-1.8985,-1.8759,-1.8508,-1.8262,-1.8031,-1.7765,-1.7555,-1.7268,-1.7073,nan,-1.6576,-1.6309,nan,-1.5776,-1.554,-1.5279,-1.5084,-1.4889,-1.4695,-1.45,-1.4393,nan,-1.4131,-1.3993,-1.3895,nan,-1.3701,-1.3603,-1.3512,-1.3512,-1.3512,-1.3512,nan,nan,-1.3404,nan,-1.3372,-1.3297,nan,-1.3189,-1.3189,-1.3189,-1.3111,-1.3081,-1.3024,-1.2926,-1.2866,-1.2839,nan,nan,-1.2655,-1.2557,-1.246,nan,-1.2373,-1.2328,-1.2285,nan,-1.2198,nan,-1.2111,-1.2014,nan,-1.1898,-1.1829,-1.1732,-1.1682,-1.1645,nan,-1.1557,-1.146,-1.1363,-1.1359,-1.1359,-1.1286,-1.1252,-1.1199,-1.1101,-1.1037,-1.1014,-1.0917,-1.0819,nan,-1.0624,-1.0527,-1.043,-1.0332,-1.0235,-1.0137,-1.0012,-0.9835,-0.9737600000000001,-0.9640200000000001,-0.9542799999999999,-0.9445399999999999,-0.9348,nan,-0.90456,-0.8948200000000001,-0.88508,-0.87534,-0.8656,-0.8558600000000001,-0.8461200000000001,nan,nan,-0.8169,-0.80716,-0.79742,-0.79156,-0.7887,nan,nan,-0.75948,-0.75927,-0.7507699999999999,-0.74851,nan,nan,-0.7225699999999999,-0.71283,nan,nan,-0.68361,nan,-0.66413,nan,-0.64465,-0.6289399999999999,-0.61441,-0.6046699999999999,-0.5920300000000001,nan,-0.56383,nan,-0.53445,-0.51615,nan,nan,-0.46848,-0.45347,-0.44028,-0.4208,-0.40271999999999997,-0.39261,-0.37313,-0.36274,-0.34493,-0.3325,-0.32276,nan,-0.29252,-0.28278000000000003,nan,-0.2633,-0.25356,-0.24381999999999998,nan,-0.22434,-0.22116999999999998,-0.21561999999999998,-0.20588,-0.19964,-0.19717,-0.18888,-0.18888,-0.18888,-0.17973,-0.17812,-0.17102,-0.16735999999999998,-0.1623,-0.15659,-0.15358,-0.14583,-0.14486,-0.13512000000000002,-0.12538,-0.12430999999999999,nan,-0.10693,-0.097187,-0.092022,-0.08847000000000001,-0.07873,-0.068991,-0.059251,-0.049511,-0.039772,-0.030032,nan,-0.010553,-0.0008131,0.004837,0.0079042,0.017644,0.027384,0.037123,0.046863,0.056603,nan,0.07608200000000001,0.08582200000000001,0.09556100000000001,nan,0.11504,0.12478,0.13452,0.14426,0.154,0.16374,nan,0.17246,0.1822,0.19194,nan,0.21141,0.22008000000000003,0.22013000000000002,0.22987,0.23961,nan,0.25909,nan,0.27857,0.28831,0.29805,0.30617,0.30677,0.31651,0.32625,0.33599,nan,0.35546,0.35999000000000003,0.36418,0.37392,0.38366,nan,0.40314,0.41288,0.43145,0.44311999999999996,nan,nan,0.47234,0.48578999999999994,nan,0.51232,0.52271,0.54219,0.5523,0.56204,0.5717800000000001,0.58782,0.60202,0.6117600000000001,0.6215,nan,0.64098,nan,0.66046,0.67908,nan,nan,0.71018,0.7247100000000001,0.74042,0.74742,0.7491399999999999,0.75888,nan,0.76894,0.7773399999999999,nan,0.78606,0.79047,0.79477,0.80123,0.8034899999999999,0.81323,0.8229700000000001,0.8327100000000001,0.83352,0.8414299999999999,0.8442799999999999,0.85014,0.8550399999999999,0.8588600000000001,0.8686,0.87656,nan,0.8870600000000001,0.8968,0.90654,nan,0.91525,0.92499,nan,0.94447,0.95421,0.96395,0.9736899999999999,0.9834299999999999,0.9931700000000001,nan,1.0234,nan,1.0429,1.0526,1.0624,1.0721,1.081,1.081,1.0906,1.1003,1.11,1.1133,1.1188,1.1285,1.1382,1.1456,1.147,1.1567,1.1664,nan,1.1779,nan,1.1946,nan,1.2034,1.2102,1.2121,1.2209999999999999,nan,nan,nan,nan,1.2425,1.2425,1.2469,1.2532,1.2557,1.2654,1.2748,1.2748,1.2839,1.2855,1.2926,nan,1.2963,1.3003,nan,1.3090000000000002,1.3178,1.3178,1.3178,1.3178,nan,nan,1.3286,1.3331,1.3393,1.3418,1.3501,1.3505,1.3603,1.37,nan,1.3787,1.3885,1.3931,1.3972,1.4039,1.4059,1.4147,nan,1.4244,1.4254,1.4254,1.4254,nan,1.4362,1.4362,1.4387,1.4485,1.4582,1.4679,1.4777,1.4874,nan,1.5238,1.5433,1.5668,nan
6.0,1.9375,1.8684,1.8565,1.8446,1.8328,1.8209,1.8090000000000002,1.7971,nan,1.7734,1.7615,1.7496,nan,nan,nan,1.7021,1.6902,1.6783,1.6664,1.6546,1.6427,nan,1.6189,1.607,1.5952,1.5833,nan,1.5595,1.5476,nan,1.5239,1.5119999999999998,1.5001,1.4882,1.4764,nan,1.4526,1.4407,1.4288,1.3958,1.3364,1.2708,1.2325,1.2136,1.1972,nan,1.1122,nan,1.0604,0.99828,nan,0.9089700000000001,0.85257,0.82709,0.81393,0.7538100000000001,0.68253,0.61124,0.54998,0.52594,0.45752,0.41128000000000003,0.3994,0.38752,0.37564000000000003,0.34371999999999997,nan,nan,0.25713,0.19772,0.16695,0.15507,0.14319,nan,0.08393099999999999,0.061745,0.010931999999999999,0.0023434000000000003,0.0023434000000000003,-0.030721,-0.077813,-0.11217,-0.11217,nan,-0.13677999999999998,-0.15295999999999998,-0.18087,-0.18388,nan,-0.19619,-0.21665,-0.24285,-0.26503000000000004,nan,-0.29538000000000003,-0.3147,nan,-0.34118000000000004,-0.34891,-0.38527,-0.40703,-0.40989,-0.44768,-0.46557,nan,nan,-0.54701,-0.55875,-0.5593199999999999,-0.5712,-0.58308,-0.59496,-0.6068399999999999,-0.6187199999999999,-0.6306,nan,-0.6469199999999999,-0.66625,-0.67813,-0.69001,-0.70189,-0.71377,-0.72565,-0.73753,-0.74941,-0.75342,nan,-0.78233,-0.79693,-0.80881,-0.8206899999999999,-0.83257,-0.84445,-0.8563299999999999,-0.86821,-0.8800899999999999,-0.89197,-0.90385,-0.9157299999999999,-0.93005,nan,-0.9628200000000001,-0.9747,-0.9907299999999999,nan,-1.0218,nan,-1.0456,nan,nan,-1.0884,-1.1045,-1.1164,-1.1283,-1.1402,-1.1520000000000001,-1.1542,-1.1644,-1.1762,-1.1881,-1.2,-1.2119,-1.2238,nan,-1.2475,-1.2573,-1.2598,-1.2717,nan,-1.2916,-1.2959,-1.3078,-1.3197,-1.3315,nan,nan,-1.3534,-1.3416,-1.3297,-1.3259999999999998,-1.3174,-1.3055,nan,-1.2817,-1.2802,-1.2694,-1.2575,-1.2457,-1.2338,-1.2219,-1.2115,-1.2096,-1.1977,-1.1858,-1.1739,-1.1621,-1.1502,nan,-1.1264,-1.1198,-1.1141,-1.1022,-1.0904,nan,-1.0666,-1.0547,-1.0428,-1.031,nan,-1.0072,nan,-0.9834299999999999,-0.97155,-0.95967,-0.9477899999999999,-0.93591,nan,-0.91215,nan,-0.88839,nan,-0.8646299999999999,-0.85275,-0.8408700000000001,-0.8244100000000001,-0.80566,-0.79378,-0.7819,-0.7700199999999999,-0.7581399999999999,-0.74626,-0.73438,nan,-0.71906,-0.71019,-0.69831,-0.69616,-0.6859999999999999,-0.6741199999999999,-0.6732600000000001,-0.6732600000000001,-0.66181,-0.66095,-0.65036,nan,-0.6482100000000001,-0.6389100000000001,nan,-0.63547,-0.62746,-0.62746,-0.62746,-0.6223,nan,-0.616,-0.60956,-0.60455,-0.60455,nan,-0.60455,-0.59597,nan,-0.5836600000000001,-0.58165,-0.57135,nan,-0.5475899999999999,-0.5471600000000001,-0.53528,nan,-0.5229699999999999,-0.5110899999999999,-0.49921000000000004,-0.48733000000000004,-0.47544,nan,nan,-0.45125,-0.43937,nan,-0.40989,-0.39228,-0.3804,-0.36851999999999996,-0.35664,-0.34476,-0.32458000000000004,-0.30955,-0.29767,-0.28579,nan,nan,-0.2387,-0.22682,-0.21465,nan,nan,-0.16785,-0.15597,-0.14407999999999999,-0.1322,-0.12032000000000001,-0.11217,-0.10801,-0.096134,-0.089264,-0.083825,nan,nan,-0.059635,-0.054911,-0.047325,-0.043460000000000006,-0.043460000000000006,-0.034586,-0.032008999999999996,-0.022276,nan,nan,0.0019140000000000001,0.013793999999999999,0.025675,0.038414,0.060886,0.072766,0.08679400000000001,0.10797999999999999,0.12286,nan,0.15893,nan,0.20646,0.23021999999999998,nan,0.30665,nan,0.36648000000000003,0.40212,0.43776000000000004,nan,0.50905,0.54469,0.58033,0.61597,0.65161,0.69798,0.73434,nan,0.8514299999999999,0.88707,0.92414,nan,1.0077,1.0525,1.0913,1.1388,1.1824,nan,1.2651,1.306,nan,1.4019,1.4535,1.4891,nan,1.5489,1.5763,1.6,1.6238,1.6475,1.6713,1.6846,nan,1.7313,1.7429,nan,nan,0.79088,0.779,0.77199,0.78387,0.79575,0.8076300000000001,0.8195100000000001,0.83139,nan,nan,1.7948,1.8242,1.8479,1.8789,nan,1.9307,1.946,1.9667,1.9719,1.9622,nan
3.0,-0.46476000000000006,-0.60364,nan,nan,-0.66081,nan,nan,-0.71324,-0.7258600000000001,nan,-0.75112,-0.77164,-0.79092,-0.80355,nan,-0.8288,-0.8414200000000001,nan,-0.8666799999999999,-0.8863200000000001,-0.90648,-0.91911,-0.93173,-0.9443600000000001,-0.9569799999999999,-0.9596,-0.9676799999999999,nan,-0.99293,nan,nan,nan,-1.0143,nan,-1.0324,nan,-1.0615,-1.0629,-1.0755,-1.0882,-1.111,-1.128,-1.1406,-1.1708,nan,-1.2512,-1.2639,-1.2990000000000002,-1.3182,nan,-1.4417,nan,-1.5757,-1.6136,-1.676,-1.7081,nan,-1.8057,-1.8711,nan,-1.9216,-1.9469,-2.0064,-2.0411,-2.0587,-2.0714,-2.1025,nan,nan,-2.0553,-2.0406,-2.0194,-1.9941,-1.9689,-1.9465,-1.9329,-1.9077,-1.8824,-1.8475,-1.8174,-1.7921,-1.7630000000000001,-1.7251,-1.6872,nan,-1.626,-1.5881,nan,-1.5124,nan,-1.4366,-1.3987,-1.3609,-1.3230000000000002,-1.2851,-1.2472,-1.2094,-1.1715,-1.1338,-1.1086,-1.0724,-1.0345,-0.99665,-0.9587700000000001,-0.92089,-0.8830100000000001,nan,-0.8072600000000001,-0.77942,-0.75417,-0.72273,nan,nan,nan,-0.61336,-0.58811,-0.57203,-0.55216,-0.52691,-0.5050399999999999,-0.49241,-0.47978999999999994,-0.45501,-0.43998000000000004,nan,-0.41473000000000004,-0.4021,-0.38948,-0.37685,-0.36423,-0.3516,-0.33898,-0.32635,-0.31372,-0.30466,-0.30303,nan,-0.27778,-0.26515,-0.25251999999999997,-0.2399,-0.22726999999999997,-0.21465,nan,-0.20278,-0.19132000000000002,-0.1787,-0.17368,-0.168,-0.15912,nan,-0.14468,-0.14457,nan,-0.13001,-0.12328,-0.11066,-0.09802999999999999,-0.085404,-0.072779,-0.060153,-0.047527,-0.034901,-0.022275,-0.009649600000000001,0.004977399999999999,0.030156,0.042782,0.055408000000000006,0.068034,0.087573,0.10784,0.12352,0.14765,0.16027,0.18472,0.20997,0.22726,0.24591999999999997,0.27116999999999997,nan,0.32168,0.34693,0.37218,0.39743,0.42268,0.44793999999999995,0.47318999999999994,0.49843999999999994,nan,0.54894,nan,0.614,nan,0.6645,0.69212,nan,0.75481,0.7800600000000001,0.8053100000000001,0.8378399999999999,0.8703700000000001,0.8956200000000001,0.9208799999999999,nan,0.98357,1.0112,1.0364,1.0617,nan,1.1267,1.1520000000000001,nan,nan,1.2371,1.2676,1.2928,1.3181,1.3433,1.3686,1.3938,1.4086,1.4298,1.455,1.4803,1.5028,1.5162,1.5415,1.5667,1.5824,1.595,1.6134,1.6348,1.6475,nan,1.6853,nan,1.7125,1.7251,1.7378,1.7504,1.7630000000000001,1.7756,1.7883,1.7911,1.7990000000000002,nan,1.7872,1.7746,1.7619,1.7493,nan,1.7241,1.7045,1.6792,1.6540000000000001,1.6287,1.6035,nan,1.5530000000000002,1.5277,1.5025,1.4772,1.4497,1.4122,nan,1.3507,1.3218,1.2895,1.2568,1.2283,1.1917,nan,nan,1.0913,1.0534,nan,0.99223,0.95435,nan,0.8786,0.84072,0.80284,nan,0.74164,0.70376,0.6674100000000001,0.6421600000000001,0.60468,nan,0.54348,0.51205,nan,0.46153999999999995,0.43628999999999996,0.41103999999999996,0.38579,0.36054,nan,0.3156,0.29934,0.2758,0.26316999999999996,0.23814000000000002,0.22336,0.21074,0.19810999999999998,0.18549000000000002,0.17285999999999999,0.16022999999999998,0.14761,0.14652,0.13691,0.13964000000000001,0.14652,0.14652,0.14652,nan,0.15911,0.16107,0.16107,nan,nan,0.16402,0.17563,nan,0.17563,nan,0.18349000000000001,0.19018,0.19018,0.19225,nan,0.20473,0.20473,0.20473,0.21172,0.21929,0.21929,0.21929,nan,0.21929,0.21929,nan,0.23384000000000002,0.23384000000000002,0.23384000000000002,nan,0.23384000000000002,0.23384000000000002,0.23384000000000002,nan,0.23384000000000002,nan,nan,0.23384000000000002,0.23384000000000002,0.23384000000000002,nan,0.23384000000000002,0.23384000000000002,0.2314,nan,0.21929,nan,0.21929,0.21929,0.21929,0.21929,0.21929,0.21929,0.21929,0.21929,nan,0.21929,0.21929,nan,0.23384000000000002,0.23384000000000002,0.23384000000000002,0.2433,0.2484,0.2484,nan,0.2484,0.2484,nan,0.26295,0.26295,0.26295,nan,0.26295,0.26295,0.26295,0.26295,0.26295,nan,0.26874000000000003
1.0,-2.0069,-1.9205,nan,-1.8915,-1.8703,-1.8522,-1.8328,-1.8129,-1.7882,-1.7663,-1.7476,-1.7241,-1.6998,-1.6811,nan,-1.6333,-1.6105,-1.5856,-1.5609,-1.5378,-1.5114,-1.4901,nan,-1.4473,-1.4236,-1.4080000000000001,-1.3861,-1.3688,-1.3542,-1.3397,-1.3252,nan,-1.3106,-1.3188,-1.3188,-1.3233,-1.3291,-1.3264,-1.3188,-1.3179,nan,-1.2992,-1.2949,-1.288,-1.2777,-1.272,-1.2675,-1.2572,nan,-1.2447,-1.2367,-1.2264,-1.2218,-1.2161,nan,nan,-1.2058,-1.2058,-1.1963,-1.1956,-1.1956,-1.1956,-1.1897,-1.1853,-1.1853,-1.177,-1.1727,-1.1648,-1.1642,-1.1545,nan,-1.1413,-1.1340000000000001,-1.1225,nan,-1.1038,-1.0929,nan,-1.0705,nan,-1.0518,-1.0373,-1.0228,-1.0185,-1.004,-0.9895200000000001,-0.9750200000000001,-0.9696299999999999,-0.9562700000000001,-0.9417700000000001,-0.9272600000000001,-0.91275,-0.89825,nan,nan,nan,-0.85049,-0.83611,-0.83175,-0.81724,-0.80273,-0.78823,nan,-0.75921,-0.74471,-0.7302,nan,nan,nan,nan,-0.65767,-0.6431600000000001,-0.62865,-0.61415,-0.59964,nan,-0.57063,-0.56639,nan,-0.54765,-0.53314,-0.5280100000000001,-0.5144,-0.50746,-0.50746,-0.50169,-0.49718999999999997,-0.49718999999999997,nan,nan,nan,-0.48691999999999996,-0.4823,-0.47665,-0.46638,-0.46638,nan,nan,-0.44583999999999996,-0.44238,-0.43556999999999996,-0.4253,-0.4194,-0.41503,-0.41092,-0.40476,-0.40245,-0.39449,-0.39398,nan,-0.38422,nan,-0.37703000000000003,-0.37395,nan,-0.36432,-0.36368,-0.36368,-0.35341,-0.35341,nan,-0.34314,-0.34314,-0.34314,-0.34314,-0.33287,-0.33287,nan,-0.33287,-0.33287,-0.33287,-0.33287,-0.33287,nan,-0.33287,-0.33287,-0.33287,-0.33287,-0.33287,-0.33287,nan,-0.3158,nan,-0.29705,-0.29179,-0.27831,-0.2638,-0.25956999999999997,-0.24506,-0.24044000000000001,nan,nan,-0.19935999999999998,-0.19307,-0.17856,-0.16405,-0.14955,nan,-0.12053,-0.10603,nan,-0.077013,-0.06250599999999999,-0.048,nan,-0.0087158,0.0057909,nan,nan,0.059580999999999995,0.08050700000000001,nan,0.11337,0.12788,0.14239000000000002,nan,0.18167,nan,0.21068,0.22171999999999997,0.22943000000000002,0.24393,0.25844,nan,0.28334000000000004,0.29169,0.3062,nan,0.32494,0.3347,nan,nan,0.36243000000000003,0.36666,0.38117,0.38605,0.38605,0.38605,0.38605,nan,0.38605,0.39632,0.39632,0.40659,0.41326,0.42713,0.43201000000000006,0.4374,nan,0.44766999999999996,nan,0.46346000000000004,0.46821,0.47848,nan,0.48875,0.49491,0.49915,0.5092899999999999,nan,0.51956,0.51956,0.52983,0.52983,nan,0.5433100000000001,0.55037,0.55178,nan,0.5606399999999999,0.57091,0.57091,0.57297,0.58118,0.58118,0.58118,0.58991,0.59415,0.60172,0.6119899999999999,nan,0.62226,0.63253,0.6401100000000001,nan,0.65885,0.6633399999999999,0.6775899999999999,0.68388,0.69634,nan,0.71508,0.72497,0.73382,0.74833,0.75578,0.76707,0.78158,0.79609,0.8105899999999999,0.8251,0.8396100000000001,0.85411,0.8686200000000001,0.88313,0.8976299999999999,nan,0.9201,0.9308799999999999,nan,0.9599,0.97145,nan,nan,1.0023,1.0119,1.0264,nan,1.0451,1.0596,1.0639,1.0784,1.0929,nan,1.1116,1.1255,1.1304,1.1449,1.1491,1.1563,1.1666,nan,1.1866,1.1871,1.1871,nan,nan,nan,1.1666,1.158,1.1563,nan,1.1563,1.1563,1.1563,nan,nan,nan,1.1358,1.1358,1.1332,nan,nan,1.1831,nan,1.2122,1.2267,nan,1.2557,nan,nan,1.2992,1.3137,1.3282,1.3443,1.3675,1.382,1.4005,1.4213,nan,1.4606,nan,1.5045,1.5246,1.5419999999999998,nan,1.5897,1.6135,1.6375,1.663,1.6852,1.7142,nan,1.7723,1.7972,1.82,1.8467,1.8678,1.8963,1.9155,1.9356,1.9603,1.982,1.9996,2.0141,2.0286,nan,nan
3.0,-0.71158,-0.73041,-0.7319899999999999,-0.7319899999999999,-0.7319899999999999,-0.7319899999999999,-0.7319899999999999,-0.7319899999999999,-0.7319899999999999,-0.7319899999999999,nan,-0.7319899999999999,-0.73342,-0.75226,-0.75241,nan,-0.77283,-0.77283,-0.77283,-0.77283,-0.77283,-0.7804300000000001,-0.79324,-0.79324,-0.79324,-0.79324,-0.79324,-0.79324,-0.79324,-0.80861,-0.81366,-0.81366,-0.81366,-0.81366,-0.81366,-0.81366,-0.81366,-0.81366,-0.81366,nan,-0.81366,-0.81366,-0.8288700000000001,-0.8340799999999999,-0.8943,-0.9989399999999999,nan,-1.0659999999999998,-1.0848,nan,-1.2016,-1.2025,-1.2214,-1.3131,-1.3241,-1.3391,-1.3984,nan,nan,-1.537,-1.5558,nan,-1.6507,-1.6531,-1.6744,-1.7497,-1.7528,nan,-1.7975,-1.8274,-1.8932,-1.9467,nan,-2.066,-2.0903,-2.1126,-2.0795,nan,-2.06,nan,-2.0223,-2.0035,-1.9846,-1.9658,-1.9469999999999998,-1.9281,nan,-1.8905,-1.8716,-1.8528,-1.8335,-1.7958,-1.7759,-1.757,-1.7236,-1.699,nan,nan,-1.6219999999999999,nan,nan,nan,-1.5039,-1.4666,-1.4478,-1.4113,-1.3737,-1.3505,-1.3188,-1.2811,-1.2434,-1.2058,nan,-1.0488,-1.0111,-0.9734200000000001,-0.93575,-0.8980799999999999,-0.84296,-0.80233,-0.76466,-0.7269899999999999,-0.71158,-0.71158,nan,-0.71158,-0.71158,nan,nan,-0.71148,-0.67381,nan,nan,-0.5733600000000001,-0.38502,-0.27186,-0.24364,-0.21378000000000003,nan,-0.17611,-0.15728,-0.13548,-0.078979,-0.059940999999999994,-0.041107,-0.022272999999999998,-0.017424000000000002,-0.0050214,0.013812999999999999,0.032647,0.05148099999999999,0.06424099999999999,0.068732,nan,0.085984,0.10482000000000001,0.10507000000000001,0.12207,0.12549000000000002,nan,0.14590999999999998,0.15657000000000001,0.17540999999999998,nan,0.21308000000000002,0.22757,0.23033,0.24799000000000002,0.24799000000000002,0.26641,nan,0.28365999999999997,nan,0.30091999999999997,0.30924,0.31817,0.32965,0.33542,0.35007,0.35267,nan,0.39034,0.3909,nan,0.42643000000000003,0.44526000000000004,nan,0.48293,nan,0.5134,0.5190100000000001,0.53785,0.5566800000000001,0.57552,0.59435,0.6131800000000001,0.63202,0.65085,nan,0.68852,0.7175600000000001,nan,nan,0.78427,nan,0.84236,0.86119,0.88002,0.9168200000000001,nan,0.9717399999999999,0.9961899999999999,1.0267,1.0543,1.0816,1.1124,1.1365,1.1742,1.2097,nan,1.2668,1.2866,1.3217,nan,1.3635,nan,nan,1.4405,1.4593,1.473,1.4765,1.4954,1.5142,1.5330000000000001,1.5342,1.5503,1.5691,1.588,1.5955,1.6052,1.624,1.6363,nan,1.6601,1.6771,1.6774,nan,1.68,nan,1.6424,1.6235,1.6159,1.6063,1.5874,nan,1.5498,nan,1.5121,nan,1.4934,1.4587,1.4368,nan,nan,nan,1.3316,1.3018,1.2829,1.2641,nan,nan,1.1872,1.1684,1.1495,1.1151,1.0774,1.0522,1.0334,nan,0.95985,0.9156,0.8967700000000001,0.87497,0.83868,nan,0.78238,0.7447199999999999,0.72251,0.6898,nan,nan,0.64718,0.62079,0.58909,0.57026,0.55423,0.55301,0.53417,0.5153399999999999,0.4965,0.49298000000000003,0.47925,0.47257,0.462,0.45215,0.44475,0.43173,nan,nan,nan,nan,0.41131999999999996,0.41131999999999996,0.41131999999999996,0.41131999999999996,nan,0.3909,0.3909,nan,0.37049,0.37049,0.36798000000000003,0.35007,0.35007,nan,0.35007,0.33505999999999997,0.32965,nan,0.32965,0.32965,0.32965,0.32414,0.30924,0.30924,0.30924,0.30924,nan,0.30924,0.30924,0.30924,0.32092,0.32965,0.32965,0.32965,0.32965,0.32965,nan,0.32965,0.32965,0.31179,0.30924,0.30924,nan,0.2977,0.28881999999999997,0.28045,0.2684,0.2684,0.26478,nan,0.24753000000000003,0.22869,nan,0.22757,0.22757,nan,0.20715,0.20715,0.20715,nan,0.20715,nan,nan,0.18674000000000002,0.18674000000000002,0.18674000000000002,0.18674000000000002,0.17235,0.16632,nan,0.16632,0.16632,0.16632,nan,0.14590999999999998,0.14590999999999998,0.14590999999999998,0.14590999999999998,0.14590999999999998,0.14590999999999998,0.16015,0.16632,0.16632,0.16632,0.17423,0.19307,0.20715
2.0,-1.9986,-1.969,-1.9484,-1.9287,-1.909,-1.8893,-1.8645,nan,-1.8162,-1.7890000000000001,-1.7679,-1.7388,-1.7191,-1.6994,-1.6714,-1.6492,-1.6296,-1.6154,-1.601,nan,-1.5751,nan,-1.5554,-1.5455,nan,-1.5542,-1.5562,-1.5562,nan,-1.5512,-1.5413,-1.5346,-1.5324,-1.5226,-1.5127,-1.5029,-1.4931,-1.4832,-1.4661,nan,nan,-1.4222,-1.4089,nan,-1.3695,-1.3498,-1.3301,-1.3104,-1.2907,-1.271,-1.2514,-1.2317,nan,-1.1815,-1.1618,-1.1421,-1.1213,-1.0919,-1.0722,-1.0525,-1.0329,-1.0132,-0.98726,-0.96298,-0.94329,-0.9236,-0.90148,-0.8734200000000001,-0.8537299999999999,-0.83404,-0.81435,-0.79465,nan,-0.76188,-0.74637,-0.72668,-0.7107600000000001,-0.70091,-0.69107,-0.6812199999999999,-0.67138,nan,-0.65168,-0.64979,-0.64979,-0.64979,nan,-0.64979,nan,-0.6605800000000001,-0.66193,-0.67218,-0.69188,-0.70226,-0.71211,nan,-0.74259,-0.75797,-0.77766,-0.79735,nan,-0.82595,-0.84564,-0.8653299999999999,nan,-0.89595,-0.9136200000000001,nan,-0.94221,-0.9619,-0.9816,-0.99508,nan,-0.99508,nan,-0.9849700000000001,-0.9751200000000001,nan,-0.9554299999999999,-0.94558,-0.93034,-0.91065,-0.8909600000000001,-0.8712700000000001,-0.85157,-0.82649,-0.72802,-0.6966,-0.66706,-0.63752,-0.60798,-0.57844,-0.54891,-0.51937,-0.48983000000000004,-0.46029,-0.43075,-0.40121,-0.37167,-0.35117,-0.33148,-0.30464,-0.28131,-0.26687,-0.25271,-0.23639000000000002,nan,-0.2167,-0.20685,-0.19701,-0.18716,-0.17731,-0.17502,-0.16841,-0.16423,nan,-0.16423,-0.16423,-0.16423,-0.16423,-0.16423,-0.17407999999999998,-0.17502,-0.18298,-0.19283,-0.20267000000000002,-0.21252,nan,nan,-0.24206,-0.2519,-0.26215,-0.28185,-0.29223000000000005,nan,-0.32271,-0.33255999999999997,-0.34794,-0.38139,nan,-0.4259,-0.43399,-0.4348,-0.44464,-0.44478,-0.43601,-0.43399,-0.42711000000000005,-0.41726,nan,-0.39353,-0.37694,-0.36493000000000003,-0.34524,-0.32555,nan,-0.18527000000000002,-0.13955,-0.11729,-0.091262,-0.061724,-0.027733999999999998,0.0081436,nan,0.06722,0.096759,0.1263,nan,0.17674,nan,0.23365999999999998,nan,nan,0.30756999999999995,nan,0.34696,0.36557,0.37555,0.39525,0.4059,nan,0.42558999999999997,0.43543999999999994,0.44528999999999996,0.45082,nan,0.46403,0.47388,0.48318999999999995,0.48318999999999995,nan,0.49398000000000003,0.49398000000000003,nan,0.49398000000000003,0.48926000000000003,nan,nan,0.47051000000000004,0.46066,0.45082,0.44097,0.43112,0.41331999999999997,nan,nan,0.36503,0.34534000000000004,0.32565,0.30596,nan,0.26698,0.25713,0.23798000000000002,0.21828000000000003,0.20601,nan,0.17526,nan,0.14869000000000002,0.14869000000000002,0.15044000000000002,0.15947999999999998,0.15947999999999998,nan,0.17903,nan,0.19873,nan,0.2342,0.25389,nan,0.29328000000000004,0.31296999999999997,0.33509,0.4434,0.47833000000000003,0.5078699999999999,0.53741,0.56695,0.59648,0.62157,0.64477,0.6743100000000001,0.70385,0.73339,0.7629199999999999,nan,0.81121,0.84075,0.86354,0.8832399999999999,0.9029299999999999,0.9226200000000001,0.94231,0.9599799999999999,0.97091,0.99046,1.0003,nan,1.02,1.0298,1.0397,1.0443,1.0486,nan,1.0683,nan,1.0874,1.0874,1.0969,1.0982,nan,1.1048,1.109,nan,nan,1.1119,1.1198,1.1198,1.1198,1.1198,1.1198,1.1278,1.1306,1.1306,nan,1.1306,nan,1.1306,1.1293,1.1198,1.1198,1.1198,nan,1.1198,nan,1.109,nan,nan,1.0982,1.0965,nan,1.0874,1.0777,nan,1.0688,1.0590000000000002,nan,1.0501,1.0524,1.0752,1.1004,nan,1.1201,1.1299,1.1398,1.1578,1.1703,1.1864,1.2007,1.215,1.2347,1.2519,1.2649,1.2938,1.3135,nan,1.3529,1.3803,1.4031,1.4286,nan,nan,1.5064,1.5359,1.5655,nan,1.6245,1.645,1.6728,nan,1.7319,nan,1.7867,1.8063,1.8285,1.8565,1.8762,nan,1.9156,1.9268,1.9442,1.9573,1.9671,1.9769999999999999,1.9868,1.9909999999999999
1.0,-2.1157,-2.049,-2.0147,nan,-1.964,-1.945,-1.9191,nan,-1.8619,-1.8334,-1.8048,-1.7762,-1.7488,-1.7297,-1.7031,-1.6791,nan,nan,-1.6219,-1.6078,-1.5964,-1.5774,nan,-1.5571,-1.5476,-1.5381,nan,-1.5316,-1.5274,-1.5369,-1.5464,nan,-1.5655,-1.575,nan,-1.575,-1.575,-1.5747,nan,-1.5556,-1.5461,-1.5359,-1.5168,nan,-1.4913,nan,nan,-1.4341,-1.4196,nan,-1.3896,nan,nan,-1.3468,nan,-1.3278,-1.3183,-1.3088,-1.2992,-1.2897,-1.2858,nan,-1.2737,nan,-1.2733,-1.2703,-1.2608,nan,-1.2543,-1.2448,-1.2352,-1.2257,-1.2162,-1.2067,-1.1964,nan,nan,-1.1393,-1.1202,nan,-1.0897,-1.0757,-1.0566,-1.0376,-1.0185,-0.9994799999999999,-0.9804299999999999,-0.9613799999999999,-0.9423299999999999,-0.92853,-0.91901,-0.90948,nan,-0.8778600000000001,-0.87092,-0.87092,-0.8618600000000001,-0.85234,-0.8428100000000001,-0.83329,-0.8332,-0.82681,nan,-0.82034,-0.81081,nan,-0.79548,-0.79482,nan,-0.77577,nan,-0.7692899999999999,nan,nan,-0.7407199999999999,-0.73119,-0.72167,-0.71215,-0.70262,-0.6913,-0.6722600000000001,-0.66147,-0.65195,nan,-0.6329,-0.61473,-0.60128,nan,nan,-0.55111,-0.5320600000000001,-0.5130100000000001,-0.49396999999999996,nan,nan,-0.43682,-0.41777,-0.39871999999999996,-0.37967,-0.36063,nan,-0.32253000000000004,-0.30348,-0.28443,nan,nan,-0.23986,nan,-0.21433000000000002,-0.19529000000000002,nan,nan,-0.16505,-0.15552,-0.146,-0.13647,-0.12695,-0.11742000000000001,-0.11650999999999999,-0.11095,-0.10142000000000001,-0.091901,-0.091366,-0.085425,-0.075901,-0.06637699999999999,-0.06622,-0.059900999999999996,-0.050377,-0.040853,-0.031327999999999995,-0.021804,-0.01228,nan,0.0067689,0.016293000000000002,nan,0.047915,0.05744,0.066964,nan,0.087364,0.10640999999999999,nan,0.12716,0.13668,0.14620999999999998,0.15573,0.1601,0.16221,0.17173,nan,0.18525,nan,0.18525,nan,nan,0.19782,0.19782,nan,0.19153,0.18525,0.18544000000000002,0.19496,0.19782,0.19782,0.19839,0.20790999999999998,0.21039000000000002,0.21439,0.22391,0.23344,0.24295999999999998,nan,nan,0.25895999999999997,nan,nan,0.28923000000000004,0.30828,0.31915,0.32868,0.3382,0.34773000000000004,0.35725,0.36678,0.37875,0.3978,0.40792,0.41745,0.42696999999999996,0.4365,0.44601999999999997,0.45553999999999994,0.46507,0.47458999999999996,0.48412,0.48701000000000005,0.49058999999999997,0.50012,0.50964,0.51917,0.52473,0.52564,0.5351600000000001,0.5373,0.5373,0.5373,0.5373,0.5450699999999999,0.54988,nan,0.54988,nan,nan,0.55192,0.5614399999999999,0.56245,0.56245,0.56245,0.56245,0.57134,0.57502,0.57502,0.57502,0.5843,0.5876,nan,0.58772,0.59725,nan,0.60372,0.61274,nan,nan,nan,0.62532,nan,0.63267,0.6422,0.65046,0.65046,0.6582,0.66772,0.67724,0.68677,0.69629,0.70582,0.71735,0.7364,0.7469600000000001,0.75649,0.7660100000000001,0.77554,nan,0.79459,0.80411,0.81363,0.82316,0.83268,0.84221,0.8517299999999999,0.86126,nan,0.8677299999999999,0.87726,0.8867799999999999,0.88936,0.89325,0.9019299999999999,0.9019299999999999,nan,nan,nan,0.9145,0.9145,0.9145,0.9161100000000001,0.92563,0.9270799999999999,nan,0.9270799999999999,0.9270799999999999,0.93553,nan,nan,0.93965,0.93965,0.9454299999999999,nan,0.9522200000000001,0.9614299999999999,nan,0.9804799999999999,nan,0.9995299999999999,nan,1.0095,1.0281,nan,1.0472,1.0567,1.0662,1.0757,1.0853,nan,1.1169,1.1264,nan,1.1454,1.155,1.1645,1.1740000000000002,nan,1.1931,1.2026,1.2037,1.2091,1.2186,nan,1.2376,1.2472,nan,1.254,1.2632,1.2727,1.2822,1.2917,1.2917,1.2982,nan,1.3047,1.3142,1.3237,1.3333,1.3428,1.3523,1.3618,1.3756,nan,1.4137,nan,1.4564,nan,1.5024,1.5295,nan,1.5886,1.6267,1.6564,1.6956,1.7409999999999999,1.7790000000000001,1.8171,1.861,nan,nan,nan
5.0,0.42386,0.22975,0.21055,0.24169000000000002,0.25321,0.25321,0.25321,0.25321,0.26516,0.29586999999999997,nan,0.29586999999999997,0.29586999999999997,0.33128,0.33854,0.33854,0.36243000000000003,0.3812,0.39741,0.42386,0.43238999999999994,0.46652,0.46738,0.5062,0.5091899999999999,nan,0.55185,0.57617,0.6149899999999999,0.63717,0.62437,nan,0.58939,0.55057,nan,0.47292,0.4341,0.39528,0.35645,0.31763,0.27881,nan,nan,0.11968,0.079149,0.0015039,-0.039452,-0.11112000000000001,nan,-0.26642,-0.34406,-0.42171000000000003,-0.49935,-0.56719,-0.61198,-0.68963,nan,-0.8449200000000001,nan,-0.97077,nan,-1.0911,-1.1478,-1.2114,-1.2502,-1.2890000000000001,nan,-1.3667,-1.368,-1.4017,-1.4106,nan,nan,-1.4106,-1.4106,nan,-1.368,nan,-1.3261,nan,-1.2058,-1.1367,-1.0591,-0.98144,-0.90379,-0.81121,-0.69475,-0.58553,nan,-0.38799999999999996,-0.27154,-0.15507,nan,0.10475,0.237,0.37267,0.5126,0.64059,0.7882,0.90851,1.0638,1.1803,1.2967,1.4132,1.5297,1.6227,nan,1.778,1.8556,1.9252,nan,2.0024,2.0024,2.0024,nan,2.0024,1.9785,1.8394,1.6551,1.551,1.4734,nan,1.1474,1.0698,0.95629,0.77583,0.63803,0.52156,0.42557,nan,0.21481999999999998,0.098348,-0.074435,nan,-0.72034,nan,-0.8781899999999999,-0.9844200000000001,-1.0514,-1.1111,nan,-1.2532,-1.2919999999999998,-1.3308,-1.3697,-1.4085,-1.4106,-1.4435,-1.4533,-1.4533,nan,-1.4358,-1.4106,-1.391,-1.3193,-1.2784,-1.2007,-1.1602,nan,-0.98101,-0.8901399999999999,-0.8124899999999999,-0.7169300000000001,-0.60046,-0.49423,-0.41018999999999994,-0.29372,-0.17725,-0.098326,0.013022999999999998,0.15935,0.28862,0.40509,0.52156,nan,0.7971600000000001,nan,nan,1.1048,nan,1.3027,1.4106,nan,1.5557,nan,nan,1.7259,1.7891,1.7925,1.8313,nan,1.8317,nan,nan,nan,nan,1.2891,1.1538,0.92045,0.8197700000000001,0.5091899999999999,nan,0.31890999999999997,0.20244,0.11327999999999999,0.012169,-0.1043,-0.20498000000000002,-0.28263,-0.36838000000000004,-0.48058,-0.55823,-0.6358699999999999,-0.7135199999999999,-0.7911600000000001,-1.0352,-1.1785,-1.2174,nan,-1.2523,nan,-1.2873,-1.3253,-1.3253,nan,-1.3253,nan,-1.2826,-1.2622,-1.24,-1.2272,-1.1883,-1.1444,-1.068,-1.0292,-0.9904,-0.91915,-0.8700899999999999,-0.80652,-0.72888,-0.6683,nan,nan,-0.46096000000000004,-0.38331,-0.30567,-0.22801999999999997,-0.11752,-0.030066000000000002,nan,0.12522,0.20287,0.28052,0.35816,0.43581000000000003,0.51345,0.5911,0.66874,0.74639,0.8240299999999999,0.87608,nan,1.0143,1.0779,1.1269,1.1982,1.2396,1.3172,nan,1.3961,1.4648,nan,nan,nan,1.6329,nan,1.7106,1.7464,1.7464,1.7844,1.7891,1.7891,nan,1.7664,nan,1.7315,1.6372,1.4405,1.3983,1.3206,1.2429999999999999,1.1653,nan,nan,0.9324,0.83555,0.73444,0.6568,0.57147,0.45883999999999997,0.3812,nan,0.18325,nan,-0.014708,-0.35046,nan,nan,-0.78263,-0.82145,-0.8602799999999999,-0.8995299999999999,nan,-1.0194,nan,-1.0693,nan,-1.1320000000000001,-1.1546,nan,-1.1973,-1.1973,-1.1982,-1.237,-1.24,-1.24,-1.24,nan,-1.2195,-1.1973,-1.1973,-1.1973,-1.1922,-1.1546,-1.1546,-1.1184,-1.112,nan,-1.0446,-1.0267,nan,-0.9840000000000001,-0.9746100000000001,-0.93579,-0.8986700000000001,-0.8986700000000001,-0.86198,-0.82316,-0.7843399999999999,-0.74551,-0.7066899999999999,nan,-0.62905,-0.59022,nan,-0.51258,-0.47376,-0.43493000000000004,-0.39611,-0.35729,nan,-0.27964,-0.24081999999999998,-0.20199999999999999,-0.16317,nan,-0.08552699999999999,-0.046705,-0.045425,-0.011720999999999999,0.027101,0.065924,nan,0.14357,0.18239,0.21055,0.21738000000000002,0.25321,0.25321,0.25321,0.25321,0.25321,0.25321,0.25321,0.25321,0.25321,0.25321,nan,0.25321,0.25321,0.25321,nan,0.25321,nan,0.25321,0.25321,0.25321,0.25321
6.0,2.2048,2.1093,nan,2.077,2.0609,2.0448,nan,2.0125,1.9964,1.9802,1.9641,1.9480000000000002,1.9318,1.8702,1.8466,1.8146,1.7615,1.7453,1.7292,1.6601,1.6281,nan,1.5144,1.4765,1.4567,1.4244,nan,nan,nan,1.2538,1.1731,nan,1.0001,0.9540799999999999,0.86995,0.8239200000000001,0.80382,0.78583,0.75832,0.73451,0.71282,0.6964100000000001,0.6673100000000001,0.65118,0.6350399999999999,0.6189,0.60277,0.58663,nan,0.5543600000000001,nan,0.52499,0.51917,nan,nan,0.47076,0.45461999999999997,0.40992,nan,0.3795,0.3504,0.33981,0.31442,0.30013,nan,0.24723,0.24723,0.22765,0.19538,0.1631,0.13083,0.11495999999999999,0.11495999999999999,0.088502,0.088502,0.075275,0.043001,0.010727,-0.059111000000000004,-0.070222,-0.078158,-0.083449,-0.096676,-0.10011,-0.1099,-0.11915999999999999,nan,-0.13821,-0.15435,-0.16280999999999998,-0.17339000000000002,-0.18953,-0.20567,nan,-0.22895,-0.24085,-0.25699,-0.26863000000000004,-0.27603,-0.29217,-0.30831,-0.32444,-0.34058,-0.35672,-0.37285999999999997,-0.38899,-0.40513000000000005,-0.42127,-0.4374,-0.45353999999999994,-0.46968000000000004,-0.48581,-0.50195,-0.50671,nan,-0.53713,-0.5532699999999999,-0.5694100000000001,-0.58555,-0.60168,-0.61782,-0.6339600000000001,-0.65009,-0.66623,-0.68237,-0.6985,-0.7146399999999999,-0.73078,-0.7469100000000001,-0.76305,-0.7791899999999999,nan,nan,-0.81093,nan,nan,nan,-0.8524700000000001,-0.8686,-0.88474,-0.9008799999999999,-0.90379,-0.9199200000000001,nan,-0.9522,nan,nan,-0.9873799999999999,-0.99611,-1.0064,nan,-1.0358,-1.0416,-1.0577,-1.0622,-1.0768,-1.0929,nan,-1.1252,-1.1284,-1.1443,-1.1604,nan,-1.1794,-1.1823,-1.1945,-1.2014,-1.2077,-1.2204,-1.2234,nan,-1.2424,nan,-1.2614,-1.2739,-1.2805,-1.2966,-1.3128,-1.3289,-1.345,-1.3532,-1.3532,-1.3532,-1.3532,nan,-1.3308,-1.3146,nan,nan,-1.2739,nan,-1.2474,nan,-1.2342,-1.2252,-1.2209999999999999,nan,-1.1945,nan,nan,-1.1548,-1.1519,-1.1358,-1.1284,-1.1167,-1.1019,-1.0977,-1.0887,nan,-1.0755,nan,nan,-1.0406,-1.0358,-1.0226,-1.0186,-1.0025,-0.99611,nan,nan,-0.9643700000000001,-0.9564299999999999,-0.94532,nan,nan,-0.91675,-0.90723,-0.8910899999999999,-0.88818,-0.8720399999999999,-0.8638399999999999,-0.8529899999999999,-0.83739,-0.83395,-0.81781,-0.81093,nan,-0.7844800000000001,-0.77972,-0.77125,-0.76067,-0.7448,-0.74162,-0.72549,-0.71834,-0.70644,-0.69189,-0.68739,-0.67866,-0.66835,-0.6522100000000001,nan,nan,nan,-0.62576,-0.61121,nan,-0.5993,-0.58925,-0.58607,-0.57285,-0.56729,-0.55962,nan,-0.5453399999999999,-0.53317,-0.5262899999999999,-0.51994,nan,nan,-0.48818999999999996,-0.48026,-0.46915,-0.46624,-0.4501,-0.44058,nan,nan,-0.41201000000000004,-0.39587,-0.38766999999999996,-0.37682,-0.37390999999999996,-0.35778000000000004,-0.34799,-0.33873000000000003,-0.32259,-0.31968,-0.30355,-0.28741,-0.27126999999999996,nan,nan,-0.23609000000000002,-0.21995,-0.19191,-0.17604,-0.17154,-0.1554,-0.13927,-0.12312999999999999,nan,-0.07762899999999999,-0.061492,-0.045355,-0.029218,-0.013081,0.010198,0.032418999999999996,0.048556,0.067339,0.094057,0.11019000000000001,0.12633,0.14247,0.1586,0.17474,0.19088,0.21971,0.23876,nan,0.28188,0.29802,0.31335999999999997,0.31706,0.3332,0.33981,0.35225,0.36627,0.37129,0.3795,0.39034,0.39325,0.40939000000000003,0.42553,0.44166000000000005,0.4578,0.47394,0.49007,0.50621,0.52235,0.5384800000000001,0.55462,0.57076,0.5958899999999999,0.61626,0.6324,0.65303,0.6853,0.71758,0.7366199999999999,0.77181,0.80858,0.85091,0.8805299999999999,0.91122,0.9434899999999999,0.99005,1.0345,1.0538,1.0911,nan,1.1768,1.2091,1.2678,1.3001,1.3324,1.3842,1.4234,1.4556,1.4985,1.5384,1.5657,nan,1.6435,1.6691,1.6948,1.7395,1.7704,1.7866,1.8186,1.8453,1.8614,1.8845,1.9202,1.9363,1.9646,nan,1.9979,2.0218,2.0435,2.0596,nan,2.0919,2.108,nan,2.1106,2.099
4.0,0.6560199999999999,nan,0.6329100000000001,0.6097899999999999,0.6097899999999999,0.6097899999999999,0.6097899999999999,0.6097899999999999,0.6097899999999999,0.6097899999999999,0.6329100000000001,0.6329100000000001,0.6329100000000001,0.6329100000000001,0.6329100000000001,nan,0.6329100000000001,0.6329100000000001,0.6329100000000001,0.63117,nan,0.5884199999999999,0.5785899999999999,0.56357,0.54046,0.5260100000000001,0.49308,0.46013999999999994,0.4272,nan,0.36133000000000004,0.32435,0.27235,0.23883000000000001,nan,0.10709,nan,-0.02465,-0.090521,-0.15639,nan,nan,-0.37711999999999996,-0.41988000000000003,-0.48575,nan,nan,-0.63772,-0.69376,-0.7457699999999999,-0.78275,nan,-0.8717299999999999,nan,-0.96072,-0.99365,nan,-1.0595,-1.0925,nan,-1.1814,-1.2144,-1.2242,-1.2571,nan,-1.2999,-1.2843,-1.2623,-1.2415,nan,-1.1988,-1.1658,-1.1329,nan,-1.1005,nan,-1.0705,nan,-1.0046,-0.9716899999999999,-0.93876,-0.9058200000000001,-0.85324,-0.81684,-0.76772,-0.72497,-0.67181,-0.61634,-0.5504600000000001,nan,-0.41872,-0.35285,-0.28698,-0.22111,-0.13327999999999998,-0.057586,0.022731,nan,0.21572,0.29141999999999996,0.39021999999999996,nan,0.61095,nan,nan,0.93048,1.0524,1.1512,nan,nan,1.4245,1.5002,nan,1.6741,1.74,1.8059,1.8717,1.9376,1.9804,2.033,2.0659,2.089,2.089,2.0827,2.0659,2.0399,nan,1.974,1.9411,1.9082,1.8752,1.8423,1.7862,1.7412,nan,1.6325,1.5482,nan,1.3968,1.3211,nan,1.1235,1.0478,0.9489700000000001,0.8547899999999999,0.77447,0.67682,nan,0.50116,0.40236,0.32089,0.22785999999999998,0.14292,nan,-0.022338999999999998,-0.12115,-0.19684000000000001,-0.29565,-0.39445,-0.49326000000000003,-0.59207,-0.69087,-0.78968,-0.8653799999999999,-0.9641799999999999,-1.037,nan,nan,-1.2577,-1.3045,-1.3663,-1.4166,-1.4519,-1.5056,nan,-1.5715,-1.6044,-1.6038,-1.5709,nan,-1.505,-1.4721,-1.4391,-1.4062,-1.3733,-1.3403,-1.2843,nan,-1.1976,nan,nan,-1.0231,-0.95725,-0.89138,-0.8255100000000001,-0.75964,-0.69376,nan,-0.55855,-0.47303999999999996,-0.40717,-0.34129,-0.25578,-0.18644000000000002,nan,-0.031584,0.046999,0.12327,nan,0.29719,nan,0.4717,0.5473899999999999,0.6340600000000001,0.69993,nan,nan,0.92066,0.9865299999999999,1.0755,nan,1.2073,1.2731,1.339,1.4049,nan,1.5366,nan,1.6452,1.7036,1.7365,nan,1.8255,nan,1.8706,1.8377,1.8047,1.7718,1.7389,1.6528,nan,1.4684,nan,nan,1.1784,1.0634,nan,nan,0.74385,0.62597,0.5173399999999999,0.3856,0.27697,0.15736,nan,-0.086477,-0.20377,nan,-0.44415,-0.57416,-0.68452,-0.79488,-0.9168,nan,-1.1375,nan,-1.3109,-1.3877,-1.4657,-1.5085,-1.557,-1.59,-1.609,-1.6316,-1.5986,-1.5657,-1.5328,-1.4998,-1.4669,-1.4339,nan,nan,-1.3155,-1.2727,-1.2069,-1.1439,nan,nan,-0.9433799999999999,-0.87751,-0.8116399999999999,-0.7457699999999999,nan,-0.59091,-0.52504,-0.45916999999999997,nan,-0.30430999999999997,-0.22341999999999998,-0.14773,nan,nan,0.071268,0.15505,nan,nan,0.35902,0.44685,0.51272,0.5861,0.6675800000000001,0.73345,0.79932,0.86519,0.93106,nan,1.0397,1.0888,1.1217,1.1547,1.1876,nan,nan,1.2044,1.1714,nan,1.1287,1.0957,nan,0.83399,0.74269,0.60922,0.46418000000000004,0.34110999999999997,0.17643,0.06664500000000001,-0.028117000000000003,-0.14021,-0.20609,-0.24884,nan,-0.31298000000000004,-0.33783,nan,-0.40717,-0.40717,nan,-0.43028,-0.43028,-0.43778999999999996,nan,nan,-0.45338999999999996,-0.45338999999999996,-0.46379,-0.4765,nan,-0.4765,-0.49962,-0.49962,nan,-0.49962,nan,-0.49962,-0.49962,-0.49962,-0.49962,-0.49962,-0.49962,-0.48055,-0.4765,-0.4765,-0.47881999999999997,-0.49962,-0.49962,-0.49962,-0.49962,-0.49962,-0.49962,-0.49962,-0.51117,nan,-0.52273,nan,-0.52273,-0.52273,nan,-0.52273,-0.5435300000000001,-0.54584,-0.54584,-0.5418,nan,-0.52273,nan,-0.52273,nan,-0.52273
6.0,1.9425,nan,1.8495,1.8365,nan,1.801,nan,nan,nan,nan,1.7024,1.6765,1.6505,1.6302,1.5993,1.5728,nan,1.5209,1.495,1.4691,nan,nan,1.3913,nan,1.3395,1.3135,1.2972,1.2713,1.2537,nan,1.2086,1.1867,1.1635,1.1445,1.1186,1.1054,1.0859,1.0699,1.0532,1.0344,1.0119,nan,0.97825,0.96191,0.9408700000000001,0.92791,0.90536,nan,nan,0.8568899999999999,0.84393,0.8309700000000001,nan,0.80504,0.79208,0.77912,0.7661600000000001,nan,0.74023,0.72727,0.71431,0.70135,0.68839,0.67542,0.66246,0.6495,0.63654,0.62358,nan,nan,0.5846899999999999,0.50385,0.45564,0.40973999999999994,0.36829,0.33779000000000003,nan,0.30777,0.27489,0.24241,0.22698000000000002,nan,0.17403,0.16701,0.13651,nan,0.10290999999999999,0.08322,0.07344400000000001,nan,nan,0.022746000000000002,-0.016738999999999997,-0.022201,nan,nan,nan,-0.18108,-0.20951999999999998,nan,-0.23304,nan,-0.25178,-0.26474000000000003,-0.2777,-0.29079,-0.31321,-0.32616999999999996,-0.33981,nan,-0.37464000000000003,-0.39719,-0.41015,nan,-0.43785,-0.45861999999999997,-0.47158,-0.49413,-0.51279,-0.52964,-0.55218,-0.56514,-0.5876899999999999,nan,-0.62042,-0.63676,-0.65871,nan,-0.6953600000000001,-0.7167600000000001,-0.73763,-0.75227,-0.76523,-0.7781899999999999,-0.7934100000000001,-0.8137,-0.8266600000000001,-0.84921,-0.86835,-0.88471,nan,-0.92022,-0.9331799999999999,nan,-0.95911,-0.9720700000000001,-0.98503,-0.9979899999999999,nan,nan,nan,-1.0594,-1.0724,nan,nan,-1.1209,nan,-1.1564,-1.176,-1.1919,-1.2048,-1.2106,-1.2212,nan,-1.2471,-1.2601,nan,-1.2764,-1.2873,-1.2927,-1.2968,-1.3091,nan,-1.3254,-1.3288,-1.3352,nan,-1.3581,-1.3711,-1.3744,-1.3874,-1.3927,-1.4037,-1.4118,nan,-1.433,-1.4406,-1.4494,nan,nan,-1.4693,-1.4821,-1.4885,-1.4978,-1.4885,-1.4814,nan,-1.4651,-1.4521,-1.4392,-1.4262,-1.4133,-1.3983,-1.3778,-1.3648,-1.3422,-1.3293,-1.3163,-1.2938,-1.2808,-1.2583,-1.2417,-1.2158,-1.1994,-1.1777,nan,-1.1326,-1.1149,-1.0971,nan,-1.0616,nan,-1.0236,-1.0035,-0.99054,nan,-0.95504,-0.9324899999999999,-0.91953,-0.9065700000000001,-0.8936,-0.88064,-0.8676799999999999,-0.85345,-0.8321700000000001,-0.81921,nan,-0.7932899999999999,-0.78032,nan,-0.7448199999999999,-0.73185,-0.7188899999999999,-0.7059300000000001,-0.69297,-0.68001,-0.66704,-0.65408,nan,-0.62816,-0.6152,-0.60223,-0.58927,-0.57631,-0.56847,-0.55997,nan,-0.5436300000000001,-0.53972,-0.53014,nan,-0.52056,nan,-0.51097,nan,-0.49743999999999994,-0.4918,-0.48222,-0.48222,nan,-0.47096000000000005,-0.45799999999999996,nan,-0.4343,-0.4287,-0.41573000000000004,nan,nan,-0.38643,nan,-0.36051,-0.35713,-0.34417,-0.33121,-0.32783,-0.3193,-0.31149,-0.30971,-0.30473,-0.30013,-0.29581999999999997,-0.27543,-0.26247,-0.2495,-0.23046,-0.214,-0.20103,-0.18144000000000002,-0.16552999999999998,nan,-0.13241,-0.11607,-0.094511,-0.081549,-0.059003,-0.046041000000000006,-0.033079000000000004,nan,0.0024288,0.015391,0.04752,0.06048200000000001,0.07344400000000001,0.09598999999999999,0.10895,0.12227,0.14072,0.14784,0.1608,0.17376,nan,nan,0.20306,nan,0.21739,0.22278,0.22698000000000002,0.23911999999999997,0.25209000000000004,0.26505,0.27489,0.28139000000000003,0.28476999999999997,0.29406,0.30111,0.30448000000000003,0.31323,0.32082,0.33379000000000003,0.34675,0.35971,nan,0.41012,0.42735,0.47155,0.50335,0.55148,0.5872,0.63275,0.65932,0.7169399999999999,0.76978,0.8043,nan,0.8937200000000001,0.9235899999999999,0.97901,1.034,1.0664,1.1157,1.1547,nan,nan,1.2796,nan,1.3449,1.368,nan,1.4292,1.4544,nan,nan,1.5124,1.53,1.564,nan,1.6122,1.6337,1.6573,1.676,1.6928,1.7058,nan,1.7317,1.7481,1.7672,1.7802,1.7931,1.8061,nan,1.8319999999999999,1.845,1.8579,1.8709,1.8839,1.8968,nan,1.9227
2.0,-2.1691,-1.9789,-1.933,-1.9111,-1.891,-1.871,nan,-1.82,nan,-1.78,-1.76,-1.7399,-1.7199,-1.709,-1.6909,-1.6709,-1.6509,-1.636,-1.6218,-1.605,-1.5928,-1.574,-1.564,-1.554,-1.544,nan,-1.5239,-1.5139,-1.5092,nan,-1.4982,-1.4959,nan,nan,nan,-1.4779,-1.4762,-1.4762,-1.4698,-1.4652,-1.4652,-1.4618,-1.4542,-1.4542,-1.4538,-1.4438,nan,-1.4348,-1.4248,-1.4212,-1.4157,-1.4057,-1.3957,-1.3857,-1.3757,-1.3651,-1.3451,-1.3347,-1.3161,-1.3037,-1.2871,-1.2671,nan,-1.227,nan,-1.187,nan,-1.1363,-1.1159,nan,-1.0649,-1.0449,-1.0249,nan,nan,-0.9648399999999999,-0.94483,-0.92481,-0.9048,-0.8847799999999999,-0.86477,-0.85256,-0.8357399999999999,-0.81572,nan,-0.78669,-0.76953,nan,nan,nan,-0.7394,-0.73049,-0.7284,-0.72147,-0.7174,-0.7174,-0.7174,-0.72037,-0.7284,-0.7284,-0.7284,-0.73841,-0.74842,-0.7504,-0.75744,-0.76744,nan,-0.78746,-0.79747,-0.80747,-0.81748,-0.82749,-0.8375,-0.8475,-0.85751,-0.8675200000000001,-0.8775299999999999,-0.8978700000000001,-0.9153600000000001,-0.91855,-0.92635,-0.92635,-0.92635,-0.92635,-0.92635,-0.91811,-0.9081,-0.8980899999999999,-0.88808,-0.87808,-0.86477,-0.84706,-0.8251799999999999,-0.7277399999999999,nan,-0.6783600000000001,nan,-0.61832,-0.59467,-0.5692699999999999,-0.53925,-0.5058199999999999,nan,nan,-0.40815999999999997,-0.37814000000000003,-0.34811,-0.30962,nan,-0.24705,-0.21703000000000003,-0.187,-0.15698,nan,-0.10793,nan,-0.047888,-0.027433,0.0011605,nan,0.04361,0.063625,0.07902200000000001,0.092658,0.11002999999999999,nan,0.14105,0.15105,nan,0.16007000000000002,0.17008,nan,0.17338,nan,0.17338,0.17338,0.17162,0.16238,0.16238,0.15259,nan,0.13258,0.12257,0.11256,0.10255999999999998,0.088699,nan,0.059666,0.040531,0.030523,0.010618,-0.00048908,-0.018415,-0.03843,-0.076261,nan,-0.1495,nan,-0.18052,-0.18953,-0.18953,-0.18953,nan,-0.17854,nan,-0.16149000000000002,-0.15148,-0.14147,-0.13147,-0.11937,-0.10045,-0.090337,-0.07032200000000001,-0.050307,-0.030292000000000003,0.054058,0.10870999999999999,0.12872999999999998,0.15292,nan,0.20197,0.23078,0.25101999999999997,0.28104,0.30183000000000004,0.33009,0.35286,nan,0.39289,0.4129,0.43291999999999997,nan,0.47295,0.49296,nan,0.53299,0.55301,0.57302,0.59304,0.61305,nan,0.64208,0.65968,0.66969,nan,nan,0.70917,nan,0.73072,0.73424,0.73974,0.74975,0.7562399999999999,nan,0.76723,0.76778,0.77779,0.77823,0.77823,0.77823,0.77823,0.77823,0.77361,0.76723,0.76723,nan,0.75558,0.74557,0.74524,0.73655,nan,0.71654,0.70653,nan,0.6865100000000001,nan,0.6665,0.65649,0.64648,0.62669,0.61547,0.60546,nan,0.54146,0.53145,0.52144,0.50572,0.4813,nan,0.4813,0.4813,0.4813,0.4813,0.48823,0.4923,0.49725,0.50726,0.51727,0.52727,0.53827,0.55829,0.56829,0.58732,0.59931,0.61635,nan,0.74436,0.7643800000000001,nan,0.8044100000000001,0.82442,0.84444,0.86445,0.8844700000000001,nan,nan,0.9335100000000001,0.9483600000000001,0.96255,0.9793700000000001,nan,1.0104,1.0206,1.0406,1.0514,1.0697,1.0824,1.0924,1.1077,1.1234,nan,1.1435,nan,nan,nan,1.1945,1.2128,nan,1.2355,1.2455,1.2555,1.2655,1.2755,1.2841,1.2845,1.2946,1.3046,nan,1.3136,1.3236,nan,1.3326,1.3391,nan,nan,1.3501,1.3501,nan,1.3611,1.3611,1.3611,1.3611,1.3611,1.3611,1.3611,1.3611,nan,1.3611,1.3708,nan,1.3721,1.3721,1.3778,1.3831,1.3831,1.3858,1.3941,nan,1.4049,1.4149,1.4249,1.4349,nan,nan,1.4649,1.4749,1.4849,1.4949,1.5049,1.5149,1.525,nan,1.545,1.555,1.565,1.575,1.585,1.595
5.0,1.1206,1.1455,1.1455,1.1455,nan,nan,1.1703,1.1703,1.1703,1.1703,1.1703,1.1703,1.1703,1.1703,1.1703,1.1703,1.1703,1.1776,nan,1.1952,nan,nan,1.22,1.2401,1.22,1.2123,1.1811,1.0078,0.9431799999999999,0.88894,0.80065,0.7067,0.49731000000000003,0.45792,nan,nan,0.09046699999999999,-0.039639,-0.087108,-0.1393,-0.19907,-0.23895999999999998,-0.28618000000000005,-0.33862,-0.37603000000000003,-0.43828,nan,-0.53794,-0.57535,nan,-0.6594800000000001,-0.71241,-0.74659,-0.77772,-0.80884,nan,-0.8711,-0.90223,-0.9333600000000001,-0.96449,nan,-0.9770399999999999,-0.9918899999999999,-0.9918899999999999,nan,-0.96703,nan,nan,-0.9131,-0.8924799999999999,nan,-0.82152,-0.78859,nan,-0.70931,-0.67035,-0.6345,nan,-0.5272600000000001,-0.47258,-0.41528999999999994,-0.37292,-0.31066,-0.24841,-0.18615,-0.12389000000000001,-0.061634,0.0006232,nan,nan,0.16254000000000002,0.2248,0.29277,nan,0.43642,0.49868,0.5857899999999999,0.6602899999999999,0.75367,0.8222700000000001,0.91559,1.0090000000000001,1.1024,1.1957,1.2827,nan,1.432,1.4943,1.5566,nan,nan,1.7178,1.742,1.7552,1.7668,1.7659,1.742,1.6071,1.4539,1.3917,nan,1.1429,1.0206,nan,0.85669,nan,nan,0.61853,0.5092399999999999,0.38206,nan,-0.15073,-0.21299,nan,-0.3375,-0.40194,nan,-0.54913,-0.61139,-0.64879,-0.71105,-0.7583300000000001,nan,-0.84811,-0.9014200000000001,-0.9477700000000001,-0.9885299999999999,nan,-1.0756,-1.1068,nan,-1.169,-1.2002,-1.2156,-1.2156,-1.2404,nan,nan,-1.2156,-1.2119,-1.1808,nan,-1.1185,-1.0874,-1.0563,-1.0087,-0.96915,-0.909,-0.8571799999999999,-0.80934,-0.74708,-0.68483,-0.62257,-0.54335,-0.4732,-0.41095,-0.34869,nan,-0.19932,-0.13215,-0.049953,0.029764,0.099415,nan,0.26021,0.3536,0.423,0.51552,0.6089,0.68433,0.77082,nan,0.9456600000000001,nan,1.1195,1.188,1.2693,1.3315,1.3938,1.4499,1.4934,1.537,1.5681,nan,1.6177,nan,1.6177,1.6177,1.6048,1.5928,1.5674,1.5293,1.4803,nan,1.3931,1.3549,1.2926,nan,1.1681,nan,1.0436,0.9813299999999999,0.8942200000000001,0.79375,nan,nan,0.49446,nan,0.33254,0.25959,0.19547,0.11023,nan,-0.039142,-0.13731,-0.58616,-0.64842,-0.71067,-0.77293,-0.82655,-0.87259,-0.93485,-0.97225,-1.0256,-1.0568,-1.0879,nan,-1.1501,-1.1813,nan,-1.2404,-1.2498,-1.2809,-1.2901,nan,nan,-1.3309,-1.3398,nan,-1.3398,-1.3398,-1.3398,nan,-1.3398,-1.3398,-1.3172,-1.3109,-1.2901,-1.2735,-1.2423,-1.2361,nan,-1.1738,-1.1427,-1.0867,-1.0447,-0.99959,nan,-0.8827799999999999,-0.82053,-0.75827,-0.69601,-0.63375,-0.5715,-0.49158999999999997,-0.42213,-0.35453,-0.27276,-0.19261,-0.12339000000000001,nan,nan,0.13122999999999999,0.22461,nan,0.41138,nan,0.59816,0.6915399999999999,0.78493,0.87831,0.9717,1.0651,1.1585,1.2519,1.321,1.4569,1.5192,1.5623,1.5934,nan,1.6177,nan,1.5423,1.5041,1.4151,nan,1.2666,1.1585,nan,nan,0.76877,nan,0.5820000000000001,nan,0.32066999999999996,0.2038,0.059338999999999996,-0.034047,-0.20199,-0.29538000000000003,-0.43182,nan,-0.9959899999999999,-1.0832,-1.2097,-1.2822,nan,-1.4564,-1.5038,-1.5561,-1.5935,-1.6469,-1.6780000000000002,-1.6878,nan,-1.6878,-1.6878,nan,-1.6629,-1.6536,-1.6225,-1.5913,-1.5354,nan,-1.4483,nan,-1.3292,-1.2456,-1.1834,-1.0988,nan,-0.93684,-0.8597899999999999,-0.7749199999999999,-0.68153,nan,-0.49476000000000003,-0.40138,nan,-0.23945999999999998,nan,nan,0.011309999999999999,0.084378,nan,0.22293000000000002,0.28519,0.33639,0.38485,0.4235,0.45463000000000003,0.48576,0.51689,0.54801,0.54901,0.53745,0.52415,0.50005,nan,0.46263999999999994,0.43151000000000006,0.40039,0.39411,nan,0.35670999999999997,0.32558000000000004,0.32533
1.0,-2.2949,-2.1975,-2.1655,nan,nan,-2.055,-2.0114,-1.9794,-1.9372,-1.9023,-1.8674,-1.8253,-1.7845,-1.7482,-1.7031,-1.6711,-1.6391,nan,nan,-1.5723,-1.5563,nan,-1.5243,nan,-1.4923,-1.4837,-1.4734,-1.4705,nan,-1.4516,-1.4444,-1.4327,-1.4183,-1.4138,-1.4052,-1.4052,nan,-1.3921,-1.3921,-1.3921,nan,-1.3905,-1.379,-1.379,-1.3687,-1.3658,-1.3528,-1.3528,-1.3528,nan,-1.3398,-1.3398,-1.3398,nan,-1.3267,-1.3267,-1.3267,-1.3177,-1.3136,nan,-1.2959,-1.2799,-1.2743,-1.261,-1.2482,nan,-1.2261,-1.222,-1.2072,-1.1912,nan,-1.1592,-1.1432,-1.1272,-1.1112,-1.0952,-1.0792,-1.0633,-1.0473,-1.0313,-1.0153,-0.9992700000000001,-0.9832700000000001,-0.9672700000000001,-0.9512799999999999,-0.9352799999999999,-0.9192899999999999,-0.9032899999999999,-0.8872899999999999,-0.8713,-0.86839,-0.85239,nan,nan,-0.8174899999999999,nan,-0.7902100000000001,-0.78258,-0.76659,-0.75059,nan,-0.73169,-0.7156899999999999,-0.7117,-0.6967800000000001,-0.68553,-0.67787,-0.6724399999999999,-0.6593600000000001,-0.6560600000000001,-0.64628,-0.63715,-0.6331899999999999,nan,-0.62841,-0.62011,-0.62011,-0.61968,-0.60702,nan,-0.5939399999999999,-0.58187,-0.56777,-0.56296,-0.54696,-0.5309699999999999,-0.52805,-0.51543,-0.50915,-0.49315,-0.48926000000000003,-0.47423999999999994,-0.46308999999999995,-0.45533999999999997,nan,-0.43643000000000004,-0.42383999999999994,-0.41752,nan,-0.41075,-0.39766999999999997,-0.39279000000000003,-0.38458000000000003,nan,-0.37096999999999997,-0.35498,-0.33898,nan,-0.32006999999999997,-0.30607,-0.30117,-0.29299000000000003,-0.29299000000000003,-0.2799,-0.27644,-0.26682,-0.26682,nan,-0.25171,-0.24065,-0.2328,-0.22757,-0.21389,nan,-0.18830999999999998,-0.17899,-0.16299,-0.14906,-0.14409,-0.12809,-0.12289000000000001,-0.1098,nan,-0.096718,-0.087363,-0.083634,nan,-0.065544,-0.057464,-0.046637,-0.043726,-0.031294999999999996,-0.024818,nan,-0.005910800000000001,nan,0.012997,0.021044,0.031904,0.034815,0.047213,0.053723,0.060298000000000004,0.060298000000000004,0.073382,0.073382,nan,0.086467,nan,0.099552,0.10609,0.11264,0.11264,nan,0.12572,nan,0.12572,0.12647,0.13881,0.13881,0.13881,0.13881,nan,0.14394,nan,nan,0.16576,0.18175999999999998,0.19114,nan,0.20423,0.20649,0.21731,0.22539,0.24139000000000002,0.2443,0.2603,0.26965,0.2792,0.28274,0.29581999999999997,0.29581999999999997,nan,0.30891,0.32199,nan,0.33508000000000004,0.34465999999999997,0.34815999999999997,nan,nan,0.36125,nan,nan,nan,0.38104,0.38741,0.38741,0.4005,0.40576999999999996,0.41358,0.42467,0.42667,0.4305,0.43975,0.4494,0.45283999999999996,nan,nan,0.48722,nan,0.5192100000000001,0.5352100000000001,0.5512,0.5672,0.5706,0.58611,0.59677,nan,0.6210100000000001,0.62392,0.6399199999999999,0.6491100000000001,0.65882,0.66219,0.66465,0.67528,0.68355,0.6883600000000001,0.70145,0.7053699999999999,0.71453,0.72428,0.7276199999999999,nan,0.7407,0.7490100000000001,0.75379,0.75379,0.75774,0.7668699999999999,0.7668699999999999,0.7668699999999999,0.77996,0.77996,0.77996,0.7912100000000001,0.79304,0.79703,0.80612,0.80612,0.81885,0.82176,0.8377600000000001,0.8453799999999999,0.8566600000000001,0.8595799999999999,0.87155,0.8784799999999999,0.8846299999999999,0.8846299999999999,0.8977200000000001,nan,0.9192100000000001,nan,nan,0.95006,0.95006,0.95993,0.96314,nan,nan,0.96314,0.9517899999999999,0.95006,0.95006,0.95006,0.95006,0.95006,nan,0.96314,0.9716100000000001,0.9762299999999999,nan,1.0024,nan,1.0155,nan,1.0312,1.0472,nan,1.0661,1.0691,1.0809,1.0809,1.0909,1.094,1.1098,nan,1.1287,1.1447,nan,1.1767,1.1927,1.2087,1.2247,nan,1.2567,1.2812,1.3017,1.3177,1.3337,1.3497,1.3657,1.3817,1.3977,1.4137,1.4297,1.4457,1.4486,1.4646,1.4806,1.4966,1.5126,nan,1.5446,1.5606,1.5766,1.5926,1.6086,1.6318,1.6537,nan,1.6885,1.7147,1.7307,1.7467,1.7627,1.7787,1.7947,nan,1.8267,1.8427,1.8587,1.8747,1.8907,nan,1.9096
2.0,-2.0024,-1.9057,-1.8892,-1.8691,-1.8562,-1.8376,-1.8232,-1.806,nan,-1.7745,-1.7530000000000001,-1.7351,-1.7215,-1.7,-1.6799,nan,nan,-1.6254,-1.6139,-1.5939,nan,nan,-1.548,-1.5308,-1.515,-1.5043,-1.4892,-1.4713,-1.4606,-1.4498,-1.4391,-1.4283,-1.4176,-1.4283,-1.419,-1.4176,-1.4176,-1.4176,-1.4104,-1.4061,-1.4004,-1.3896,-1.3789,-1.3681,-1.3602,-1.3581,-1.3473,-1.3366,-1.3258,-1.3043,nan,-1.2821,-1.2713,-1.2606,-1.2427,-1.2276,-1.2111,-1.1947,-1.1796,nan,nan,-1.1266,-1.1065,-1.095,-1.0735,-1.052,-1.0406,-1.0205,-0.9989899999999999,-0.97749,nan,-0.9409299999999999,-0.92445,-0.90295,-0.88144,-0.8599399999999999,-0.84131,nan,-0.80834,-0.79687,nan,-0.76462,-0.7538600000000001,-0.74311,-0.7237600000000001,-0.71014,-0.69939,-0.69509,nan,-0.6836300000000001,-0.67932,-0.6721600000000001,nan,-0.6721600000000001,nan,-0.6721600000000001,-0.6721600000000001,-0.6721600000000001,-0.6721600000000001,nan,-0.6721600000000001,nan,-0.67932,-0.6836300000000001,-0.6893600000000001,-0.69509,-0.69939,-0.71014,nan,-0.72018,nan,-0.74168,-0.75243,-0.76318,-0.7639,-0.77322,-0.78397,-0.79472,-0.80547,-0.81622,nan,-0.85277,nan,nan,-0.90725,-0.92445,nan,-0.9129799999999999,-0.9129799999999999,-0.9129799999999999,-0.90295,-0.8921899999999999,-0.88144,-0.87069,nan,-0.84919,-0.83844,-0.8276899999999999,nan,-0.79472,nan,-0.6563899999999999,-0.63345,-0.60192,-0.5804199999999999,nan,-0.52594,-0.49512,-0.47147,-0.44209,-0.41700000000000004,-0.38905,-0.35679,-0.32454,-0.29659,-0.2715,-0.23925,-0.20915,-0.18621,-0.15467999999999998,nan,nan,-0.080135,-0.0572,-0.044299,nan,-0.0041617,nan,nan,0.043858999999999995,nan,0.065361,0.073245,0.075396,0.084713,0.084713,0.084713,nan,0.084713,0.084713,0.076112,0.073245,0.066078,0.055327,0.044576,0.033825,0.023074,0.008739499999999999,-0.009895600000000001,-0.022797,-0.042865,-0.054333000000000006,-0.075835,-0.086586,-0.10737000000000001,nan,-0.13890999999999998,-0.15253,-0.19195,-0.21345,nan,-0.22993000000000002,-0.23638,-0.23997,nan,nan,-0.23495,nan,-0.22491999999999998,nan,-0.20340999999999998,nan,-0.18191,-0.16328,-0.14894000000000002,-0.13174,nan,nan,-0.032831,0.04601,nan,0.10048,nan,0.15567,0.18792,nan,0.24095999999999998,0.27321,0.30546999999999996,nan,0.35851,0.38431,0.41153999999999996,0.43878,0.46028,0.48178000000000004,0.50329,0.52479,nan,0.56779,0.58929,0.6108,0.6323,nan,0.66383,nan,0.6882,0.69895,0.7097,0.71544,0.7197399999999999,nan,0.7269100000000001,0.7269100000000001,0.7269100000000001,nan,nan,0.7269100000000001,0.71687,0.71544,0.7068399999999999,0.69609,0.68534,nan,0.66383,0.65308,0.63803,nan,nan,nan,0.57496,0.5541699999999999,0.54342,0.53267,0.47175,nan,nan,0.40939000000000003,nan,0.38789,nan,0.38287,0.38716999999999996,0.39434,0.39434,0.39649,0.40581,0.40653,0.41728000000000004,0.41728000000000004,0.42731,nan,0.44881000000000004,0.45168,0.46602,0.48107,0.49182,0.50257,nan,0.6308600000000001,0.65237,0.67387,0.6953699999999999,0.71687,0.73837,0.75988,0.78138,0.80288,0.8243799999999999,0.84588,0.86739,0.88889,0.9103899999999999,0.93691,0.96486,0.98636,nan,1.0294,1.0509,1.0724,1.0939,1.1154,1.1268,1.1469,nan,1.182,1.2,1.215,1.2258,1.2415,nan,1.2695,nan,1.2795,1.2903,1.3003,nan,nan,1.3103,1.3118,1.3118,nan,1.3118,nan,1.306,nan,1.3003,1.3003,1.3003,1.2981,nan,nan,1.2888,1.2888,nan,1.2981,1.3089,1.3196,1.3304,1.3411,1.3519,nan,nan,1.3806,nan,1.3942,nan,1.4157,1.4264,1.4479,1.4594,1.4702,1.4809,1.4917,nan,nan,nan,1.5461,1.5569,1.5676,1.5784,1.5913,1.6114,1.6228,1.6443,nan,nan,1.6880000000000002,1.7074,1.7209999999999999,nan,1.754,1.7705,1.787,nan,nan,1.8192,1.83
1.0,-2.2906,-2.0616,-1.8980000000000001,-1.8614,nan,-1.8035,-1.776,nan,-1.7209999999999999,-1.6871,-1.6513,-1.6329,-1.6111,-1.5836,nan,-1.5445,-1.5261,-1.5115,-1.5023,-1.4864,-1.4688,-1.4597,-1.4544,nan,nan,-1.4392,-1.4392,nan,-1.4392,-1.4392,-1.4380000000000002,-1.4289,nan,-1.4240000000000002,-1.4166,nan,-1.4088,-1.4043,nan,-1.386,nan,nan,nan,-1.3632,-1.3554,-1.3462,-1.3371,-1.3279,-1.3188,-1.3175,-1.3156,-1.3065,nan,nan,-1.2942,-1.2871,nan,nan,-1.2728,-1.2719,-1.2697,-1.2605,-1.2567,-1.2567,nan,nan,-1.2415,-1.2359,-1.2268,-1.2176,nan,-1.1993,-1.1901,-1.181,-1.1718,nan,-1.1415,nan,-1.12,-1.1017,-1.0834,-1.0651,-1.0468,-1.0283,-1.0009,-0.9766100000000001,-0.95829,nan,-0.92135,-0.89387,nan,-0.85149,-0.8331700000000001,-0.81485,-0.7965300000000001,-0.78182,-0.77266,-0.7635,-0.75434,-0.7451800000000001,nan,-0.7268600000000001,-0.7246100000000001,-0.7237399999999999,-0.71458,-0.70941,nan,-0.7023,nan,-0.69421,nan,nan,-0.68691,-0.679,-0.679,nan,-0.679,nan,-0.6638,-0.6638,-0.6638,-0.6638,-0.65612,nan,-0.6486,-0.64385,-0.63469,-0.62553,-0.61637,-0.60721,-0.59805,-0.5888899999999999,-0.57973,-0.57057,nan,-0.55225,-0.54309,-0.53393,-0.52477,-0.51561,-0.50645,-0.49728999999999995,-0.48813,-0.48136,nan,-0.47585,nan,-0.45753,-0.45096,-0.45096,nan,-0.43609,nan,-0.43298000000000003,-0.42382,nan,-0.42055,-0.42055,-0.41758,-0.40842,-0.39926,-0.3901,-0.38094,-0.37494,-0.37494,-0.36867,-0.35928000000000004,-0.34096,-0.32598,-0.31682,-0.30766,-0.29809,-0.27976999999999996,-0.26145,-0.24313,-0.22480999999999998,nan,-0.18817,-0.16985,nan,-0.13321,nan,-0.096567,nan,-0.059927999999999995,-0.041608,-0.023288,nan,0.0092474,nan,0.034789,0.051931,0.061091,nan,nan,0.10377,0.11292999999999999,0.12209,0.12677,0.12677,0.13437000000000002,nan,0.15269000000000002,0.15718,0.15718,0.16497,0.17238,nan,nan,0.17238,0.18036,0.18758,0.18758,nan,0.2018,0.20279,0.20490999999999998,0.21406999999999998,nan,0.21799000000000002,0.22635,0.23551,0.24466999999999997,0.24839,0.24839,0.25695,0.26611,0.27526999999999996,0.28443,0.29359,0.30275,nan,0.32106999999999997,0.32441,0.32441,0.33334,0.3425,0.35166,0.35481999999999997,0.35481999999999997,0.36394,0.37001999999999996,nan,0.37622,0.38538,0.39454,0.40043,0.40043,0.40681,0.41597,0.42513,nan,0.43083,0.43741,0.44656999999999997,0.45573,0.46124,0.46124,0.46801000000000004,0.47717,0.48633000000000004,0.49549,0.50465,nan,0.52388,0.5422,0.5564899999999999,0.56565,0.58195,nan,0.61859,0.6327,0.64186,0.65835,0.67538,0.6845399999999999,0.69811,0.71643,0.72722,0.73638,0.74554,nan,0.76386,nan,0.78218,0.7913399999999999,0.80529,0.8236100000000001,0.8340299999999999,0.8431799999999999,0.85234,0.8615,nan,nan,0.8889799999999999,0.8981399999999999,0.9073,nan,0.9256200000000001,0.9325399999999999,0.9325399999999999,0.9379,0.94706,0.9562200000000001,0.9653799999999999,0.97454,0.9837,0.9928600000000001,nan,0.99598,1.0051,nan,1.0086,1.0174,1.0238,1.0238,1.0297,1.0389,nan,1.042,1.0511,1.0542,1.0542,1.0634,1.0726,1.0817,1.0846,1.0848,nan,1.1032,1.1123,1.115,nan,1.1246,nan,1.1429,1.1521,1.1606,1.1606,1.1644,nan,1.1758,1.1758,1.1758,1.1797,1.1889,1.1909999999999998,nan,nan,1.1951,1.2043,1.2062,1.2062,1.2062,1.2062,nan,1.2137,1.2228,1.232,1.2411,nan,1.2595,1.2686,nan,1.2916,1.31,nan,nan,1.3497,1.368,1.3864,1.4047,nan,1.4413,1.4647,1.4922,1.5115,1.5319999999999998,1.5594,1.5816,1.6,nan,1.6366,1.6549,nan,1.6916,1.7099,1.7257,1.7348,1.744,nan,1.7623,1.7715,1.7806,1.7839,nan,1.7929,1.7962
3.0,-0.55278,-0.6419699999999999,-0.65079,-0.6610199999999999,-0.67376,-0.6788,-0.68524,-0.69798,nan,nan,-0.7208100000000001,-0.72095,-0.73369,-0.74643,-0.7488100000000001,-0.7579100000000001,-0.76281,nan,nan,-0.80888,-0.82442,-0.8483700000000001,-0.86111,-0.87385,-0.88659,-0.89933,-0.9120799999999999,nan,-0.91684,nan,-0.91684,-0.91684,-0.91684,nan,-0.91684,-0.91684,-0.91684,-0.90745,-0.9028299999999999,-0.89597,nan,-0.88449,nan,-0.8748299999999999,-0.8742700000000001,-0.8615299999999999,-0.8608299999999999,-0.8608299999999999,nan,-0.84683,-0.84683,-0.8410799999999999,-0.8328200000000001,-0.8328200000000001,-0.8328200000000001,-0.8321200000000001,-0.8193799999999999,-0.81882,nan,-0.9125,-0.96724,-1.0151,-1.0406,-1.0661,-1.1084,-1.1934,-1.2554,-1.2936,nan,-1.3893,-1.4363,-1.466,-1.4988,-1.5490000000000002,-1.6032,-1.6485,nan,nan,nan,-1.8333,-1.8634,-1.8889,-1.9404,-1.9818,-2.0196,-2.0461,-2.0334,nan,-2.0079,-1.9951,-1.9824,-1.9697,-1.9468,-1.9302,-1.9099,-1.8844,nan,-1.8436,-1.8079,-1.7825,-1.757,-1.7187,-1.6805,-1.6423,-1.6041,nan,nan,-1.4842,-1.4372,-1.3989,-1.3593,-1.3085,-1.2703,nan,-1.1694,-1.1276,-1.0815,-1.0371,-0.9935700000000001,-0.9466600000000001,-0.9056299999999999,-0.85621,-0.8177,-0.76673,-0.72753,-0.6893,-0.66032,-0.62685,-0.58862,-0.55586,-0.5303800000000001,-0.50195,-0.46541000000000005,-0.44033999999999995,-0.4276,-0.40296,-0.37746999999999997,-0.36136999999999997,-0.34863,-0.33589,-0.32314,-0.3104,-0.29766,-0.28674,nan,nan,-0.26069000000000003,-0.25873,-0.24921,-0.24473000000000003,-0.23773000000000002,-0.23073000000000002,nan,-0.21673,-0.21477,-0.20272,nan,-0.20272,-0.1918,-0.18872,-0.18032,-0.16758,-0.15484,-0.14209000000000002,-0.12935,-0.11660999999999999,-0.10387,-0.091127,-0.078385,-0.06564299999999999,-0.043099,-0.026157,-0.0061335,0.013330000000000002,0.030832,0.052815999999999995,0.067798,0.093282,0.11877,0.14425,nan,nan,0.2207,0.24619000000000002,0.27783,0.31116,0.33664,nan,0.38761,0.41308999999999996,0.45118,0.47806000000000004,0.50355,0.53785,0.56852,0.6003,0.63349,0.66275,0.6984600000000001,0.7252,0.76343,nan,0.82588,0.8641,0.90233,0.94055,0.97234,1.003,nan,1.0768,1.1037,1.1418,nan,1.2044,1.2322,1.2668,1.305,1.3367,1.3675,1.4016,1.4299,1.4666,1.4921,1.5176,1.5548,1.5826,1.608,1.6335,1.659,1.6845,1.71,1.7355,nan,1.7724,1.7979,1.8115,1.8242,nan,nan,1.8416,1.8359999999999999,1.8276,1.8245,1.8118,1.7990000000000002,1.7863,1.7615,1.7468,1.7341,1.7213,1.7016,1.6818,1.6691,nan,nan,1.6029,1.5901,1.5652,1.5397,1.5142,1.4971,1.4773,1.4518,1.4263,1.4008,1.3774,1.3638,1.3384,1.3129,1.2763,1.2479,1.2224,1.1969,1.1715,1.146,1.1205,1.095,1.0695,nan,1.0185,0.99306,0.9675799999999999,nan,0.91661,0.89113,nan,nan,nan,nan,0.77757,0.7522300000000001,0.7267399999999999,0.70126,0.67577,0.6502899999999999,0.6311100000000001,0.61332,0.5878399999999999,0.5623600000000001,0.53813,0.5253899999999999,nan,0.4859,0.47316,0.46042,0.43998000000000004,0.42093,0.40819,0.39545,0.38271,nan,0.35722,nan,0.33174000000000003,nan,nan,0.30751999999999996,0.29477,0.28203,0.26929000000000003,0.25655,0.24381,nan,0.21832,0.21734,0.20684,0.20334000000000002,0.20334000000000002,0.20334000000000002,nan,0.20334000000000002,0.2004,nan,0.18934,0.18934,0.18934,0.18934,0.17995999999999998,nan,0.17532999999999999,0.17532999999999999,0.17532999999999999,0.17532999999999999,0.17532999999999999,nan,nan,0.18738,nan,0.18934,0.1976,0.20334000000000002,nan,nan,nan,0.20334000000000002,0.20334000000000002,0.20334000000000002,0.20334000000000002,0.20334000000000002,0.20334000000000002,0.20334000000000002,0.20334000000000002,nan,nan,0.20334000000000002,nan,0.18934,0.18934,0.18934,0.18934,0.17954,0.17532999999999999,0.17532999999999999,0.16931,0.16133,0.16133,0.16133,nan,0.16133,0.14887,nan,0.16133,0.16133,0.16133,0.16133,0.16133,nan,0.15895,0.14733,0.14733,nan,0.13599,0.13333,0.13333,0.12577,0.11932999999999999,0.11932999999999999,0.11932999999999999
2.0,-1.9672,-1.8991,-1.8554,-1.835,-1.8146,-1.7942,-1.7741,nan,-1.743,-1.7226,-1.7021,-1.6857,-1.6714,-1.651,-1.6347,-1.6211,-1.6075,-1.5939,-1.5803,-1.5666,-1.5576,-1.5508,-1.5439,-1.5371,-1.5332,-1.54,nan,-1.5519999999999998,-1.5519999999999998,nan,-1.5621,-1.5621,-1.5569,nan,-1.5345,nan,-1.5072,-1.4936,-1.48,-1.4641,-1.4436,-1.4232,-1.4003,-1.3731,-1.3518,-1.3287,nan,-1.2804,-1.2571,-1.2299,-1.2026,nan,-1.1481,-1.1209,-1.0968,-1.0764,-1.0493,-1.0221,-0.99487,-0.97444,-0.9504600000000001,-0.92345,nan,nan,-0.85203,nan,-0.81117,-0.79074,-0.77031,nan,nan,-0.71659,nan,-0.68934,-0.67572,-0.6665300000000001,-0.65972,-0.65291,-0.6461,nan,-0.64058,-0.64537,nan,nan,-0.6658,-0.67425,-0.68788,-0.7015,-0.7169399999999999,-0.73737,-0.7578,-0.78023,nan,-0.8347100000000001,-0.8619600000000001,-0.8892,-0.92211,nan,-0.98105,-1.0083,-1.0355,-1.0628,-1.09,-1.1145,-1.135,-1.1554,-1.173,nan,-1.2002,-1.2107,-1.2176,-1.2178,-1.2178,-1.2178,nan,-1.2043,-1.1974,nan,-1.1665,nan,nan,-1.1015,-1.0742,nan,nan,-0.9918600000000001,-0.95781,-0.92375,-0.8897,-0.85565,nan,-0.7715,-0.69658,-0.64856,-0.61334,-0.57248,nan,-0.5022300000000001,nan,-0.43412,-0.40007,nan,-0.33197,-0.29961,-0.27237,nan,-0.21789,-0.19065,nan,-0.14629,-0.11905,-0.097354,-0.076923,nan,-0.041783,-0.025757,-0.005326399999999999,0.0092056,0.020243999999999998,0.027054,0.039941000000000004,0.050802,0.057612000000000003,0.058169000000000005,0.058169000000000005,0.058169000000000005,0.058169000000000005,0.05505499999999999,0.048244999999999996,0.041434,0.031333,nan,0.0040916,-0.012997,-0.033276,-0.046897,-0.064163,-0.084594,-0.10503,-0.12546,nan,-0.159,-0.17662,-0.19705,-0.21748,-0.24209,-0.26761,-0.28123000000000004,-0.2905,-0.29938000000000003,-0.31982,nan,nan,-0.31863,-0.31182,-0.305,-0.29819,-0.29138000000000003,nan,-0.26938,-0.2507,-0.23201999999999998,-0.2184,-0.19952999999999999,nan,-0.15867,-0.13282,-0.10768,-0.087253,nan,0.047029,nan,0.10728,nan,nan,0.19336,0.22324000000000002,0.25729,0.28520999999999996,0.31245,0.3397,0.36063,0.38405,0.41129,0.43205,0.45248,nan,0.49333999999999995,0.51378,0.5342100000000001,nan,0.57155,nan,0.5987899999999999,0.61241,0.62603,0.63965,0.6494,0.65677,0.6703899999999999,0.67996,nan,0.69358,0.69616,0.69707,0.7038800000000001,nan,0.70629,0.70629,nan,0.69616,0.69616,0.69616,0.69472,0.68791,0.6811,0.67429,0.6674800000000001,0.66067,nan,0.63844,0.6301100000000001,0.62132,nan,0.59408,0.5804600000000001,0.56684,0.5532199999999999,0.53727,0.51684,0.5022300000000001,0.4861,nan,0.45124,0.43762,nan,0.41038,0.38818,0.35413,nan,nan,0.32202,nan,nan,nan,0.33159,0.33499,0.3418,0.34861,0.35899000000000003,0.37261,0.38623,0.39985,0.4139,nan,0.45083999999999996,0.46507,0.4855,nan,0.5271399999999999,0.55438,0.57735,0.60547,0.6803899999999999,0.71965,0.74122,nan,0.7910699999999999,0.81282,nan,0.86249,0.8844200000000001,0.91166,nan,0.95434,0.97477,0.99521,1.0156,1.0361,1.0565,1.0769,1.0974,nan,1.1382,1.1587,1.1734,1.187,1.2006,1.2201,1.238,1.2516,1.2652,1.2761,1.2829,1.296,1.3067,1.3135,1.3203,1.3271,1.3339,1.3407,nan,1.3443,nan,1.3443,1.3443,1.3443,1.3407,1.3342,1.3342,1.3304,1.324,1.324,1.32,1.3139,1.3139,nan,1.3038,1.3038,nan,1.3028,nan,1.3027,1.3151,1.3219,1.3287,1.3355,1.3423,1.3491,1.3575,1.3711,1.3797,nan,1.4018,1.4155,1.4291,1.4427,nan,1.47,1.4836,1.5028,1.5232,1.5436,1.5641,nan,nan,1.6194,1.6357,1.6561,1.6765,1.6969,nan,1.7378,1.7582,1.7787,1.7991,nan,1.83
1.0,-2.3109,-2.0286,nan,-1.7915,-1.7611,-1.7269,nan,-1.675,-1.6579,-1.6408,-1.6236,-1.6065,-1.5894,-1.5803,-1.5717,-1.5632,-1.5546,-1.5461,-1.544,-1.5437,-1.5352,nan,-1.5293,-1.5293,nan,-1.5293,-1.5281,-1.5195,-1.5145,-1.5145,-1.5086,-1.5001,nan,-1.4829,-1.4744,-1.4658,-1.4573,-1.4487,-1.4402,-1.4316,nan,nan,-1.406,-1.3974,-1.3812,-1.3656,-1.357,-1.3484,-1.3399,-1.3313,nan,-1.3057,-1.2933,-1.2933,nan,-1.28,-1.2715,-1.2629,-1.2544,-1.2458,-1.2372,-1.2343,-1.2343,-1.2263,-1.2178,-1.2092,-1.2007,nan,-1.1771,-1.1603,-1.1517,nan,-1.1346,-1.121,nan,-1.0868,nan,-1.0526,-1.0355,-1.0184,nan,nan,-0.96706,-0.94996,nan,-0.91574,nan,-0.88831,-0.8791700000000001,-0.86206,-0.84495,-0.8278399999999999,-0.81604,-0.8074899999999999,-0.79127,-0.77563,-0.76708,-0.75853,-0.74997,-0.74142,-0.7328600000000001,-0.72431,nan,-0.7072,-0.69865,-0.6901,nan,-0.67299,-0.66443,-0.6591199999999999,-0.6591199999999999,-0.65352,-0.6449699999999999,nan,-0.64261,nan,-0.62963,-0.62963,-0.62963,-0.6293300000000001,-0.62078,-0.61488,-0.61488,nan,-0.60131,-0.5927600000000001,nan,-0.58538,-0.58185,nan,-0.5647399999999999,nan,-0.5476300000000001,nan,-0.53052,-0.5263899999999999,nan,-0.51961,nan,-0.5025,-0.49395,-0.48539,-0.48215,-0.48215,-0.47448,-0.46593,-0.45737,nan,-0.45265,nan,-0.4379,-0.42935,nan,-0.41223999999999994,-0.40369,nan,-0.39366,-0.39278,-0.38422,nan,-0.36711,-0.35856,-0.35001,-0.34145,-0.3329,-0.32435,nan,-0.30724,-0.29868,nan,-0.28158,nan,-0.25326,nan,-0.23260999999999998,-0.21668,-0.20076,-0.1922,nan,-0.163,-0.15179,nan,-0.12643,-0.10932,-0.092211,nan,-0.070974,nan,nan,-0.030565,-0.019061,nan,0.0098449,0.018399000000000002,nan,0.035506,0.04406,0.052614,0.06116799999999999,0.069722,0.078276,0.08682899999999999,0.09538300000000001,0.10394,0.10777,0.10777,0.11485,nan,nan,nan,0.13727,0.14287,nan,nan,0.15202000000000002,0.15202000000000002,0.15615,nan,nan,0.16706,nan,0.18417,0.19272,0.19626,0.19626,0.20363,0.21219000000000002,0.22074000000000002,0.22576,0.22576,0.23165,0.24020999999999998,0.24875999999999998,0.25732,nan,0.27,0.27,0.27678,0.28534,nan,nan,0.311,nan,nan,0.33666,0.34521,0.35377,nan,0.37088000000000004,0.37943000000000005,0.38798,0.39654,0.40509,0.41365,0.4222,0.43075,nan,nan,nan,0.46497,0.47352,0.48208,0.49063,0.49918,0.50774,0.5162899999999999,0.52485,0.5334,0.54195,0.55051,nan,0.57292,0.59859,0.61422,0.6227699999999999,0.6387,0.65463,0.66318,0.67527,0.69238,0.70949,0.7266,nan,nan,nan,0.78028,0.7973899999999999,nan,0.81686,nan,0.8510700000000001,nan,0.8799799999999999,0.8885299999999999,0.8970899999999999,nan,0.92422,0.9374899999999999,0.94605,0.9546,nan,0.9717100000000001,0.98026,0.98882,0.9973700000000001,1.0059,1.0145,1.023,1.0316,1.0401,1.0487,1.0572,1.0658,nan,1.0829,1.0915,1.1,nan,1.1106,nan,1.1106,1.1133,1.1218,nan,1.1254,1.1328,1.1401,nan,1.1401,1.1401,1.1401,1.1401,1.1484,1.1549,1.1549,1.1549,nan,nan,1.1549,1.1549,1.1549,nan,1.1549,1.1549,1.1625,nan,nan,1.1696,1.1696,nan,1.1696,nan,1.172,1.1805,1.1844,1.1844,1.1915,1.2,nan,1.2171,nan,nan,1.2428,1.2593,1.2746,1.2832,1.2959,1.3130000000000002,1.3301,1.3472,1.3643,1.3841,nan,1.4354,1.4609999999999999,1.4867,1.5124,1.538,nan,1.5894,1.6209,1.6551,1.6811,1.7047,1.7218,nan,1.7690000000000001,1.7879,1.8044,nan,1.8244,1.8415,1.8533,1.8619,nan,1.8761,1.8675,1.8628
5.0,0.39604,0.41417,0.42121000000000003,0.42121000000000003,0.42121000000000003,0.42121000000000003,0.42121000000000003,0.42121000000000003,0.42121000000000003,0.42121000000000003,0.42121000000000003,0.42121000000000003,0.42121000000000003,0.42121000000000003,0.42121000000000003,0.42121000000000003,nan,0.44638999999999995,0.44638999999999995,0.44638999999999995,0.43632,0.42121000000000003,0.42121000000000003,0.40712,nan,0.37087,0.35275,0.24602,nan,nan,-0.0016646,-0.056035,-0.1104,-0.16477,-0.21915,nan,nan,nan,-0.47086000000000006,nan,-0.61585,nan,-0.7356600000000001,-0.80815,-0.8635299999999999,-0.9179,-0.96925,-1.0055,nan,-1.1032,-1.1394,nan,-1.1867,nan,-1.2371,-1.2401,-1.2401,-1.2391,-1.2209999999999999,-1.2028,-1.1797,-1.1434,-1.1072,-1.0709,-1.0327,-0.97831,-0.92394,-0.8695700000000001,-0.8152,-0.7437199999999999,nan,-0.5735600000000001,-0.5010600000000001,-0.41447,-0.31681,-0.20806999999999998,nan,0.009410799999999999,0.11815,0.22689,0.35073000000000004,0.46953999999999996,0.57929,0.70615,0.8209299999999999,0.92968,1.0384,1.1633,1.272,1.3646,nan,nan,1.6345,nan,1.7815,1.8358,1.8902,1.9446,1.9708,1.9889,2.0069999999999997,2.0251,nan,nan,1.9849,nan,1.857,1.8026,nan,1.6335,1.5086,1.4361,1.3475,1.2569,1.1663,1.0757,0.98505,0.88839,nan,0.68803,0.58734,0.4786,0.36985999999999997,nan,nan,nan,-0.021802000000000002,nan,-0.47589,nan,-0.62088,-0.6933699999999999,-0.76486,-0.8192299999999999,-0.8736,-0.92294,-0.9591799999999999,-0.9954299999999999,nan,nan,-1.0639,-1.0639,nan,-1.0639,-1.0468,-1.0186,nan,-0.94609,-0.89575,-0.8413799999999999,-0.78701,-0.7145199999999999,-0.64202,-0.5655,-0.47489,nan,-0.29365,-0.20203,-0.093288,0.0033696999999999998,0.099021,0.20776,0.3165,0.42523999999999995,nan,0.64272,0.73837,0.8350299999999999,0.9437700000000001,1.0354,nan,1.2136,1.2861,1.3586,1.4311,1.5036,1.558,1.6123,1.6627,nan,1.7201,1.7382,1.7553,nan,1.7553,1.7251,1.6163,1.4915,1.4009,1.3445,1.272,1.1864,nan,0.8843700000000001,0.78872,0.68803,0.58231,0.49168999999999996,nan,0.27119,0.14432999999999999,0.035588999999999996,-0.073151,nan,nan,-0.59067,nan,-0.9179,-1.0085,-1.075,-1.1344,nan,-1.2633,nan,-1.3428,-1.3609,-1.379,nan,nan,-1.3911,-1.3911,-1.3881,-1.37,-1.3378,-1.3015,-1.2653,-1.229,-1.1928,-1.1525,-1.0981,-1.0438,-0.9813299999999999,-0.90884,-0.83635,-0.76385,-0.6913600000000001,-0.61887,-0.5302600000000001,nan,nan,-0.25841,-0.15471,nan,0.038610000000000005,0.14634,0.24500999999999998,0.33563000000000004,0.42625,0.53096,0.63265,0.72327,0.81389,0.9045,0.9910899999999999,1.0636,nan,1.2337,1.3052,1.3596,1.4140000000000001,1.4683,1.5227,1.561,nan,1.6315,1.6496,1.6677,nan,1.6798,1.6627,1.6244,nan,1.5368,1.4583,nan,1.3526,nan,1.2801,1.2398,1.1854,nan,1.0263,0.97196,nan,0.8632200000000001,0.80382,nan,0.65883,0.58634,0.51183,0.42121000000000003,0.3306,0.23998000000000003,nan,0.04163,nan,-0.15068,-0.25942,-0.36816,-0.4769,-0.5856399999999999,-0.85749,nan,-1.1052,-1.1777,-1.2351,-1.2894,-1.3438,-1.3982,nan,-1.4717,nan,-1.5079,-1.526,-1.5422,-1.5422,-1.5422,-1.5361,-1.518,-1.517,nan,-1.4888,-1.4707,-1.4525,nan,-1.4163,-1.38,nan,nan,-1.2965,-1.2602,-1.224,-1.1877,-1.1515,-1.1152,-1.079,-1.0428,-1.0065,-0.97026,-0.932,-0.8776299999999999,-0.83635,-0.79406,-0.73969,nan,-0.65612,-0.60175,-0.54738,-0.5071100000000001,nan,-0.43461000000000005,-0.38024,-0.33695,nan,-0.26445,-0.22821,-0.20001,-0.18087999999999999,-0.14464000000000002,nan,-0.10235,-0.084227,nan,-0.057041999999999995,-0.055028,-0.036904,-0.044959,-0.063083,-0.081206,nan,nan,nan,-0.12853,nan,-0.1396,-0.15773,-0.15773,-0.15773,-0.16175,-0.17987999999999998,-0.1829,-0.1829,nan,-0.1829,nan,-0.20806999999999998,-0.20806999999999998,nan,nan,-0.23324,-0.23324,-0.24633000000000002,-0.26445,-0.28258,-0.31782,-0.34399,-0.36514,-0.40139
4.0,0.5950300000000001,nan,0.6642600000000001,nan,nan,0.68734,0.68734,0.68734,0.68734,0.68734,0.68734,0.68734,0.68734,0.68734,0.68734,0.68734,0.68734,nan,0.68734,0.68734,0.68272,0.6663399999999999,0.64995,0.63357,0.6171800000000001,0.6008,0.58441,0.5641,0.53133,0.49856000000000006,0.46579,0.43278999999999995,0.38363,nan,nan,0.23963,nan,0.13162000000000001,nan,0.00054215,-0.064999,-0.13308,-0.215,-0.29693,-0.37886,-0.46078,-0.54271,-0.62464,-0.7065600000000001,-0.7884899999999999,-0.85888,-0.92442,-0.9899600000000001,-1.0555,-1.121,-1.1854,-1.2346,-1.2837,-1.3329,-1.382,-1.4174,-1.443,-1.4598,-1.4926,-1.5051,-1.5085,-1.5249,-1.515,-1.4986,-1.4822,-1.4658,-1.44,-1.4072,-1.3744,-1.3292,-1.2743,-1.2087,-1.1432,nan,-1.01,-0.92811,-0.8461799999999999,-0.75918,-0.66087,-0.5625600000000001,-0.46424,-0.36593000000000003,-0.26761999999999997,-0.16931,-0.070999,0.027312,0.12562,0.23131999999999997,0.34531999999999996,0.44364,nan,0.6171800000000001,0.71549,0.8138,0.9054200000000001,0.98735,1.0693,1.1512,nan,nan,1.3612,nan,nan,nan,1.5823,1.6151,1.6478,1.6686,1.685,nan,1.6878,1.6714,1.655,1.6386,1.6109,1.5735,1.5244,1.4752,1.4184,1.3529,1.2874,1.2112,1.1293,1.0474,0.95181,0.8535,0.7551899999999999,0.65687,0.54864,0.43717,0.33886,0.22763000000000003,0.11292999999999999,-0.0017656,-0.10054,-0.20808000000000001,-0.32024,nan,-0.51686,-0.61517,-0.71348,nan,-0.9015700000000001,nan,-1.0654,-1.1358,-1.2013,-1.2669,-1.3324,-1.3823,-1.4162,-1.4654,-1.5037,-1.5323,nan,-1.5651,-1.5743,-1.5738,-1.5574,-1.5411,-1.5212,-1.4884,nan,-1.4164,nan,-1.3181,-1.2595,-1.194,-1.1284,-1.0504,-0.96849,-0.8865700000000001,-0.8201,-0.74579,nan,-0.56348,nan,-0.39501,-0.31309000000000003,-0.23116,-0.14923,-0.06592200000000001,0.032389999999999995,0.11962,0.20155,0.28348,0.37948000000000004,0.47041000000000005,0.55233,nan,0.71618,0.79442,0.8599600000000001,0.93889,1.0141,nan,nan,nan,1.2502,1.2994,1.3485,nan,1.4244,nan,1.49,nan,1.5368,1.5532,1.5643,1.5643,1.5493,nan,1.5149,1.4821,nan,1.412,1.3628,nan,1.2569,1.1904,nan,1.0266,0.94465,0.8627299999999999,0.7671899999999999,0.66888,nan,0.45564,0.35086,0.24931999999999999,0.13462000000000002,0.019928,-0.10099999999999999,-0.23208,-0.34724,-0.46193999999999996,-0.57663,nan,-0.80603,-0.9151799999999999,-1.0135,-1.1118,-1.2016,-1.2835,-1.3654,-1.4243,-1.4783,-1.5438,-1.5803,-1.6131,-1.6447,-1.6611,-1.6774,-1.6938,-1.7102,-1.7128,nan,-1.6892,-1.6728,-1.6564,-1.6366,nan,-1.5711,-1.5383,-1.5055,nan,nan,-1.3352,-1.286,-1.2244,-1.1589,nan,-1.0278,nan,nan,-0.8311799999999999,-0.7538699999999999,-0.67194,-0.59002,nan,-0.42617,-0.34424,-0.26231,-0.19147,-0.11715,-0.018843000000000002,0.051313,0.12424,0.20617,0.28809,0.35963,0.42517,0.49071000000000004,0.54287,0.59872,nan,nan,nan,0.8087300000000001,0.8415,0.8742700000000001,0.91304,0.96219,0.97996,nan,1.0358,1.0522,nan,nan,nan,1.1408,1.1572,1.1736,1.19,1.195,1.1997,1.216,1.2324,1.2412,nan,1.2239,nan,nan,1.1747,1.1584,1.1420000000000001,1.1256,1.1092,1.0928,nan,1.0404,nan,nan,0.9421200000000001,0.8934200000000001,0.8442700000000001,0.79511,0.7459600000000001,0.68457,0.62457,0.5754100000000001,0.51102,0.44548000000000004,0.38179,0.33263000000000004,0.27194,0.2064,0.14085999999999999,0.07531399999999999,0.009773299999999999,-0.055768,-0.12130999999999999,nan,-0.24824000000000002,-0.29739,-0.34655,nan,-0.4444,-0.47717,nan,nan,-0.5556300000000001,-0.58517,nan,-0.6278699999999999,-0.6119399999999999,-0.5955600000000001,nan,-0.58194,-0.56948,-0.55309,-0.53671,-0.52032,-0.5039399999999999,-0.48963,-0.48963,-0.47786000000000006,-0.46148,-0.44509,-0.44347,-0.44347,-0.44209,nan,-0.4204,-0.4204,nan,nan,-0.44347,-0.44347,-0.44347,-0.45386000000000004,nan,-0.48663
